id_signal,categorie,date_evenement,organisation_concernee,resume_neutre,id_source_exacte,reference_exacte,passage_justificatif,nature_information,niveau_confiance,niveau_confidentialite,droits_reutilisation,statut_validation,statut_doublon,statut_contradiction,date_extraction,extracteur,notes,perspective_corpus,theme,sous_theme,niveau_valeur,type_signal_demande,domaine_service,capacite_operationnelle,modele_economique,segment_client,horizon,auteur_idee,statut_public_ou_entretien
SIG-PUB-ESET-001,Acquisition / cession,46162,ESET,ESET a annoncé un projet de reprise des activités ESET France opérées par ATHENA Global Services.,SRC-PUB-ESET-001,01_sources_brutes/02_publiques_primaires/2026-05-20_ESET_eset-france-transition.html | Paragraphe d’ouverture,"ESET, acteur majeur de la cybersécurité en Europe et dans le monde, a annoncé son projet de reprise des activités ESET France actuellement opérées par ATHENA Global Services.",Factuel,Élevée,Public — mutualisable,Citation courte / analyse seulement,À valider,Pas de doublon détecté,Pas de contradiction détectée,46216.66148851852,Codex,Nature précise=Fait annoncé | Auteur=ESET France | Thème=Stratégie | Sous-thème=Acquisition et implantation directe | Type de source=Publique primaire | Géographie=France — national | Utilité potentielle=Stratégie; go-to-market; channel; analyse concurrentielle | Décision qualité=À conserver — valeur analytique forte | Usages analytiques=stratégie; changement important; go-to-market,,,,,,,,,,,,
SIG-PUB-ESET-003,Changement organisationnel,46162,ESET,"Au 20 mai 2026, le rapprochement restait en finalisation, avec consultation du personnel et un objectif d’effet complet au 1er juillet 2026 selon Julien Jean.",SRC-PUB-ESET-001,01_sources_brutes/02_publiques_primaires/2026-05-20_ESET_eset-france-transition.html | Paragraphes sur le statut et le calendrier du projet,"Toutefois, ce rapprochement demeure à ce stade un projet en cours de finalisation. Le processus inclut notamment les procédures d’information et de consultation des Instances Représentatives du Personnel ainsi que la synchronisation des mécanismes opérationnels et organisationnels nécessaires à cette transition. « Ce rapprochement, actuellement à l’état de projet et en phase de finalisation, devrait être pleinement effectif à compter du 1er juillet 2026 », précise Julien JEAN.",Factuel,Élevée,Public — mutualisable,Citation courte / analyse seulement,À valider,Pas de doublon détecté,Pas de contradiction détectée,46216.6601905787,Codex,Nature précise=Fait | Auteur=ESET France | Thème=Stratégie | Sous-thème=Processus de transition | Type de source=Publique primaire | Géographie=France — national | Utilité potentielle=Stratégie; communication; ventes; channel | Statut temporel=Projet au 20 mai 2026 | Fusion analytique=SIG-PUB-ESET-004 | Décision qualité=À conserver — valeur analytique forte | Usages analytiques=stratégie; changement organisationnel; communication,,,,,,,,,,,,
SIG-PUB-ESET-005,Changement organisationnel,46162,ESET,"ESET indiquait que les interlocuteurs, engagements commerciaux et l’organisation opérationnelle des partenaires et clients resteraient inchangés durant la transition.",SRC-PUB-ESET-001,01_sources_brutes/02_publiques_primaires/2026-05-20_ESET_eset-france-transition.html | Paragraphe sur la continuité,"Pour les partenaires et clients, les modalités de collaboration resteraient inchangées : les interlocuteurs habituels, les engagements commerciaux et l’organisation opérationnelle seraient préservés durant cette transition.",Interprétatif,Élevée,Public — mutualisable,Citation courte / analyse seulement,À valider,Pas de doublon détecté,Pas de contradiction détectée,46216.6601905787,Codex,Nature précise=Déclaration institutionnelle | Auteur=ESET France | Thème=Channel | Sous-thème=Continuité partenaires et clients | Type de source=Publique primaire | Géographie=France — national | Utilité potentielle=Channel; ventes; communication; go-to-market | Décision qualité=À conserver — information de contexte | Usages analytiques=channel; ventes; communication,,,,,,,,,,,,
SIG-PUB-ESET-006,Positionnement,46162,ESET,Julien Jean déclare que le marché français est devenu le deuxième plus grand marché d’ESET en Europe.,SRC-PUB-ESET-001,01_sources_brutes/02_publiques_primaires/2026-05-20_ESET_eset-france-transition.html | Citation finale de Julien Jean,"« Nous sommes fiers du travail accompli aux côtés d’ESET depuis de nombreuses années. Voir aujourd’hui le marché français devenir le deuxième plus grand marché d’Europe est une véritable reconnaissance du travail accompli. Cette nouvelle étape offrira de belles perspectives de développement pour les équipes, les partenaires et les clients », conclut Julien JEAN.",Interprétatif,Élevée,Public — mutualisable,Citation courte / analyse seulement,À valider,Pas de doublon détecté,Pas de contradiction détectée,46216.6601905787,Codex,Nature précise=Déclaration | Auteur=Julien Jean | Thème=Stratégie | Sous-thème=Rang du marché français | Type de source=Publique primaire | Géographie=France — national | Utilité potentielle=Stratégie; communication; analyse concurrentielle | Décision qualité=À conserver — valeur analytique forte | Usages analytiques=positionnement; analyse concurrentielle; marché,,,,,,,,,,,,
SIG-PUB-ESET-007,Investissement / R&D,46161,ESET,"ESET engage un investissement de 40 millions d’euros, soutenu par un plan de recrutement sur trois ans devant porter la R&D à 1 000 chercheurs et ingénieurs, autour de trois axes liés à l’IA cyber.",SRC-PUB-ESET-002,01_sources_brutes/02_publiques_primaires/2026-05-19_ESET_investissement-ia-agentique.html | Section sur le plan de recrutement et les trois axes,"Soutenu par un plan de recrutement sur trois ans portant l’équipe R&D d’ESET à 1 000 chercheurs et ingénieurs, l’investissement de 40 millions d’euros se concentrera sur trois axes stratégiques : modèles d’IA indépendants dédiés à la sécurité numérique Solutions complètes de défense en profondeur des briques d’IA Nouvelle génération de SOC boostés à l’IA",Factuel,Élevée,Public — mutualisable,Citation courte / analyse seulement,À valider,Pas de doublon détecté,Pas de contradiction détectée,46216.6601905787,Codex,"Nature précise=Fait | Auteur=ESET | Thème=Stratégie | Sous-thème=Investissement IA | Type de source=Publique primaire | Géographie=International | Utilité potentielle=Stratégie; produit; communication; analyse concurrentielle | Fusion analytique=SIG-PUB-ESET-008, SIG-PUB-ESET-009 | Décision qualité=À conserver — valeur analytique forte | Usages analytiques=stratégie; innovation; analyse concurrentielle",,,,,,,,,,,,
SIG-PUB-ESET-010,Investissement / R&D,46161,ESET,"Depuis mars 2026, ESET déclare avoir analysé près de 800 000 skills IA, en avoir signalé environ 25 000 comme suspects et bloqué plus de 3 000 comme malveillants.",SRC-PUB-ESET-002,01_sources_brutes/02_publiques_primaires/2026-05-19_ESET_investissement-ia-agentique.html | Troisième point clé,"Depuis mars 2026, ESET a analysé près de 800 000 skills IA uniques, en a signalé environ 25 000 comme suspectes et en a bloqué plus de 3 000 comme malveillantes.",Factuel,Élevée,Public — mutualisable,Citation courte / analyse seulement,À valider,Pas de doublon détecté,Pas de contradiction détectée,46216.6601905787,Codex,Nature précise=Fait | Auteur=ESET | Thème=Produit | Sous-thème=Télémétrie sur les skills IA | Type de source=Publique primaire | Géographie=International | Utilité potentielle=Produit; marketing; communication; analyse concurrentielle | Mesure déclarée par l’éditeur | Fusion analytique=SIG-PUB-ESET-011 | Décision qualité=À conserver — information de contexte | Usages analytiques=signal faible; produit; communication,,,,,,,,,,,,
SIG-PUB-ESET-013,Positionnement,46161,ESET,Richard Marko présente l’IA comme une nouvelle surface d’attaque et relie l’investissement d’ESET à l’indépendance technologique et à la souveraineté européenne.,SRC-PUB-ESET-002,01_sources_brutes/02_publiques_primaires/2026-05-19_ESET_investissement-ia-agentique.html | Citations de Richard Marko et paragraphe sur la souveraineté,"« La cybersécurité entre dans une nouvelle ère », déclare Richard Marko, CEO d’ESET. « L’intelligence artificielle n’est plus seulement un outil de défense, elle devient elle-même une partie de la surface d’attaque. Notre investissement vise à faire en sorte que l’IA renforce la cybersécurité plutôt que de l’affaiblir. Nous développons des technologies capables de protéger les organisations dans un monde agentique. » Cette initiative vise à renforcer l’indépendance technologique d’ESET et la souveraineté européenne dans le domaine de la cybersécurité, alors que l’accès aux systèmes d’IA est de plus en plus concentré entre les mains d’un petit nombre de grandes entreprises technologiques mondiales.",Interprétatif,Élevée,Public — mutualisable,Citation courte / analyse seulement,À valider,Pas de doublon détecté,Pas de contradiction détectée,46216.6601905787,Codex,Nature précise=Déclaration institutionnelle | Auteur=ESET | Thème=Stratégie | Sous-thème=Souveraineté technologique européenne | Type de source=Publique primaire | Géographie=Europe | Utilité potentielle=Stratégie; communication; marketing; analyse concurrentielle | Fusion analytique=SIG-PUB-ESET-012 | Décision qualité=À conserver — valeur analytique forte | Usages analytiques=positionnement; souveraineté; communication,,,,,,,,,,,,
SIG-PUB-ESET-014,Évolution d’offre,46161,ESET,ESET prévoit d’optimiser ses modèles IA de sécurité à partir de sa télémétrie et de ses renseignements sur les menaces accumulés sur 35 ans.,SRC-PUB-ESET-002,01_sources_brutes/02_publiques_primaires/2026-05-19_ESET_investissement-ia-agentique.html | Paragraphe sur les modèles IA,"Contrairement aux systèmes d’AI généralistes entraînés sur de larges contenus Internet, les modèles d’ESET seront optimisés à partir de la télémétrie et des renseignements sur les menaces (IOCs CTI) collectés au cours des 35 années d’existence de l’entreprise.",Factuel,Élevée,Public — mutualisable,Citation courte / analyse seulement,À valider,Pas de doublon détecté,Pas de contradiction détectée,46216.6601905787,Codex,Nature précise=Fait | Auteur=ESET | Thème=Produit | Sous-thème=Données d’entraînement des modèles cyber | Type de source=Publique primaire | Géographie=International | Utilité potentielle=Produit; stratégie; marketing; analyse concurrentielle | Décision qualité=À conserver — valeur analytique forte | Usages analytiques=produit; stratégie IA; analyse concurrentielle,,,,,,,,,,,,
SIG-PUB-ESET-015,Partenariat,46156,ESET,"L’intégration d’ESET PROTECT à Sekoia Defend relie la protection des endpoints à la détection pilotée par l’IA, à la corrélation enrichie et à l’automatisation de la réponse.",SRC-PUB-ESET-003,01_sources_brutes/02_publiques_primaires/2026-05-14_ESET_integration-eset-sekoia.html | Paragraphe sur le fonctionnement de l’intégration,"L’intégration entre ESET PROTECT et Sekoia Defend associe ainsi la protection des endpoints aux capacités de détection pilotées par l’IA au sein d’un flux de travail unifié. En transférant la télémétrie et les alertes issues des endpoints d’ESET PROTECT vers Sekoia Defend, cette intégration permet une corrélation enrichie des données, l’application de mécanismes avancés de détection et l’automatisation des actions de réponse.",Factuel,Élevée,Public — mutualisable,Citation courte / analyse seulement,À valider,Pas de doublon détecté,Pas de contradiction détectée,46216.6601905787,Codex,"Nature précise=Fait | Auteur=ESET France | Thème=Partenariats | Sous-thème=Intégration ESET-Sekoia | Type de source=Publique primaire | Géographie=Europe | Utilité potentielle=Stratégie; produit; channel; analyse concurrentielle | Fusion analytique=SIG-PUB-ESET-016, SIG-PUB-ESET-017 | Décision qualité=À conserver — valeur analytique forte | Usages analytiques=partenariats; produit; go-to-market",,,,,,,,,,,,
SIG-PUB-ESET-019,Partenariat,46156,ESET,ESET positionne l’intégration avec Sekoia dans une stratégie d’écosystème ouvert et de technologies de confiance conçues en Europe.,SRC-PUB-ESET-003,01_sources_brutes/02_publiques_primaires/2026-05-14_ESET_integration-eset-sekoia.html | Citation complète de Wolf Schumacher,"« Chez ESET, nos clients sont au cœur de toutes nos décisions. La création d’un écosystème de sécurité ouvert, en collaboration avec des partenaires partageant notre vision, constitue un élément clé de cet engagement », explique Wolf Schumacher, Vice-président des partenariats et alliances mondiaux chez ESET. « Les responsables de la sécurité, les SOC et les fournisseurs de services de sécurité managés (MSSP) sont constamment confrontés à la nécessité de simplifier leurs opérations sans compromettre leur visibilité ni leur niveau de protection. En intégrant ESET PROTECT à Sekoia Defend, nous associons notre expertise en télémétrie endpoint à forte valeur analytique aux capacités XDR avancées de Sekoia. Cette complémentarité permet d’offrir davantage de contexte, une réponse plus rapide et une gestion des menaces plus efficace. En tant qu’acteurs européens de la cybersécurité, nous sommes également fiers d’accompagner les organisations qui privilégient des technologies de confiance conçues en Europe. »",Interprétatif,Élevée,Public — mutualisable,Citation courte / analyse seulement,À valider,Pas de doublon détecté,Pas de contradiction détectée,46216.6601905787,Codex,Nature précise=Déclaration | Auteur=Wolf Schumacher | Thème=Stratégie | Sous-thème=Écosystème ouvert | Type de source=Publique primaire | Géographie=International | Utilité potentielle=Stratégie; channel; communication; analyse concurrentielle | Fusion analytique=SIG-PUB-ESET-020 | Décision qualité=À conserver — valeur analytique forte | Usages analytiques=positionnement; channel; souveraineté,,,,,,,,,,,,
SIG-PUB-ESET-021,Évolution d’offre,45741,ESET,"ESET étend son MDR aux MSP sous forme de complément à PROTECT Enterprise ou Elite, avec surveillance 24/7, réponse annoncée jusqu’à 20 minutes, moteur assisté par IA et facturation selon les postes couverts.",SRC-PUB-ESET-004,"01_sources_brutes/02_publiques_primaires/2025-03-25_ESET_mdr-msp.html | Paragraphes sur le service, le positionnement MSP et la facturation","Pour permettre aux MSP de faire face, ESET met désormais à leur disposition son service MDR. Celui-ci comprend une surveillance 24/7, avec détection proactive des menaces et des temps de réponse rapides (jusqu'à 20 minutes). Géré par des experts au fait des dernières menaces et TTPs, ce service s’appuie sur une combinaison puissante : un moteur de détection réputé assisté par l'Intelligence Artificielle. D’autre part, le large panel de fonctionnalités disponible permet de remplir de nombreuses conditions liées à la conformité réglementaire (NIS2, RGPD, DORA…). « Le métier de MSP est exigeant, il faut jongler entre les attentes des clients, la gestion de ses ressources humaines et sa propre sécurité. Nous comprenons cette complexité. Notre solution MDR destinée aux MSP vise à les protéger tout en sécurisant leurs clients, c’est un atout pour leur pérennité. », commente Thierry Defois, Directeur des opérations chez ESET France. Le service ESET MDR pour MSP est proposé en complément des abonnements ESET PROTECT Enterprise ou Elite, avec facturation quotidienne ou mensuelle selon le nombre de postes à couvrir.",Factuel,Élevée,Public — mutualisable,Citation courte / analyse seulement,À valider,Pas de doublon détecté,Pas de contradiction détectée,46216.6601905787,Codex,"Nature précise=Fait | Auteur=ESET France | Thème=Channel | Sous-thème=Offre MDR pour MSP | Type de source=Publique primaire | Géographie=International | Utilité potentielle=Channel; produit; ventes; go-to-market | Fusion analytique=SIG-PUB-ESET-022, SIG-PUB-ESET-023, SIG-PUB-ESET-025 | Décision qualité=À conserver — valeur analytique forte | Usages analytiques=channel; MSP/MSSP; ventes; go-to-market",,,,,,,,,,,,
SIG-PUB-ESET-028,Évolution d’offre,46104,ESET,"ESET renforce PROTECT par des rapports comportementaux augmentés par l’IA, des fonctions d’investigation EDR/XDR avancées et l’intégration d’ESET AI Advisor dans la console.",SRC-PUB-ESET-005,"01_sources_brutes/02_publiques_primaires/2026-03-23_ESET_evolution-protect.html | Paragraphes LiveGuard, EDR/XDR et AI Advisor","ESET LiveGuard Advanced s’enrichit de rapports comportementaux avancés, désormais augmentés par l’intelligence artificielle. Les analyses du sandbox cloud d’ESET identifient les caractéristiques des fichiers suspects et suggèrent des mesures automatisées. Pour les organisations dotées de XDR, des synthèses IA accompagnent ces rapports afin de faciliter l’interprétation et accélérer la gestion des incidents complexes. Les capacités EDR et XDR évoluent également avec l’introduction de graphiques d’incidents améliorés et de fonctions d’investigation avancées. Ces nouvelles visualisations offrent une lecture claire du déroulement des attaques, permettant d’identifier rapidement leur point d’entrée et de suivre leur propagation. Les incidents incluent un contexte enrichi sur les identités pour améliorer les enquêtes et l’efficacité des équipes de sécurité. ESET intègre désormais ESET AI Advisor directement dans la console ESET PROTECT, permettant aux équipes sécurité d’accéder facilement à des analyses et recommandations centralisées.",Factuel,Élevée,Public — mutualisable,Citation courte / analyse seulement,À valider,Pas de doublon détecté,Pas de contradiction détectée,46216.6601905787,Codex,"Nature précise=Fait | Auteur=ESET France | Thème=Produit | Sous-thème=Sandbox et rapports IA | Type de source=Publique primaire | Géographie=International | Utilité potentielle=Produit; ventes; marketing; analyse concurrentielle | Fusion analytique=SIG-PUB-ESET-029, SIG-PUB-ESET-030 | Décision qualité=À conserver — information de contexte | Usages analytiques=produit; analyse concurrentielle; signal faible",,,,,,,,,,,,
SIG-PUB-ESET-031,Certification / qualification,46099,ESET,"ESET Endpoint Security pour Windows a obtenu la certification Common Criteria en catégorie EDR, qu’ESET positionne notamment pour le secteur public français, les OIV et les futures entités NIS2.",SRC-PUB-ESET-006,01_sources_brutes/02_publiques_primaires/2026-03-18_ESET_certification-common-criteria.html | Paragraphes sur la certification et citation de Benoit Grunemwald,"ESET est fier d’annoncer que sa solution ESET Endpoint Security pour Windows a obtenu la certification Common Criteria (CC), s’appuyant sur le profil de protection « Protection Profile for Software Applications (PP) », dans la catégorie EDR (Endpoint Detection and Response) Les Critères Communs (ISO/IEC 15408) constituent une norme internationale de référence pour l’évaluation de la sécurité des composants des systèmes d’informations. Ils représentent une exigence essentielle pour les organisations opérant dans des secteurs tels que les administrations publiques, les infrastructures critiques, la santé, la finance et, plus largement, tous les environnements fortement réglementés. Les critères communs sont un ensemble de normes internationales (ISO 15408), dont l’objectif est d’évaluer de façon impartiale les solutions et systèmes de sécurité. Développé initialement en 1994 par les États-Unis, le Canada, la France, l’Allemagne, le Royaume-Uni et les Pays-Bas, ce référentiel bénéficie aujourd’hui d’une reconnaissance européenne et mondiale à travers l’accord du Common Criteria Recognition Arrangement (CCRA). « Ce standard mondial en matière de cybersécurité permettra notamment aux entreprises du secteur public français et aux opérateurs d’importance vitale (OIV) et futur Entités Essentielles et Entités Importantes, tels que définies par la Directive NIS2, d’améliorer leur posture de cybersécurité en s’appuyant sur une solution XDR certifiée. » commente Benoit GRUNEMWALD, Directeur des Affaires Publiques chez ESET France.",Factuel,Élevée,Public — mutualisable,Citation courte / analyse seulement,À valider,Pas de doublon détecté,Pas de contradiction détectée,46216.6601905787,Codex,"Nature précise=Fait | Auteur=ESET France | Thème=Réglementation | Sous-thème=Certification Common Criteria | Type de source=Publique primaire | Géographie=International | Utilité potentielle=Ventes; produit; communication; analyse concurrentielle | Certificat institutionnel à vérifier directement | Fusion analytique=SIG-PUB-ESET-032, SIG-PUB-ESET-033 | Décision qualité=À conserver — valeur analytique forte | Usages analytiques=réglementation; ventes; secteur public",,,,,,,,,,,,
SIG-PUB-ESET-035,Étude de marché,46175,ESET,"Dans l’étude réalisée par Go4Insight pour ESET, 73 % des entreprises françaises se disent préoccupées par une cyberattaque prochaine et 78 % confiantes dans leur résilience cyber.",SRC-PUB-ESET-007,01_sources_brutes/02_publiques_primaires/2026-06-02_ESET_etude-pme-france.html | Paragraphe sur inquiétude et confiance,"Selon l’enquête, 73 % des entreprises françaises se disent préoccupées par le risque de subir une cyberattaque dans les douze prochains mois, tandis que 78 % affirment être confiantes dans leur résilience cyber.",Factuel,Moyenne,Public — mutualisable,Citation courte / analyse seulement,À valider,Pas de doublon détecté,Pas de contradiction détectée,46216.6601905787,Codex,Nature précise=Fait | Auteur=Go4Insight pour ESET | Thème=Stratégie | Sous-thème=Perception du risque et résilience | Type de source=Publique primaire | Géographie=France — national | Utilité potentielle=Stratégie; marketing; ventes; communication | Attribution analytique=Étude réalisée par Go4Insight pour ESET; méthodologie et représentativité à valider | Décision qualité=À conserver — valeur analytique forte | Usages analytiques=analyse du marché; communication,,,,,,,,,,,,
SIG-PUB-ESET-036,Étude de marché,46175,ESET,"Dans l’étude réalisée par Go4Insight pour ESET, 44 % des organisations déclarent avoir subi au moins un incident cyber en douze mois, dont 12 % plusieurs incidents.",SRC-PUB-ESET-007,01_sources_brutes/02_publiques_primaires/2026-06-02_ESET_etude-pme-france.html | Paragraphe sur les incidents,"44 % des organisations interrogées déclarent avoir subi au moins un incident de cybersécurité au cours des douze derniers mois, dont 12 % plusieurs incidents.",Factuel,Moyenne,Public — mutualisable,Citation courte / analyse seulement,À valider,Pas de doublon détecté,Pas de contradiction détectée,46216.6601905787,Codex,Nature précise=Fait | Auteur=Go4Insight pour ESET | Thème=Stratégie | Sous-thème=Incidence des cyberattaques | Type de source=Publique primaire | Géographie=France — national | Utilité potentielle=Stratégie; marketing; ventes; communication | Attribution analytique=Étude réalisée par Go4Insight pour ESET; méthodologie et représentativité à valider | Décision qualité=À conserver — valeur analytique forte | Usages analytiques=analyse du marché; ventes,,,,,,,,,,,,
SIG-PUB-ESET-037,Étude de marché,46175,ESET,"Dans l’étude réalisée par Go4Insight pour ESET, les causes les plus citées sont le phishing à 31 %, les vulnérabilités non corrigées à 24 % et les mauvaises pratiques d’accès à 20 %.",SRC-PUB-ESET-007,01_sources_brutes/02_publiques_primaires/2026-06-02_ESET_etude-pme-france.html | Paragraphe sur les incidents,"Les causes les plus fréquentes identifiées sont les campagnes d’hameçonnage (31 %), les vulnérabilités non corrigées (24 %) et les mauvaises pratiques de gestion des accès et des comptes (20 %).",Factuel,Moyenne,Public — mutualisable,Citation courte / analyse seulement,À valider,Pas de doublon détecté,Pas de contradiction détectée,46216.6601905787,Codex,Nature précise=Fait | Auteur=Go4Insight pour ESET | Thème=Produit | Sous-thème=Vecteurs et causes d’incident | Type de source=Publique primaire | Géographie=France — national | Utilité potentielle=Produit; marketing; ventes; analyse concurrentielle | Attribution analytique=Étude réalisée par Go4Insight pour ESET; méthodologie et représentativité à valider | Décision qualité=À conserver — information de contexte | Usages analytiques=analyse du marché; produit; marketing,,,,,,,,,,,,
SIG-PUB-ESET-038,Étude de marché,46175,ESET,"Dans l’étude réalisée par Go4Insight pour ESET, 66 % des organisations déclarent intégrer l’IA, 72 % reconnaître de nouveaux risques de sécurité et 62 % avoir une politique d’usage.",SRC-PUB-ESET-007,01_sources_brutes/02_publiques_primaires/2026-06-02_ESET_etude-pme-france.html | Liste sur l’adoption et la gouvernance de l’IA,"L’IA est déjà largement adoptée, mais les risques inhérents à son usage sont encore trop peu encadrés : 66 % des organisations l'intègrent dans leurs activités ; 72 % reconnaissent qu'elle introduit de nouveaux risques de sécurité ; 62 % ont déjà mis en place une politique encadrant son utilisation.",Factuel,Moyenne,Public — mutualisable,Citation courte / analyse seulement,À valider,Pas de doublon détecté,Pas de contradiction détectée,46216.6601905787,Codex,"Nature précise=Fait | Auteur=Go4Insight pour ESET | Thème=Stratégie | Sous-thème=Adoption de l’IA | Type de source=Publique primaire | Géographie=France — national | Utilité potentielle=Stratégie; produit; marketing; ventes | Fusion analytique=SIG-PUB-ESET-039, SIG-PUB-ESET-040 | Attribution analytique=Étude réalisée par Go4Insight pour ESET; méthodologie et représentativité à valider | Décision qualité=À conserver — valeur analytique forte | Usages analytiques=analyse du marché; stratégie IA; réglementation",,,,,,,,,,,,
SIG-PUB-ESET-041,Étude de marché,46175,ESET,"Dans l’étude réalisée par Go4Insight pour ESET, 87 % jugent la formation cyber importante ou critique, 41 % la citent comme investissement futur et 45 % déclarent utiliser des simulations de phishing.",SRC-PUB-ESET-007,01_sources_brutes/02_publiques_primaires/2026-06-02_ESET_etude-pme-france.html | Paragraphe sur la formation et les simulations de phishing,"87 % considèrent la formation à la cybersécurité comme importante ou critique, et l’investissement le plus souvent cité pour les douze prochains mois concerne précisément la formation et la sensibilisation des employés (41 %). Les simulations de phishing gagnent également du terrain, puisque 45 % des organisations déclarent déjà y avoir recours.",Factuel,Moyenne,Public — mutualisable,Citation courte / analyse seulement,À valider,Pas de doublon détecté,Pas de contradiction détectée,46216.6601905787,Codex,"Nature précise=Fait | Auteur=Go4Insight pour ESET | Thème=Marketing | Sous-thème=Importance de la sensibilisation | Type de source=Publique primaire | Géographie=France — national | Utilité potentielle=Marketing; ventes; produit; stratégie | Fusion analytique=SIG-PUB-ESET-042, SIG-PUB-ESET-043 | Attribution analytique=Étude réalisée par Go4Insight pour ESET; méthodologie et représentativité à valider | Décision qualité=À conserver — valeur analytique forte | Usages analytiques=marketing; ventes; analyse du marché",,,,,,,,,,,,
SIG-PUB-ESET-044,Étude de marché,46175,ESET,"Dans l’étude réalisée par Go4Insight pour ESET, 83 % prêtent attention à la localisation des données, 79 % à l’origine du fournisseur et 77 % déclarent préférer des entreprises européennes.",SRC-PUB-ESET-007,01_sources_brutes/02_publiques_primaires/2026-06-02_ESET_etude-pme-france.html | Liste sur les critères de souveraineté,Autre enseignement notable : les critères de souveraineté prennent de l’importance dans les décisions d’achat. 83 % des entreprises portent attention à la localisation des données ; 79 % considèrent le pays d'origine du fournisseur comme un critère important ; 77 % déclarent préférer des solutions de cybersécurité proposées par des entreprises européennes.,Factuel,Moyenne,Public — mutualisable,Citation courte / analyse seulement,À valider,Pas de doublon détecté,Pas de contradiction détectée,46216.6601905787,Codex,"Nature précise=Fait | Auteur=Go4Insight pour ESET | Thème=Stratégie | Sous-thème=Localisation des données | Type de source=Publique primaire | Géographie=France — national | Utilité potentielle=Stratégie; ventes; marketing; communication | Fusion analytique=SIG-PUB-ESET-045, SIG-PUB-ESET-046 | Attribution analytique=Étude réalisée par Go4Insight pour ESET; méthodologie et représentativité à valider | Décision qualité=À conserver — valeur analytique forte | Usages analytiques=souveraineté; analyse du marché; positionnement",,,,,,,,,,,,
SIG-PUB-ESET-047,Lancement d’offre,46160,ESET,"ESET déploie mondialement ESET PRIVATE, une offre sur mesure ciblant les grandes entreprises, le secteur public, la défense, les infrastructures critiques et les institutions gouvernementales.",SRC-PUB-ESET-008,01_sources_brutes/02_publiques_primaires/2026-05-18_ESET_private.html | Ouverture et paragraphe sur les segments cibles,"ESET, premier éditeur européen * de cybersécurité, annonce le déploiement mondial de son offre ESET PRIVATE. Les grandes organisations gèrent des infrastructures de plus en plus hétérogènes, tout en faisant face à des exigences réglementaires croissantes et à une surface d'attaque en constante expansion. Dans ce contexte, les offres standardisées atteignent rapidement leurs limites. Pour garantir la continuité opérationnelle une protection sur mesure, nativement intégrée à l'architecture existante, devient indispensable. En réponse à ces enjeux, ESET PRIVATE a été conçu pour offrir une expérience de cybersécurité personnalisée et à forte valeur, adaptée aux environnements complexes des grandes entreprises et des organisations du secteur public, qu'il s'agisse des multinationales, des acteurs de la défense, des opérateurs d'infrastructures critiques ou des institutions gouvernementales.",Factuel,Élevée,Public — mutualisable,Citation courte / analyse seulement,À valider,Pas de doublon détecté,Pas de contradiction détectée,46216.6601905787,Codex,Nature précise=Fait | Auteur=ESET France | Thème=Produit | Sous-thème=Lancement ESET PRIVATE | Type de source=Publique primaire | Géographie=International | Utilité potentielle=Produit; stratégie; ventes; communication | Fusion analytique=SIG-PUB-ESET-048 | Décision qualité=À conserver — valeur analytique forte | Usages analytiques=stratégie; positionnement; ventes,,,,,,,,,,,,
SIG-PUB-ESET-051,Positionnement,46160,ESET,Thierry Defois déclare qu’ESET veut évoluer de fournisseur de protection vers partenaire stratégique proposant des solutions sur mesure.,SRC-PUB-ESET-008,01_sources_brutes/02_publiques_primaires/2026-05-18_ESET_private.html | Citation de Thierry Defois,"Face à la complexification de leurs architectures numériques et à une prolifération croissante d'outils et de données, le rôle d'ESET évolue en conséquence. D'un fournisseur de protection essentielle, nous devenons un partenaire stratégique, capable de proposer des solutions de sécurité sur mesure, adaptées au contexte métier, opérationnel et réglementaire de chaque organisation.",Interprétatif,Élevée,Public — mutualisable,Citation courte / analyse seulement,À valider,Pas de doublon détecté,Pas de contradiction détectée,46216.6601905787,Codex,Nature précise=Déclaration | Auteur=Thierry Defois | Thème=Stratégie | Sous-thème=Montée en valeur de l’offre | Type de source=Publique primaire | Géographie=International | Utilité potentielle=Stratégie; ventes; marketing; analyse concurrentielle | Décision qualité=À conserver — valeur analytique forte | Usages analytiques=positionnement; montée en gamme; ventes,,,,,,,,,,,,
SIG-PUB-ESET-052,Évolution d’offre,46114,ESET,ESET annonce des capacités de protection de l’IA intégrées à ESET PROTECT pour donner une visibilité centrale aux équipes IT et sécurité.,SRC-PUB-ESET-009,01_sources_brutes/02_publiques_primaires/2026-04-02_ESET_securite-ia-entreprise.html | Paragraphe d’ouverture,"ESET annonce de nouvelles capacités de protection de l’intelligence artificielle destinées à sécuriser les usages de l’IA par les collaborateurs dans toutes les organisations. Ces capacités apportent une visibilité directe sur les nouveaux risques liés aux usages de l’IA autant qu’au développement de l’IA agentique en entreprise. Intégrées à la plateforme ESET PROTECT, les équipes IT ou sécurité auront une visibilité centrale sur les nouveaux vecteurs que représente l’IA en entreprise.",Factuel,Élevée,Public — mutualisable,Citation courte / analyse seulement,À valider,Pas de doublon détecté,Pas de contradiction détectée,46216.6601905787,Codex,Nature précise=Fait | Auteur=ESET | Thème=Produit | Sous-thème=Sécurité des usages IA | Type de source=Publique primaire | Géographie=International | Utilité potentielle=Produit; ventes; marketing; analyse concurrentielle | Décision qualité=À conserver — valeur analytique forte | Usages analytiques=produit; stratégie IA; analyse concurrentielle,,,,,,,,,,,,
SIG-PUB-ESET-056,Partenariat,46114,ESET,ESET indique contribuer au sein de l’Agentic AI Foundation à la sécurisation des protocoles de communication des agents IA.,SRC-PUB-ESET-009,01_sources_brutes/02_publiques_primaires/2026-04-02_ESET_securite-ia-entreprise.html | Dernier paragraphe,"Enfin, au sein de l’Agentic AI Foundation, ESET contribue à la sécurisation des protocoles de communication des agents IA.",Factuel,Élevée,Public — mutualisable,Citation courte / analyse seulement,À valider,Pas de doublon détecté,Pas de contradiction détectée,46216.6601905787,Codex,Nature précise=Fait | Auteur=ESET | Thème=Partenariats | Sous-thème=Standards de sécurité pour agents IA | Type de source=Publique primaire | Géographie=International | Utilité potentielle=Stratégie; produit; communication; analyse concurrentielle | Décision qualité=À conserver — information de contexte | Usages analytiques=partenariats; réglementation future; signal faible,,,,,,,,,,,,
SIG-PUB-ESET-057,Évolution d’offre,45951,ESET,"ESET fait évoluer HOME Security pour les particuliers, TPE et autoentrepreneurs avec restauration post-ransomware, surveillance du microphone, inspecteur web et VPN Premium.",SRC-PUB-ESET-010,01_sources_brutes/02_publiques_primaires/2025-10-21_ESET_home-tpe-ransomware-vpn.html | Paragraphe d’ouverture,"ESET, acteur mondial de référence dans la protection des terminaux, annonce l’évolution de sa gamme ESET HOME Security dédiée aux particuliers, TPE et autoentrepreneurs. Les améliorations disponibles sont la restauration post-Ransomware, la surveillance du microphone et l'inspecteur de sécurité web ainsi que l’introduction du VPN ESET pour les utilisateurs d'ESET HOME Security Premium.",Factuel,Élevée,Public — mutualisable,Citation courte / analyse seulement,À valider,Pas de doublon détecté,Pas de contradiction détectée,46216.6601905787,Codex,Nature précise=Fait | Auteur=ESET France | Thème=Produit | Sous-thème=Gamme particuliers et TPE | Type de source=Publique primaire | Géographie=France — national | Utilité potentielle=Produit; ventes; marketing; analyse concurrentielle | Décision qualité=À conserver — information de contexte | Usages analytiques=marketing; TPE; évolution d’offre,,,,,,,,,,,,
SIG-PUB-ESET-061,Changement organisationnel,46161,ESET,ChannelNews rapporte que 133 salariés travaillant pour ESET France chez ATHENA devaient être transférés et qu’aucun licenciement n’était envisagé.,SRC-PUB-ESET-011,01_sources_brutes/03_publiques_secondaires/2026-05-19_ChannelNews_eset-athena.html | Paragraphe sur les effectifs,"Le transfert concerne 133 salariés, soit l’intégralité des effectifs travaillant aujourd’hui sur Athena Global Services pour ESET France. Thierry Defois, directeur des opérations d’Athena Global Services (photo), promet néanmoins une transition sans rupture : aucun licenciement n’est envisagé, les clients et les revendeurs garderont les mêmes interlocuteurs, l’organisation opérationnelle restera inchangée et l’activité se poursuivra dans les mêmes locaux de Serris, en Seine-et-Marne.",Factuel,Moyenne,Public — mutualisable,Citation courte / analyse seulement,À valider,Pas de doublon détecté,Pas de contradiction détectée,46216.6601905787,Codex,Nature précise=Fait rapporté | Auteur=Johann Armand / ChannelNews | Thème=Stratégie | Sous-thème=Transfert des effectifs | Type de source=Publique secondaire | Géographie=France — national | Utilité potentielle=Stratégie; communication; channel; analyse concurrentielle | À corroborer par source officielle | Attribution analytique=Source secondaire ChannelNews non confirmée indépendamment | Décision qualité=À conserver — information de contexte | Usages analytiques=changement organisationnel; communication,,,,,,,,,,,,
SIG-PUB-ESET-062,Changement organisationnel,46161,ESET,Thierry Defois indique que la transaction intègre environ 3 700 partenaires actifs revendant ESET en France.,SRC-PUB-ESET-011,01_sources_brutes/03_publiques_secondaires/2026-05-19_ChannelNews_eset-athena.html | Paragraphe sur le portefeuille partenaires,La transaction intègre également le portefeuille de partenaires lié à Eset en France. Thierry Defois évoque 3.700 partenaires actifs revendant aujourd’hui les solutions de l’éditeur sur le territoire.,Interprétatif,Moyenne,Public — mutualisable,Citation courte / analyse seulement,À valider,Pas de doublon détecté,Pas de contradiction détectée,46216.6601905787,Codex,"Nature précise=Déclaration rapportée | Auteur=Thierry Defois, rapporté par ChannelNews | Thème=Channel | Sous-thème=Taille du réseau partenaires | Type de source=Publique secondaire | Géographie=France — national | Utilité potentielle=Channel; stratégie; ventes; analyse concurrentielle | À corroborer par source officielle | Attribution analytique=Source secondaire ChannelNews non confirmée indépendamment | Décision qualité=À conserver — valeur analytique forte | Usages analytiques=channel; analyse concurrentielle; ventes",,,,,,,,,,,,
SIG-PUB-ESET-063,Performance économique,46161,ESET,ChannelNews rapporte un chiffre d’affaires 2024 de 32 millions d’euros pour l’organisation française.,SRC-PUB-ESET-011,01_sources_brutes/03_publiques_secondaires/2026-05-19_ChannelNews_eset-athena.html | Paragraphe sur le modèle français,"Du reste, l’organisation française, qui a réalisé 32 M€ de CA en 2024, était arrivée à un tournant de son modèle historique, estime Thierry Defois, notamment face à l’évolution des plateformes.",Factuel,Moyenne,Public — mutualisable,Citation courte / analyse seulement,À valider,Pas de doublon détecté,Pas de contradiction détectée,46216.6601905787,Codex,Nature précise=Fait rapporté | Auteur=Johann Armand / ChannelNews | Thème=Stratégie | Sous-thème=Chiffre d’affaires France | Type de source=Publique secondaire | Géographie=France — national | Utilité potentielle=Stratégie; analyse concurrentielle; ventes | À corroborer par source officielle | Attribution analytique=Source secondaire ChannelNews non confirmée indépendamment | Décision qualité=À conserver — valeur analytique forte | Usages analytiques=performance; analyse concurrentielle; marché,,,,,,,,,,,,
SIG-PUB-ESET-064,Positionnement,46161,ESET,Thierry Defois indique qu’une présence directe doit aider ESET à mieux capter le marché et nouer des accords stratégiques ou institutionnels.,SRC-PUB-ESET-011,01_sources_brutes/03_publiques_secondaires/2026-05-19_ChannelNews_eset-athena.html | Paragraphe sur la justification du rachat,"L’éditeur veut désormais y être présent en direct, « vivre le marché, mieux capter ses tendances et accroître sa capacité à nouer des accords stratégiques, y compris avec des organisations publiques ou des acteurs institutionnels ».",Interprétatif,Moyenne,Public — mutualisable,Citation courte / analyse seulement,À valider,Pas de doublon détecté,Pas de contradiction détectée,46216.6601905787,Codex,"Nature précise=Déclaration rapportée | Auteur=Thierry Defois, rapporté par ChannelNews | Thème=Go-to-market | Sous-thème=Accès direct au marché français | Type de source=Publique secondaire | Géographie=France — national | Utilité potentielle=Stratégie; go-to-market; ventes; communication | À corroborer par source officielle | Attribution analytique=Source secondaire ChannelNews non confirmée indépendamment | Décision qualité=À conserver — valeur analytique forte | Usages analytiques=go-to-market; stratégie; secteur public",,,,,,,,,,,,
SIG-PUB-ESET-065,Évolution d’offre,46161,ESET,"ChannelNews rapporte une orientation Open XDR visant à agréger des données d’outils tiers, avec des intégrations Entra ID et Palo Alto déjà disponibles.",SRC-PUB-ESET-011,01_sources_brutes/03_publiques_secondaires/2026-05-19_ChannelNews_eset-athena.html | Paragraphe sur Open XDR,"Cette orientation traduit la volonté d’Eset de rester concentré sur ses technologies de cybersécurité, tout en élargissant progressivement sa plateforme vers une logique Open XDR, capable d’agréger des données issues d’outils tiers. Les premières intégrations, notamment celles d’Entra ID et des firewalls Palo Alto, sont déjà disponibles, et d’autres vont suivre (notamment celle des pares-feux Fortinet.",Factuel,Moyenne,Public — mutualisable,Citation courte / analyse seulement,À valider,Pas de doublon détecté,Pas de contradiction détectée,46216.6601905787,Codex,Nature précise=Fait rapporté | Auteur=Johann Armand / ChannelNews | Thème=Produit | Sous-thème=Ouverture aux outils tiers | Type de source=Publique secondaire | Géographie=International | Utilité potentielle=Produit; stratégie; channel; analyse concurrentielle | À corroborer par source officielle; source présente une parenthèse non fermée | Attribution analytique=Source secondaire ChannelNews non confirmée indépendamment | Décision qualité=À conserver — valeur analytique forte | Usages analytiques=produit; stratégie de plateforme; analyse concurrentielle,,,,,,,,,,,,
SIG-PUB-NOMIOS-001,Lancement d’offre,46097,Nomios SAS,"Nomios lance un service CSIRT qui complète ses activités de gouvernance, d’intégration et de SOC managé par une capacité de réponse aux incidents.",SRC-PUB-NOMIOS-001,https://www.nomios.fr/actualite/nomios-csirt/ | Archive 2026-03-16_Nomios_csirt.html,"Boulogne-Billancourt, le 16 mars 2026 – Nomios, l’un des principaux fournisseurs européens de solutions et services de cybersécurité, annonce le lancement de son service CSIRT (Computer Security Incident Response Team). Cette nouvelle offre de service vient compléter son dispositif existant en matière de gouvernance, d’intégration de solutions de sécurité et de SOC managé, afin de proposer aux entreprises une capacité d’intervention dédiée lors d’une attaque et dans les situations de crise les plus critiques.",Factuel,Élevée,Public — mutualisable,Citation courte / analyse seulement,À valider,Pas de doublon détecté,Pas de contradiction détectée,46218.25,Codex,Auteur=Nomios France | Thème=Stratégie | Sous-thème=Extension de la chaîne de valeur cyber | Type de source=Publique primaire | Géographie=France | Utilité potentielle=Compréhension de la stratégie; évolution du positionnement | Décision qualité=À conserver — valeur analytique forte,,,,,,,,,,,,
SIG-PUB-NOMIOS-002,Évolution d’offre,46097,Nomios SAS,"Le CSIRT est annoncé opérationnel depuis fin 2025, mobilisable 24/7 avec déclenchement des premières actions sous quatre heures, pour des clients SOC ou des organisations recherchant une réponse indépendante.",SRC-PUB-NOMIOS-001,https://www.nomios.fr/actualite/nomios-csirt/ | Archive 2026-03-16_Nomios_csirt.html,"Une astreinte dédiée permet ainsi une mobilisation 24/7, avec une prise en compte rapide et un déclenchement des premières actions sous 4 heures pour les clients concernés. Déjà opérationnelle depuis fin 2025, l’offre est active pour plusieurs organisations, qu’il s’agisse de clients SOC Nomios ou d’entreprises souhaitant disposer d’une capacité de réponse indépendante.",Déclaration,Élevée,Public — mutualisable,Citation courte / analyse seulement,À valider,Pas de doublon détecté,Pas de contradiction détectée,46218.25,Codex,Auteur=Nomios France | Thème=Go-to-market | Sous-thème=Modalités de service CSIRT | Type de source=Publique primaire | Géographie=France | Utilité potentielle=Offres; ventes; services managés | Décision qualité=À conserver — valeur analytique forte,,,,,,,,,,,,
SIG-PUB-NOMIOS-003,Évolution d’offre,46097,Nomios SAS,Le service CSIRT repose sur des crédits réaffectables à d’autres prestations Nomios lorsqu’ils ne sont pas consommés.,SRC-PUB-NOMIOS-001,https://www.nomios.fr/actualite/nomios-csirt/ | Archive 2026-03-16_Nomios_csirt.html,"Le service fonctionne sur un système de crédits mobilisables pour des interventions CSIRT. Si ces crédits ne sont pas consommés, ils peuvent être réaffectés à d’autres prestations du catalogue Nomios, telles que des missions de threat hunting, des ateliers ou des actions de formation. Cette logique permet aux organisations de valoriser pleinement leur investissement, tout en s’appuyant sur un catalogue de services.",Factuel,Élevée,Public — mutualisable,Citation courte / analyse seulement,À valider,Pas de doublon détecté,Pas de contradiction détectée,46218.25,Codex,Auteur=Nomios France | Thème=Ventes | Sous-thème=Modèle de commercialisation | Type de source=Publique primaire | Géographie=France | Utilité potentielle=Ventes; go-to-market; services managés | Décision qualité=À conserver — valeur analytique forte,,,,,,,,,,,,
SIG-PUB-NOMIOS-004,Gain commercial,46027,Nomios SAS,La CANUT a sélectionné Nomios pour son marché public national de SOC managé et réponse à incident.,SRC-PUB-NOMIOS-002,https://www.nomios.fr/actualite/nomios-canut-soc/ | Archive 2026-01-05_Nomios_canut-soc.html,"Décembre 2025 – Nomios, l’un des principaux fournisseurs européens de solutions et de services en cybersécurité et réseaux sécurisés, annonce avoir été sélectionnée par la CANUT – Centrale d’Achat du NUmérique et des Télécoms, dans le cadre de son accord-cadre public national « SOC managé et réponse à incident ».",Factuel,Élevée,Public — mutualisable,Citation courte / analyse seulement,À valider,Pas de doublon détecté,Pas de contradiction détectée,46218.25,Codex,Auteur=Nomios France | Thème=Go-to-market | Sous-thème=Commande publique nationale | Type de source=Publique primaire | Géographie=France | Utilité potentielle=Ventes; go-to-market; secteur public | Décision qualité=À conserver — valeur analytique forte,,,,,,,,,,,,
SIG-PUB-NOMIOS-005,Positionnement,46027,Nomios SAS,L’offre CANUT prévoit un SOC managé opéré depuis la France avec des analystes N2 et N3.,SRC-PUB-NOMIOS-002,https://www.nomios.fr/actualite/nomios-canut-soc/ | Archive 2026-01-05_Nomios_canut-soc.html,"Avec des équipes composées à 75 % d’ingénieurs et d’analystes cybersécurité, Nomios accompagne depuis de nombreuses années les organisations publiques dans la protection de leurs environnements IT, OT et Cloud. Les établissements publics éligibles à l’offre CANUT bénéficieront ainsi d’un SOC managé opéré depuis la France, intégrant des analystes N2 et N3, un pilotage dédié et une forte connaissance des contextes métiers du secteur public.",Factuel,Élevée,Public — mutualisable,Citation courte / analyse seulement,À valider,Pas de doublon détecté,Pas de contradiction détectée,46218.25,Codex,Auteur=Nomios France | Thème=Stratégie | Sous-thème=Souveraineté opérationnelle du SOC | Type de source=Publique primaire | Géographie=France | Utilité potentielle=Positionnement; souveraineté; services managés | Décision qualité=À conserver — valeur analytique forte,,,,,,,,,,,,
SIG-PUB-NOMIOS-006,Partenariat,46027,Nomios SAS,L’offre SOC destinée aux bénéficiaires de la CANUT s’appuie sur la suite Cortex de Palo Alto Networks.,SRC-PUB-NOMIOS-002,https://www.nomios.fr/actualite/nomios-canut-soc/ | Archive 2026-01-05_Nomios_canut-soc.html,"L’offre s’appuie sur les technologies de Palo Alto Networks, partenaire technologique historique de Nomios, et notamment sur la suite Cortex (XDR, XSIAM et SOAR), permettant une corrélation avancée des événements de sécurité, une détection des menaces connues et inconnues, ainsi qu’une orchestration automatisée de la réponse aux incidents.",Factuel,Élevée,Public — mutualisable,Citation courte / analyse seulement,À valider,Pas de doublon détecté,Pas de contradiction détectée,46218.25,Codex,Auteur=Nomios France | Thème=Partenariats | Sous-thème=Socle technologique du SOC | Type de source=Publique primaire | Géographie=France | Utilité potentielle=Partenaires; offres; analyse concurrentielle | Décision qualité=À conserver — valeur analytique forte,,,,,,,,,,,,
SIG-PUB-NOMIOS-007,Gain commercial,45964,Nomios SAS,"Nomios a obtenu en cotraitance le lot sécurité du SIPP’n’CO, accessible à plus de 420 organismes publics franciliens et couvrant solutions et services cyber.",SRC-PUB-NOMIOS-003,https://www.nomios.fr/actualite/nomios-sipperec/ | Archive 2025-11-03_Nomios_sippnco.html,"Dans le cadre de cet appel d’offres, Nomios s’est vu attribuer le lot « Sécurité des Systèmes d’information » en tant que co-traitant, confirmant ainsi son positionnement de leader dans l’accompagnement des organismes publics en matière de sécurité numérique. Grâce à cette attribution, Nomios pourra fournir à l’ensemble des adhérents de la centrale d’achat – soit plus de 420 organismes publics d’Île-de-France (collectivités, mairies, CHU/CH, communautés de communes, etc.) – un panel complet de solutions issues de ses partenaires technologiques de référence parmi lesquels Stormshield, Palo Alto Networks, Cisco, Crowdstrike, Check Point Software ou encore Fortinet, ainsi que l’ensemble des services cyber associés : audit, SOC managé, tests d’intrusion, services managés, support logiciel, etc.",Factuel,Élevée,Public — mutualisable,Citation courte / analyse seulement,À valider,Pas de doublon détecté,Pas de contradiction détectée,46218.25,Codex,Auteur=Nomios France | Thème=Go-to-market | Sous-thème=Commande publique francilienne | Type de source=Publique primaire | Géographie=Île-de-France | Utilité potentielle=Ventes; go-to-market; secteur public | Décision qualité=À conserver — valeur analytique forte,,,,,,,,,,,,
SIG-PUB-NOMIOS-008,Gain commercial,45964,Nomios SAS,Nomios estime à 150 millions d’euros sur quatre ans le potentiel du contrat SIPP’n’CO précédemment détenu par Orange Cyberdéfense.,SRC-PUB-NOMIOS-003,https://www.nomios.fr/actualite/nomios-sipperec/ | Archive 2025-11-03_Nomios_sippnco.html,"Ce contrat, précédemment détenu par Orange Cyberdéfense, représente un marché potentiel estimé à 150 millions d’euros sur 4 ans.",Déclaration,Élevée,Public — mutualisable,Citation courte / analyse seulement,À valider,Pas de doublon détecté,Pas de contradiction détectée,46218.25,Codex,Auteur=Nomios France | Thème=Analyse concurrentielle | Sous-thème=Gain de marché public | Type de source=Publique primaire | Géographie=Île-de-France | Utilité potentielle=Concurrence; ventes; signal de changement | Décision qualité=À conserver — valeur analytique forte,,,,,,,,,,,,
SIG-PUB-NOMIOS-009,Gain commercial,45950,Nomios SAS,"Dans l’accord-cadre CANUT Réseaux sécurisés et câblage, Nomios doit proposer la vente, l’intégration et les services managés de Palo Alto Networks Strata et Prisma SASE.",SRC-PUB-NOMIOS-004,https://www.nomios.fr/actualite/nomios-canut/ | Archive 2025-10-20_Nomios_canut-reseau.html,"Grâce à l’accord-cadre de la CANUT « Réseaux sécurisés et câblage », Nomios va ainsi proposer la vente, l’intégration et les services managés de son partenaire technologique, Palo Alto Networks, autour de la suite de sécurité réseau Palo Alto Networks Strata et Prisma SASE.",Factuel,Élevée,Public — mutualisable,Citation courte / analyse seulement,À valider,Pas de doublon détecté,Pas de contradiction détectée,46218.25,Codex,Auteur=Nomios France | Thème=Go-to-market | Sous-thème=Offre intégrée via centrale d’achat | Type de source=Publique primaire | Géographie=France | Utilité potentielle=Go-to-market; partenaires; services managés | Décision qualité=À conserver — valeur analytique forte,,,,,,,,,,,,
SIG-PUB-NOMIOS-010,Gain commercial,45950,Nomios SAS,Nomios estime le potentiel de l’accord-cadre CANUT à 140 millions d’euros sur quatre ans.,SRC-PUB-NOMIOS-004,https://www.nomios.fr/actualite/nomios-canut/ | Archive 2025-10-20_Nomios_canut-reseau.html,L’accord-cadre CANUT représente un marché potentiel estimé à 140 millions d’euros sur 4 ans.,Déclaration,Élevée,Public — mutualisable,Citation courte / analyse seulement,À valider,Pas de doublon détecté,Pas de contradiction détectée,46218.25,Codex,Auteur=Nomios France | Thème=Ventes | Sous-thème=Potentiel de marché public | Type de source=Publique primaire | Géographie=France | Utilité potentielle=Ventes; marché; secteur public | Décision qualité=À conserver — valeur analytique forte,,,,,,,,,,,,
SIG-PUB-NOMIOS-011,Acquisition / cession,45939,Nomios SAS,"Nomios annonce l’acquisition d’Intragen, spécialiste IAM et PAM, avec le soutien de son actionnaire majoritaire Keensight Capital.",SRC-PUB-NOMIOS-005,https://www.nomios.fr/actualite/nomios-intragen/ | Archive 2025-10-09_Nomios_intragen.html,"Paris, le 9 octobre 2025 - Nomios, spécialiste paneuropéen des services de cybersécurité, annonce l'acquisition d'Intragen, spécialiste primé dans le domaine de la gestion des identités et des accès. Cette transaction, soutenue par Keensight Capital, marque une étape importante dans la stratégie de croissance de Nomios et renforce encore sa position de partenaire de confiance en cybersécurité en Europe.",Factuel,Élevée,Public — mutualisable,Citation courte / analyse seulement,À valider,Pas de doublon détecté,Pas de contradiction détectée,46218.25,Codex,Auteur=Nomios France | Thème=Stratégie | Sous-thème=Croissance externe IAM/PAM | Type de source=Publique primaire | Géographie=France | Utilité potentielle=Stratégie; positionnement; changement important | Décision qualité=À conserver — valeur analytique forte,,,,,,,,,,,,
SIG-PUB-NOMIOS-012,Positionnement,45939,Nomios SAS,"Nomios structure son offre autour du conseil et de la GRC, des services professionnels et des services managés incluant SOC, NOC et VOC.",SRC-PUB-NOMIOS-005,https://www.nomios.fr/actualite/nomios-intragen/ | Archive 2025-10-09_Nomios_intragen.html,"L’approche de Nomios s’articule autour de trois piliers de services. À travers son activité de GRC (Gouvernance, Risque et Conformité), le groupe propose un accompagnement stratégique et sur-mesure pour anticiper et maîtriser les risques cyber. Ses Professional Services couvrent l’intégration, le déploiement et l’optimisation de solutions de sécurité et de réseaux, garantissant des infrastructures robustes et performantes. Enfin, les Services Managés de Nomios assurent la supervision continue, la gestion et l’amélioration de la sécurité via ses Security Operations Centre (SOC), Network Operations Centre (NOC) et Vulnerability Operation Centre (VOC), garantissant des standards élevés de protection, de disponibilité et de continuité opérationnelle pour ses clients.",Déclaration,Élevée,Public — mutualisable,Citation courte / analyse seulement,À valider,Pas de doublon détecté,Pas de contradiction détectée,46218.25,Codex,Auteur=Nomios France | Thème=Stratégie | Sous-thème=Architecture du portefeuille | Type de source=Publique primaire | Géographie=France | Utilité potentielle=Positionnement; offres; services managés | Décision qualité=À conserver — information de contexte,,,,,,,,,,,,
SIG-PUB-NOMIOS-013,Évolution d’offre,45939,Nomios SAS,"L’acquisition d’Intragen ajoute à l’offre Nomios des expertises IAM et PAM et un écosystème comprenant CyberArk, SailPoint, One Identity et Okta.",SRC-PUB-NOMIOS-005,https://www.nomios.fr/actualite/nomios-intragen/ | Archive 2025-10-09_Nomios_intragen.html,"L'intégration d'Intragen renforce encore l'offre de Nomios grâce à son expertise de pointe dans le domaine de l'identité numérique et de la gestion des accès à privilèges (PAM). Intragen est partenaire de CyberArk, SailPoint, One Identity et Okta.",Factuel,Élevée,Public — mutualisable,Citation courte / analyse seulement,À valider,Pas de doublon détecté,Pas de contradiction détectée,46218.25,Codex,Auteur=Nomios France | Thème=Produit | Sous-thème=Extension IAM/PAM | Type de source=Publique primaire | Géographie=France | Utilité potentielle=Offres; positionnement; partenaires | Décision qualité=À conserver — valeur analytique forte,,,,,,,,,,,,
SIG-PUB-NOMIOS-014,Positionnement,45939,Nomios SAS,Nomios déclare que la cybersécurité représente trois quarts du chiffre d’affaires du groupe et les réseaux un quart.,SRC-PUB-NOMIOS-005,https://www.nomios.fr/actualite/nomios-intragen/ | Archive 2025-10-09_Nomios_intragen.html,"Aujourd’hui, trois quarts du chiffre d’affaires du groupe Nomios proviennent directement de son expertise en cybersécurité, contre un quart pour les activités réseaux.",Déclaration,Élevée,Public — mutualisable,Citation courte / analyse seulement,À valider,Pas de doublon détecté,Pas de contradiction détectée,46218.25,Codex,Auteur=Nomios France | Thème=Stratégie | Sous-thème=Mix d’activité | Type de source=Publique primaire | Géographie=Europe | Utilité potentielle=Stratégie; positionnement | Décision qualité=À conserver — valeur analytique forte,,,,,,,,,,,,
SIG-PUB-NOMIOS-015,Performance économique,45939,Nomios SAS,Nomios déclare réaliser 60 % de son EBITDA hors de France.,SRC-PUB-NOMIOS-005,https://www.nomios.fr/actualite/nomios-intragen/ | Archive 2025-10-09_Nomios_intragen.html,"La présence internationale de Nomios s'est également considérablement développée au cours des dernières années : 60 % de l'EBITDA du groupe Nomios est désormais généré hors de France, grâce notamment aux très bonnes performances enregistrées aux Pays-Bas, en Italie et au Royaume-Uni.",Déclaration,Élevée,Public — mutualisable,Citation courte / analyse seulement,À valider,Pas de doublon détecté,Pas de contradiction détectée,46218.25,Codex,Auteur=Nomios France | Thème=Stratégie | Sous-thème=Internationalisation | Type de source=Publique primaire | Géographie=Europe | Utilité potentielle=Stratégie; implantation; performance | Décision qualité=À conserver — valeur analytique forte,,,,,,,,,,,,
SIG-PUB-NOMIOS-016,Performance économique,45939,Nomios SAS,Nomios déclare que ses services propres représentent plus de 55 % de son revenu net.,SRC-PUB-NOMIOS-005,https://www.nomios.fr/actualite/nomios-intragen/ | Archive 2025-10-09_Nomios_intragen.html,"Par ailleurs, plus de 55 % du chiffre d’affaires net du groupe Nomios provient désormais de son portefeuille de services propres (qui inclut les professional services, support services, managed services, GRC, NOC, SOC et VOC).",Déclaration,Élevée,Public — mutualisable,Citation courte / analyse seulement,À valider,Pas de doublon détecté,Pas de contradiction détectée,46218.25,Codex,Auteur=Nomios France | Thème=Stratégie | Sous-thème=Poids des services propres | Type de source=Publique primaire | Géographie=Europe | Utilité potentielle=Stratégie; services managés; ventes | Décision qualité=À conserver — valeur analytique forte,,,,,,,,,,,,
SIG-PUB-NOMIOS-017,Performance économique,45939,Nomios SAS,Nomios vise 650 millions d’euros de chiffre d’affaires et 75 millions d’euros d’EBITDA en 2026.,SRC-PUB-NOMIOS-005,https://www.nomios.fr/actualite/nomios-intragen/ | Archive 2025-10-09_Nomios_intragen.html,"En 2026, l’acquisition d’ Intragen permet au groupe Nomios de viser un EBITDA de 75 M€ et un chiffre d’affaires de 650 M€, reflet de la solidité et de l’ambition du groupe.",Déclaration,Élevée,Public — mutualisable,Citation courte / analyse seulement,À valider,Pas de doublon détecté,Pas de contradiction détectée,46218.25,Codex,Auteur=Nomios France | Thème=Stratégie | Sous-thème=Objectifs financiers 2026 | Type de source=Publique primaire | Géographie=Europe | Utilité potentielle=Stratégie; performance; signal de changement | Décision qualité=À conserver — valeur analytique forte,,,,,,,,,,,,
SIG-PUB-NOMIOS-018,Changement organisationnel,45939,Nomios SAS,"Intragen doit initialement conserver sa marque et sa direction, puis former un segment autonome du groupe Nomios.",SRC-PUB-NOMIOS-005,https://www.nomios.fr/actualite/nomios-intragen/ | Archive 2025-10-09_Nomios_intragen.html,"Les équipes et expertises seront conservées, Intragen by Nomios continuant d’opérer dans un premier temps comme entité distincte, puis comme segment autonome sous la direction de son équipe actuelle.",Déclaration,Élevée,Public — mutualisable,Citation courte / analyse seulement,À valider,Pas de doublon détecté,Pas de contradiction détectée,46218.25,Codex,Auteur=Nomios France | Thème=Stratégie | Sous-thème=Intégration organisationnelle | Type de source=Publique primaire | Géographie=Europe | Utilité potentielle=Organisation; stratégie | Décision qualité=À conserver — information de contexte,,,,,,,,,,,,
SIG-PUB-NOMIOS-019,Lancement d’offre,45918,Nomios SAS,Nomios et Fortinet proposent un Rapid Cloud Assessment destiné à évaluer rapidement la posture de sécurité cloud.,SRC-PUB-NOMIOS-006,https://www.nomios.fr/actualite/nomios-rapid-cloud-assessment/ | Archive 2025-09-18_Nomios_rapid-cloud-assessment.html,"En partenariat avec Fortinet, nous proposons le Rapid Cloud Assessment, une évaluation rapide et complète de votre posture de sécurité dans le cloud, qui vous permet d’obtenir une vision claire et priorisée de vos risques en seulement quelques jours.",Déclaration,Élevée,Public — mutualisable,Citation courte / analyse seulement,À valider,Pas de doublon détecté,Pas de contradiction détectée,46218.25,Codex,Auteur=Nomios France | Thème=Produit | Sous-thème=Évaluation de posture cloud | Type de source=Publique primaire | Géographie=France | Utilité potentielle=Offres; partenaires; go-to-market | Décision qualité=À conserver — information de contexte,,,,,,,,,,,,
SIG-PUB-NOMIOS-020,Certification / qualification,45868,Nomios SAS,Nomios affirme faire partie des cinq partenaires ayant obtenu le statut Fortinet ETSP en France et des trois au Royaume-Uni.,SRC-PUB-NOMIOS-007,https://www.nomios.fr/actualite/fortinet-etsp-program/ | Archive 2025-07-30_Nomios_fortinet-etsp.html,"Ce processus de sélection rigoureux est si sélectif que Nomios est l'un des trois seuls partenaires à avoir obtenu ce statut au Royaume-Uni, et l'un des cinq partenaires seulement en France, soulignant le caractère exceptionnel de cette reconnaissance technique.",Déclaration,Moyenne,Public — mutualisable,Citation courte / analyse seulement,À valider,Pas de doublon détecté,Pas de contradiction détectée,46218.25,Codex,Auteur=Nomios France | Thème=Partenariats | Sous-thème=Qualification support Fortinet | Type de source=Publique primaire | Géographie=France et Royaume-Uni | Utilité potentielle=Partenaires; analyse concurrentielle | Décision qualité=À conserver — valeur analytique forte | Élément à corroborer,,,,,,,,,,,,
SIG-PUB-NOMIOS-021,Partenariat,45840,Nomios SAS,Nomios présente Juniper Networks comme partenaire depuis 2004 et déclare avoir récemment renouvelé son partenariat avec HPE.,SRC-PUB-NOMIOS-008,https://www.nomios.fr/actualite/hpe-juniper-acquisition-complete/ | Archive 2025-07-02_Nomios_hpe-juniper.html,"Juniper Networks est un partenaire de confiance de Nomios depuis nos débuts en 2004. Au fil des années, notre collaboration a permis de stimuler l’innovation et de fournir des solutions réseau robustes à travers l’Europe (via Infradata). Avec l’acquisition de Juniper Networks par HPE désormais officiellement approuvée, nous sommes impatients de voir ce que cela signifie pour l’avenir. Nomios est un partenaire historique de Juniper, et nous avons récemment renouvelé notre partenariat stratégique avec HPE. Ensemble, nous sommes convaincus que cela ouvrira de nouvelles opportunités pour des réseaux intelligents, sécurisés et pilotés par l’IA.",Déclaration,Élevée,Public — mutualisable,Citation courte / analyse seulement,À valider,Pas de doublon détecté,Pas de contradiction détectée,46218.25,Codex,Auteur=Nomios France | Thème=Partenariats | Sous-thème=Continuité Juniper et HPE | Type de source=Publique primaire | Géographie=Europe | Utilité potentielle=Partenaires; positionnement | Décision qualité=À conserver — valeur analytique forte,,,,,,,,,,,,
SIG-PUB-NOMIOS-022,Prise de parole dirigeant,45840,Nomios SAS,"Nomios estime que les clients recherchent simplicité, intelligence et intégration, notamment dans le cloud hybride et les data centers IA.",SRC-PUB-NOMIOS-008,https://www.nomios.fr/actualite/hpe-juniper-acquisition-complete/ | Archive 2025-07-02_Nomios_hpe-juniper.html,"De notre point de vue, cette stratégie reflète clairement ce que nous observons sur le marché. Les clients recherchent simplicité, intelligence et intégration, en particulier dans les environnements cloud hybride et de data centers IA. Aruba et Juniper apportent ici des forces complémentaires, et HPE mise gros sur cette synergie.",Interprétatif,Élevée,Public — mutualisable,Citation courte / analyse seulement,À valider,Pas de doublon détecté,Pas de contradiction détectée,46218.25,Codex,Auteur=Nomios France | Thème=Analyse concurrentielle | Sous-thème=Attentes clients selon Nomios | Type de source=Publique primaire | Géographie=Europe | Utilité potentielle=Marché; positionnement; signal faible | Décision qualité=À conserver — valeur analytique forte,,,,,,,,,,,,
SIG-PUB-NOMIOS-023,Étude de marché,45831,Nomios SAS,"Dans sa lecture du Magic Quadrant SSE de Gartner, Nomios décrit un marché qui se consolide et gagne en maturité.",SRC-PUB-NOMIOS-010,https://www.nomios.fr/actualite/mq-sse-2024-vs-2025/ | Archive 2025-06-23_Nomios_mq-sse-2025.html,"Entre ces deux éditions, le marché du Security Service Edge (SSE) poursuit sa transformation, marquée par une phase de consolidation et un net gain en maturité technologique.",Interprétatif,Moyenne,Public — mutualisable,Citation courte / analyse seulement,À valider,Pas de doublon détecté,Pas de contradiction détectée,46218.25,Codex,Auteur=Nomios France | Thème=Analyse concurrentielle | Sous-thème=Maturité du marché SSE | Type de source=Publique primaire | Géographie=International | Utilité potentielle=Marché; concurrence; signal de changement | Décision qualité=À conserver — valeur analytique forte | Élément à corroborer,,,,,,,,,,,,
SIG-PUB-NOMIOS-024,Étude de marché,45831,Nomios SAS,"Nomios estime que les entreprises attendent des offres SSE une cohérence de plateforme, une couverture mondiale, des SLA solides et une expérience utilisateur fluide.",SRC-PUB-NOMIOS-010,https://www.nomios.fr/actualite/mq-sse-2024-vs-2025/ | Archive 2025-06-23_Nomios_mq-sse-2025.html,"Cependant, Gartner introduit en 2025 de nouveaux critères qui témoignent de l’évolution des attentes des entreprises. La cohérence des plateformes, la performance des réseaux mondiaux — en particulier les points de présence (PoPs) et les engagements de service ( SLAs ) — ainsi que l’expérience utilisateur, tant pour les collaborateurs que pour les équipes de sécurité, deviennent des éléments centraux.",Interprétatif,Moyenne,Public — mutualisable,Citation courte / analyse seulement,À valider,Pas de doublon détecté,Pas de contradiction détectée,46218.25,Codex,Auteur=Nomios France | Thème=Analyse concurrentielle | Sous-thème=Critères d’achat SSE selon Nomios | Type de source=Publique primaire | Géographie=International | Utilité potentielle=Marché; concurrence; positionnement | Décision qualité=À conserver — valeur analytique forte | Élément à corroborer,,,,,,,,,,,,
SIG-PUB-NOMIOS-025,Performance économique,46131,Nomios SAS,"ChannelNews rapporte un chiffre d’affaires 2025 de 553 millions d’euros pour le groupe Nomios, en hausse de 20 %, dont 245 millions en France, en hausse de 14 %.",SRC-PUB-NOMIOS-011,https://www.channelnews.fr/nomios-croissance-de-20-en-2025-tiree-par-les-services-recurrents-156340 | Archive 2026-04-19_ChannelNews_nomios-croissance-2025.html,"Présent dans sept pays, le groupe a réalisé 553 M€ de chiffre d’affaires en 2025, en progression de 20 %, pour un EBITDA de 61 M€. La France a contribué à hauteur de 245 M€, contre 215 M€ en 2024, confirmant une nouvelle année de forte croissance pour la filiale historique du groupe (+14 %).",Factuel,Moyenne,Public — mutualisable,Citation courte / analyse seulement,À valider,Pas de doublon détecté,Pas de contradiction détectée,46218.25,Codex,Auteur=ChannelNews | Thème=Ventes | Sous-thème=Performance 2025 | Type de source=Publique secondaire | Géographie=France et Europe | Utilité potentielle=Ventes; performance; analyse concurrentielle | Décision qualité=À conserver — valeur analytique forte | Élément à corroborer,,,,,,,,,,,,
SIG-PUB-NOMIOS-026,Changement organisationnel,46131,Nomios SAS,ChannelNews rapporte que Nomios emploie 340 personnes en France et 1 300 en Europe.,SRC-PUB-NOMIOS-011,https://www.channelnews.fr/nomios-croissance-de-20-en-2025-tiree-par-les-services-recurrents-156340 | Archive 2026-04-19_ChannelNews_nomios-croissance-2025.html,"L’effectif atteint désormais 340 personnes en France, sur un total de 1.300 collaborateurs au niveau européen.",Factuel,Moyenne,Public — mutualisable,Citation courte / analyse seulement,À valider,Pas de doublon détecté,Pas de contradiction détectée,46218.25,Codex,Auteur=ChannelNews | Thème=Stratégie | Sous-thème=Effectifs | Type de source=Publique secondaire | Géographie=France et Europe | Utilité potentielle=Implantation; taille; contexte concurrentiel | Décision qualité=À conserver — information de contexte | Élément à corroborer,,,,,,,,,,,,
SIG-PUB-NOMIOS-027,Performance économique,46131,Nomios SAS,"ChannelNews rapporte une croissance 2025 de 43 % pour les services managés, de 42 % pour le SOC et de 41 % pour le support.",SRC-PUB-NOMIOS-011,https://www.channelnews.fr/nomios-croissance-de-20-en-2025-tiree-par-les-services-recurrents-156340 | Archive 2026-04-19_ChannelNews_nomios-croissance-2025.html,"Les services managés ou services d’exploitation (gestion des changements, application des rustines, mise à jour des règles) progressent de 43 %, les services de surveillance des événements de sécurité (SOC) de 42 % et le support (résolution des incidents de fonctionnement) de 41 %.",Factuel,Moyenne,Public — mutualisable,Citation courte / analyse seulement,À valider,Pas de doublon détecté,Pas de contradiction détectée,46218.25,Codex,Auteur=ChannelNews | Thème=Ventes | Sous-thème=Dynamique des services récurrents | Type de source=Publique secondaire | Géographie=France et Europe | Utilité potentielle=Ventes; services managés; signal de changement | Décision qualité=À conserver — valeur analytique forte | Élément à corroborer,,,,,,,,,,,,
SIG-PUB-NOMIOS-028,Recrutement,46131,Nomios SAS,ChannelNews rapporte le recrutement en France de deux commerciaux spécialisés Intragen et la signature de plusieurs clients.,SRC-PUB-NOMIOS-011,https://www.channelnews.fr/nomios-croissance-de-20-en-2025-tiree-par-les-services-recurrents-156340 | Archive 2026-04-19_ChannelNews_nomios-croissance-2025.html,Deux spécialistes des ventes ont donc été recrutés pour porter cette activité localement en s’appuyant sur les contrats et les ressources existants au niveau groupe. Ils comptent déjà plusieurs clients signés à leur actif.,Factuel,Moyenne,Public — mutualisable,Citation courte / analyse seulement,À valider,Pas de doublon détecté,Pas de contradiction détectée,46218.25,Codex,Auteur=ChannelNews | Thème=Go-to-market | Sous-thème=Déploiement commercial IAM | Type de source=Publique secondaire | Géographie=France | Utilité potentielle=Go-to-market; ventes; recrutement | Décision qualité=À conserver — valeur analytique forte | Élément à corroborer,,,,,,,,,,,,
SIG-PUB-NOMIOS-029,Performance économique,46131,Nomios SAS,ChannelNews rapporte que le SOC de Nomios compte plus de 100 clients en France.,SRC-PUB-NOMIOS-011,https://www.channelnews.fr/nomios-croissance-de-20-en-2025-tiree-par-les-services-recurrents-156340 | Archive 2026-04-19_ChannelNews_nomios-croissance-2025.html,"Nomios a aussi poursuivi l’enrichissement technologique de son SOC qui, cinq ans après son lancement, a franchi le seuil des 100 clients en France.",Factuel,Moyenne,Public — mutualisable,Citation courte / analyse seulement,À valider,Pas de doublon détecté,Pas de contradiction détectée,46218.25,Codex,Auteur=ChannelNews | Thème=Ventes | Sous-thème=Base clients SOC | Type de source=Publique secondaire | Géographie=France | Utilité potentielle=Ventes; services managés; positionnement | Décision qualité=À conserver — valeur analytique forte | Élément à corroborer,,,,,,,,,,,,
SIG-PUB-NOMIOS-030,Partenariat,46131,Nomios SAS,ChannelNews rapporte que Qevlar AI est intégrée à sept SOC managés de Nomios et fait l’objet d’un accord de distribution européen.,SRC-PUB-NOMIOS-011,https://www.channelnews.fr/nomios-croissance-de-20-en-2025-tiree-par-les-services-recurrents-156340 | Archive 2026-04-19_ChannelNews_nomios-croissance-2025.html,"En janvier 2025, le groupe annonçait l’intégration de la plateforme de Qevlar AI dans ses sept centres opérationnels de sécurité managée – ainsi qu’un accord de distribution européen autour de cette solution – afin d’accélérer le travail des analystes sur les tâches les plus critiques.",Factuel,Moyenne,Public — mutualisable,Citation courte / analyse seulement,À valider,Pas de doublon détecté,Pas de contradiction détectée,46218.25,Codex,Auteur=ChannelNews | Thème=Partenariats | Sous-thème=IA appliquée au SOC | Type de source=Publique secondaire | Géographie=Europe | Utilité potentielle=IA; partenaires; services managés | Décision qualité=À conserver — valeur analytique forte | Élément à corroborer,,,,,,,,,,,,
SIG-PUB-NOMIOS-031,Changement organisationnel,46131,Nomios SAS,ChannelNews rapporte que le siège français de Nomios est passé de 1 600 à 3 000 mètres carrés lors d’un déménagement en novembre.,SRC-PUB-NOMIOS-011,https://www.channelnews.fr/nomios-croissance-de-20-en-2025-tiree-par-les-services-recurrents-156340 | Archive 2026-04-19_ChannelNews_nomios-croissance-2025.html,"L’entreprise a quitté en novembre ses anciens bureaux de 1.600 m² à Boulogne-Billancourt, qu’elle occupait depuis neuf ans, pour de nouveaux locaux de 3.000 m² à proximité immédiate.",Factuel,Moyenne,Public — mutualisable,Citation courte / analyse seulement,À valider,Pas de doublon détecté,Pas de contradiction détectée,46218.25,Codex,Auteur=ChannelNews | Thème=Stratégie | Sous-thème=Extension du siège français | Type de source=Publique secondaire | Géographie=France | Utilité potentielle=Implantation; contexte de croissance | Décision qualité=À conserver — information de contexte | Élément à corroborer,,,,,,,,,,,,
SIG-PUB-NOMIOS-032,Positionnement,46131,Nomios SAS,"Selon ChannelNews, Nomios veut en 2026 développer les services managés, accélérer dans le conseil et l’IAM et étudier de nouvelles acquisitions européennes.",SRC-PUB-NOMIOS-011,https://www.channelnews.fr/nomios-croissance-de-20-en-2025-tiree-par-les-services-recurrents-156340 | Archive 2026-04-19_ChannelNews_nomios-croissance-2025.html,"La poursuite du renforcement des services, la montée en puissance du consulting, la consolidation de l’activité IAM et la recherche de nouvelles acquisitions en Europe figurent parmi ses chantiers prioritaires pour l’année en cours.",Déclaration,Moyenne,Public — mutualisable,Citation courte / analyse seulement,À valider,Pas de doublon détecté,Pas de contradiction détectée,46218.25,Codex,Auteur=ChannelNews | Thème=Stratégie | Sous-thème=Priorités 2026 | Type de source=Publique secondaire | Géographie=Europe | Utilité potentielle=Stratégie; positionnement; changement important | Décision qualité=À conserver — valeur analytique forte | Élément à corroborer,,,,,,,,,,,,
SIG-PUB-WATCHGUARD-001,Évolution d’offre,46037,"WatchGuard Technologies, Inc.",WatchGuard étend son MDR 24/7 aux outils de sécurité tiers afin que les MSP puissent servir des environnements hétérogènes sans remplacement de plateforme.,SRC-PUB-WATCHGUARD-001,https://www.watchguard.com/fr/wgrd-news/press-releases/watchguard-open-mdr-offre-aux-msp-un-acces-accelere-des-services-mdr-forte | Archive 2026-01-15_WatchGuard_open-mdr.html,"Paris, le 15 janvier 2026 – WatchGuard® Technologies, leader mondial de la cybersécurité unifiée pour les fournisseurs de services managés (MSP), annonce aujourd’hui le lancement de WatchGuard Open MDR, une évolution stratégique de son offre MDR (Managed Detection and Response). Cette nouvelle approche étend la détection et la réponse managées 24 h/24 et 7 j/7 aux outils de sécurité tiers, en complément des technologies WatchGuard, permettant aux MSP de proposer des services de sécurité de niveau entreprise dans des environnements clients hétérogènes, sans imposer de remplacement de plateformes.",Factuel,Élevée,Public — mutualisable,Citation courte / analyse seulement,À valider,Pas de doublon détecté,Pas de contradiction détectée,46218.333333333336,Codex,Auteur=WatchGuard Technologies | Thème=Stratégie | Sous-thème=MDR ouvert et multifournisseur | Type de source=Publique primaire | Géographie=International | Utilité potentielle=Stratégie; services managés; positionnement | Décision qualité=À conserver — valeur analytique forte,,,,,,,,,,,,
SIG-PUB-WATCHGUARD-002,Évolution d’offre,46037,"WatchGuard Technologies, Inc.","Open MDR réunit les intégrations WatchGuard et tierces dans une vue unique pour accélérer l’onboarding, réduire les frictions de renouvellement et standardiser les services MSP.",SRC-PUB-WATCHGUARD-001,https://www.watchguard.com/fr/wgrd-news/press-releases/watchguard-open-mdr-offre-aux-msp-un-acces-accelere-des-services-mdr-forte | Archive 2026-01-15_WatchGuard_open-mdr.html,"Open MDR rassemble les intégrations natives de WatchGuard et les environnements tiers dans une vue opérationnelle unique. Pour les MSP, cela se traduit par un onboarding plus rapide, moins de frictions lors des renouvellements et la possibilité de standardiser la prestation de services sur des environnements clients variés, sans migrations forcées.",Déclaration,Élevée,Public — mutualisable,Citation courte / analyse seulement,À valider,Pas de doublon détecté,Pas de contradiction détectée,46218.333333333336,Codex,Auteur=WatchGuard Technologies | Thème=Go-to-market | Sous-thème=Industrialisation des services MDR | Type de source=Publique primaire | Géographie=International | Utilité potentielle=Go-to-market; ventes; services managés | Décision qualité=À conserver — valeur analytique forte,,,,,,,,,,,,
SIG-PUB-WATCHGUARD-003,Lancement d’offre,46107,"WatchGuard Technologies, Inc.","WatchGuard lance trois offres NDR : NDR pour Firebox, Managed NDR et Total NDR.",SRC-PUB-WATCHGUARD-002,https://www.watchguard.com/fr/wgrd-news/press-releases/watchguard-etend-ses-capacites-ndr-et-rend-la-detection-avancee-des | Archive 2026-03-26_WatchGuard_ndr.html,"WatchGuard® Technologies, leader mondial de la cybersécurité unifiée pour les MSP, annonce le lancement de nouvelles offres WatchGuard NDR pour Firebox, Managed NDR et Total NDR.",Factuel,Élevée,Public — mutualisable,Citation courte / analyse seulement,À valider,Pas de doublon détecté,Pas de contradiction détectée,46218.333333333336,Codex,Auteur=WatchGuard Technologies | Thème=Produit | Sous-thème=Architecture de gamme NDR | Type de source=Publique primaire | Géographie=International | Utilité potentielle=Produit; services managés; positionnement | Décision qualité=À conserver — valeur analytique forte,,,,,,,,,,,,
SIG-PUB-WATCHGUARD-004,Évolution d’offre,46107,"WatchGuard Technologies, Inc.",WatchGuard NDR pour Firebox utilise la télémétrie des pare-feu existants sans capteurs ni équipements supplémentaires et s’intègre à la plateforme unifiée.,SRC-PUB-WATCHGUARD-002,https://www.watchguard.com/fr/wgrd-news/press-releases/watchguard-etend-ses-capacites-ndr-et-rend-la-detection-avancee-des | Archive 2026-03-26_WatchGuard_ndr.html,"WatchGuard NDR pour Firebox intègre des fonctions avancées de détection directement au sein des environnements de pare-feu existants, supprimant ainsi le besoin de capteurs autonomes ou de nouveaux équipements. Les organisations bénéficient d’une visibilité approfondie sur le trafic et d’analyses comportementales à partir des données de télémétrie déjà disponibles sur leurs réseaux. Proposée via une interface de gestion unifiée et intégrée à WatchGuard Unified Security Platform®, cette solution transforme la détection en une extension naturelle des opérations de sécurité existantes, sans nécessiter d’outil supplémentaire.",Factuel,Élevée,Public — mutualisable,Citation courte / analyse seulement,À valider,Pas de doublon détecté,Pas de contradiction détectée,46218.333333333336,Codex,Auteur=WatchGuard Technologies | Thème=Produit | Sous-thème=NDR intégré au parc installé | Type de source=Publique primaire | Géographie=International | Utilité potentielle=Produit; automatisation; analyse concurrentielle | Décision qualité=À conserver — valeur analytique forte,,,,,,,,,,,,
SIG-PUB-WATCHGUARD-005,Lancement d’offre,46107,"WatchGuard Technologies, Inc.","Managed NDR fournit une surveillance continue, une investigation et une réponse guidée par le SOC WatchGuard aux organisations sans équipe dédiée.",SRC-PUB-WATCHGUARD-002,https://www.watchguard.com/fr/wgrd-news/press-releases/watchguard-etend-ses-capacites-ndr-et-rend-la-detection-avancee-des | Archive 2026-03-26_WatchGuard_ndr.html,"WatchGuard Managed NDR, destiné aux organisations ne disposant pas d’équipes dédiées aux opérations de sécurité, fournit des services de surveillance continue, d’investigation et de réponse guidée, assurés par le Security Operations Center (SOC) de WatchGuard. Cette approche permet aux MSP et aux PME de tirer parti d’une détection avancée sans avoir à créer ni gérer un SOC interne.",Factuel,Élevée,Public — mutualisable,Citation courte / analyse seulement,À valider,Pas de doublon détecté,Pas de contradiction détectée,46218.333333333336,Codex,Auteur=WatchGuard Technologies | Thème=Produit | Sous-thème=NDR managé | Type de source=Publique primaire | Géographie=International | Utilité potentielle=Services managés; go-to-market; marché | Décision qualité=À conserver — valeur analytique forte,,,,,,,,,,,,
SIG-PUB-WATCHGUARD-006,Évolution d’offre,46107,"WatchGuard Technologies, Inc.","Total NDR coordonne via ThreatSync XDR le blocage automatisé d’adresses IP sur des pare-feu tiers Fortinet, Palo Alto Networks et Check Point.",SRC-PUB-WATCHGUARD-002,https://www.watchguard.com/fr/wgrd-news/press-releases/watchguard-etend-ses-capacites-ndr-et-rend-la-detection-avancee-des | Archive 2026-03-26_WatchGuard_ndr.html,"Total NDR étend la couverture grâce à une intégration avec ThreatSync XDR. WatchGuard NDR permet ainsi le blocage automatisé d’adresses IP sur des pare-feu tiers tels que Fortinet, Palo Alto Networks et Check Point, favorisant une réponse coordonnée dans des environnements multifournisseurs et accélérant la neutralisation des menaces.",Factuel,Élevée,Public — mutualisable,Citation courte / analyse seulement,À valider,Pas de doublon détecté,Pas de contradiction détectée,46218.333333333336,Codex,Auteur=WatchGuard Technologies | Thème=Produit | Sous-thème=Réponse NDR multifournisseur | Type de source=Publique primaire | Géographie=International | Utilité potentielle=Produit; concurrence; automatisation | Décision qualité=À conserver — valeur analytique forte,,,,,,,,,,,,
SIG-PUB-WATCHGUARD-007,Évolution d’offre,46120,"WatchGuard Technologies, Inc.","WatchGuard introduit un portefeuille EDR par niveaux incluant des fonctions de sécurité IA, de gestion des vulnérabilités et de filtrage URL habituellement proposées en option selon l’éditeur.",SRC-PUB-WATCHGUARD-003,https://www.watchguard.com/fr/wgrd-news/press-releases/watchguard-bouleverse-la-tarification-de-son-offre-edr-pour-offrir-un | Archive 2026-04-08_WatchGuard_edr-pricing.html,"WatchGuard Technologies, leader mondial de la cybersécurité unifiée pour les fournisseurs de services managés (MSP), annonce la disponibilité de son nouveau portefeuille de sécurité des endpoints conçu pour bouleverser le modèle traditionnel de licence EDR. Cette nouvelle offre par niveaux inclut des fonctionnalités de niveau entreprise généralement proposées en option par d’autres fournisseurs — telles que la sécurité alimentée par l’IA, la gestion proactive des vulnérabilités et le filtrage des URL — sans les coûts, la complexité ni la surcharge opérationnelle habituellement nécessaires pour activer ces fonctionnalités dans d’autres produits.",Déclaration,Élevée,Public — mutualisable,Citation courte / analyse seulement,À valider,Pas de doublon détecté,Pas de contradiction détectée,46218.333333333336,Codex,Auteur=WatchGuard Technologies | Thème=Go-to-market | Sous-thème=Packaging et licence EDR | Type de source=Publique primaire | Géographie=International | Utilité potentielle=Go-to-market; analyse concurrentielle; ventes | Décision qualité=À conserver — valeur analytique forte,,,,,,,,,,,,
SIG-PUB-WATCHGUARD-008,Évolution d’offre,46120,"WatchGuard Technologies, Inc.",Le portefeuille endpoint WatchGuard s’appuie sur un agent unique et une console centralisée pour simplifier le déploiement et l’administration par les MSP.,SRC-PUB-WATCHGUARD-003,https://www.watchguard.com/fr/wgrd-news/press-releases/watchguard-bouleverse-la-tarification-de-son-offre-edr-pour-offrir-un | Archive 2026-04-08_WatchGuard_edr-pricing.html,"Conçue pour les MSP et les équipes IT confrontés à des besoins de sécurité croissants et à des ressources limitées, la plateforme utilise un agent unique et une console de gestion centralisée pour simplifier le déploiement, réduire la charge de travail et rendre la protection avancée accessible à toutes les organisations.",Factuel,Élevée,Public — mutualisable,Citation courte / analyse seulement,À valider,Pas de doublon détecté,Pas de contradiction détectée,46218.333333333336,Codex,Auteur=WatchGuard Technologies | Thème=Produit | Sous-thème=Gestion endpoint centralisée | Type de source=Publique primaire | Géographie=International | Utilité potentielle=Produit; automatisation; channel | Décision qualité=À conserver — valeur analytique forte,,,,,,,,,,,,
SIG-PUB-WATCHGUARD-009,Partenariat,46126,"WatchGuard Technologies, Inc.",WatchGuard annonce un partenariat stratégique avec Halo et l’intégration de WatchGuard Cloud à HaloPSA pour intégrer les opérations de sécurité dans le PSA.,SRC-PUB-WATCHGUARD-004,https://www.watchguard.com/fr/wgrd-news/press-releases/watchguard-et-halo-annoncent-un-partenariat-pour-permettre-aux-msp-de | Archive 2026-04-14_WatchGuard_halo.html,"WatchGuard® Technologies, leader mondial de la cybersécurité unifiée pour les fournisseurs de services managés (MSP), annonce un partenariat stratégique avec Halo afin d’aider les MSP à fournir et à gérer des services de sécurité avec une charge opérationnelle réduite et des temps de réponse plus rapides. Dans le cadre de cette collaboration, WatchGuard Cloud s’intègre à Halo afin d’y intégrer directement des opérations de sécurité unifiées.",Factuel,Élevée,Public — mutualisable,Citation courte / analyse seulement,À valider,Pas de doublon détecté,Pas de contradiction détectée,46218.333333333336,Codex,Auteur=WatchGuard Technologies | Thème=Partenariats | Sous-thème=Intégration PSA Halo | Type de source=Publique primaire | Géographie=International | Utilité potentielle=Partenaires; channel; automatisation | Décision qualité=À conserver — valeur analytique forte,,,,,,,,,,,,
SIG-PUB-WATCHGUARD-010,Évolution d’offre,46126,"WatchGuard Technologies, Inc.",L’intégration HaloPSA automatise des workflows de tickets à partir d’événements de sécurité et de licences et améliore l’alignement contractuel et la facturation récurrente.,SRC-PUB-WATCHGUARD-004,https://www.watchguard.com/fr/wgrd-news/press-releases/watchguard-et-halo-annoncent-un-partenariat-pour-permettre-aux-msp-de | Archive 2026-04-14_WatchGuard_halo.html,"Grâce à cette intégration fluide avec Halo, WatchGuard simplifie la surveillance et la gestion de la posture de sécurité pour les MSP, accélère les temps de réponse et optimise le provisioning, le ticketing et la facturation via l’interface Halo. Les événements de sécurité et les signaux liés aux licences peuvent alimenter des workflows automatisés de tickets, tandis que les données vérifiées sur les actifs et les droits améliorent l’alignement des contrats et la précision de la facturation récurrente.",Factuel,Élevée,Public — mutualisable,Citation courte / analyse seulement,À valider,Pas de doublon détecté,Pas de contradiction détectée,46218.333333333336,Codex,Auteur=WatchGuard Technologies | Thème=Go-to-market | Sous-thème=Automatisation de l’exploitation MSP | Type de source=Publique primaire | Géographie=International | Utilité potentielle=Automatisation; ventes; services managés | Décision qualité=À conserver — valeur analytique forte,,,,,,,,,,,,
SIG-PUB-WATCHGUARD-011,Investissement / R&D,46148,"WatchGuard Technologies, Inc.","WatchGuard lance Rai, une IA agentique conçue pour exécuter proactivement des tâches de cybersécurité dans les environnements clients des MSP.",SRC-PUB-WATCHGUARD-005,https://www.watchguard.com/wgrd-news/press-releases/watchguard-presente-rai-une-ia-agentique-veritable-collaborateur-analyste | Archive 2026-05-06_WatchGuard_rai.html,"WatchGuard® Technologies, leader mondial de la cybersécurité unifiée pour les MSP, redéfinit la manière dont les fournisseurs de services managés (MSP) assurent la sécurité à grande échelle de leurs clients, avec le lancement de Rai™. Présenté lors de la Conférence Partenaires WatchGuard, IMPACT EMEA, Rai™ est une IA agentique œuvrant comme un véritable collaborateur numérique, conçue spécialement pour les MSP afin d’exécuter de manière proactive des tâches de cybersécurité dans les environnements clients.",Factuel,Élevée,Public — mutualisable,Citation courte / analyse seulement,À valider,Pas de doublon détecté,Pas de contradiction détectée,46218.333333333336,Codex,Auteur=WatchGuard Technologies | Thème=Produit | Sous-thème=IA agentique pour opérations MSP | Type de source=Publique primaire | Géographie=International | Utilité potentielle=IA; produit; stratégie | Décision qualité=À conserver — valeur analytique forte,,,,,,,,,,,,
SIG-PUB-WATCHGUARD-012,Évolution d’offre,46148,"WatchGuard Technologies, Inc.","Rai est d’abord positionnée comme analyste continu des terminaux et du réseau, avec des rôles d’auditeur et d’administrateur annoncés ultérieurement.",SRC-PUB-WATCHGUARD-005,https://www.watchguard.com/wgrd-news/press-releases/watchguard-presente-rai-une-ia-agentique-veritable-collaborateur-analyste | Archive 2026-05-06_WatchGuard_rai.html,"Rai joue tout d’abord – et dès aujourd’hui – le rôle d’analyste, pour détecter, enquêter et fournir des informations en continu et sans interruption sur les activités des terminaux et du réseau, épargnant ainsi aux partenaires la gestion des alertes en 24 h/24, 7 j/7 et 365 jours par an. Prochainement, Rai assumera également les rôles d’auditeur et d’administrateur, ce qui étendra ses capacités en matière de conformité et d’opérations.",Déclaration,Élevée,Public — mutualisable,Citation courte / analyse seulement,À valider,Pas de doublon détecté,Pas de contradiction détectée,46218.333333333336,Codex,Auteur=WatchGuard Technologies | Thème=Produit | Sous-thème=Feuille de route Rai | Type de source=Publique primaire | Géographie=International | Utilité potentielle=IA; automatisation; conformité | Décision qualité=À conserver — valeur analytique forte,,,,,,,,,,,,
SIG-PUB-WATCHGUARD-013,Acquisition / cession,46148,"WatchGuard Technologies, Inc.","WatchGuard annonce l’acquisition du fournisseur de sécurité des applications cloud Perimeters.io, sans divulguer les termes de l’opération.",SRC-PUB-WATCHGUARD-006,https://www.watchguard.com/wgrd-news/press-releases/watchguard-technologies-acquiert-perimetersio-pour-renforcer-la-securite | Archive 2026-05-06_WatchGuard_perimeters-cloud-dr.html,"WatchGuard® Technologies, leader mondial de la cybersécurité unifiée pour les MSP annonce l’acquisition de Perimeters.io (Perimeters), un fournisseur de premier plan en sécurité des applications cloud. Les termes de l’accord n’ont pas été divulgués.",Factuel,Élevée,Public — mutualisable,Citation courte / analyse seulement,À valider,Pas de doublon détecté,Pas de contradiction détectée,46218.333333333336,Codex,Auteur=WatchGuard Technologies | Thème=Stratégie | Sous-thème=Croissance externe cloud | Type de source=Publique primaire | Géographie=International | Utilité potentielle=Stratégie; acquisition; positionnement | Décision qualité=À conserver — valeur analytique forte,,,,,,,,,,,,
SIG-PUB-WATCHGUARD-014,Lancement d’offre,46148,"WatchGuard Technologies, Inc.","CloudDR, basé sur la technologie Perimeters.io, fournit une détection et une réponse automatisées multi-tenant pour les applications cloud et les menaces d’identité.",SRC-PUB-WATCHGUARD-006,https://www.watchguard.com/wgrd-news/press-releases/watchguard-technologies-acquiert-perimetersio-pour-renforcer-la-securite | Archive 2026-05-06_WatchGuard_perimeters-cloud-dr.html,"Dans le même temps, WatchGuard annonce la disponibilité de WatchGuard Cloud Detection and Response (CloudDR). Alimentée par la technologie de sécurité unique de Perimeters, cette solution offre une visibilité continue, une détection intégrée et une réponse automatisée au sein des applications cloud, via une plateforme multi-tenant unique conçue spécifiquement pour les MSP. Conçue dès le départ avec une approche centrée sur l’IA, WatchGuard Cloud DR identifie les menaces liées au cloud et aux identités grâce à des capacités modernes de détection et de réponse aux menaces liées aux identités (ITDR).",Factuel,Élevée,Public — mutualisable,Citation courte / analyse seulement,À valider,Pas de doublon détecté,Pas de contradiction détectée,46218.333333333336,Codex,Auteur=WatchGuard Technologies | Thème=Produit | Sous-thème=CloudDR et ITDR | Type de source=Publique primaire | Géographie=International | Utilité potentielle=Produit; IA; services managés | Décision qualité=À conserver — valeur analytique forte,,,,,,,,,,,,
SIG-PUB-WATCHGUARD-015,Étude de marché,46162,"WatchGuard Technologies, Inc.","Dans l’étude WatchGuard menée auprès de près de 1 000 responsables de 20 pays, 91 % craignent les attaques alimentées par l’IA, 75 % ont subi un incident, 54 % ne peuvent assurer une surveillance 24/7 et 67 % ont besoin d’aide pour la conformité.",SRC-PUB-WATCHGUARD-007,https://www.watchguard.com/wgrd-news/press-releases/smbs-hit-cybersecurity-breaking-point-91-fear-ai-driven-attacks-driving | Archive 2026-05-20_WatchGuard_smb-ai-study.html,"According to the study of nearly 1,000 IT and cybersecurity leaders across 20 countries, 91% of organizations are concerned about AI-driven cyberattacks, while 75% experienced at least one cyber incident in the past year. At the same time, 54% say they lack the ability to deliver continuous 24/7 monitoring and response, and 67% need additional support to meet growing compliance demands.",Factuel,Moyenne,Public — mutualisable,Citation courte / analyse seulement,À valider,Pas de doublon détecté,Pas de contradiction détectée,46218.333333333336,Codex,Auteur=WatchGuard Technologies | Thème=Analyse concurrentielle | Sous-thème=Besoins cyber des PME selon étude commanditée | Type de source=Publique primaire | Géographie=International | Utilité potentielle=Marché; services managés; réglementation | Décision qualité=À conserver — valeur analytique forte | Élément à corroborer,,,,,,,,,,,,
SIG-PUB-WATCHGUARD-016,Étude de marché,46162,"WatchGuard Technologies, Inc.",WatchGuard interprète les résultats de son étude comme un déplacement de la sécurité interne vers des modèles externalisés et disponibles en continu.,SRC-PUB-WATCHGUARD-007,https://www.watchguard.com/wgrd-news/press-releases/smbs-hit-cybersecurity-breaking-point-91-fear-ai-driven-attacks-driving | Archive 2026-05-20_WatchGuard_smb-ai-study.html,"The result is a fundamental shift away from do-it-yourself security toward externally delivered, always-on protection models.",Interprétatif,Moyenne,Public — mutualisable,Citation courte / analyse seulement,À valider,Pas de doublon détecté,Pas de contradiction détectée,46218.333333333336,Codex,Auteur=WatchGuard Technologies | Thème=Analyse concurrentielle | Sous-thème=Externalisation de la sécurité selon WatchGuard | Type de source=Publique primaire | Géographie=International | Utilité potentielle=Marché; services managés; signal de changement | Décision qualité=À conserver — valeur analytique forte | Élément à corroborer,,,,,,,,,,,,
SIG-PUB-WATCHGUARD-017,Positionnement,46177,"WatchGuard Technologies, Inc.","WatchGuard rapporte avoir été classé Champion pour la quatrième année consécutive dans la matrice Omdia 2026, qui a évalué 24 fournisseurs de cybersécurité.",SRC-PUB-WATCHGUARD-008,https://www.watchguard.com/wgrd-news/press-releases/watchguard-named-champion-omdia-global-cybersecurity-msp-ecosystems | Archive 2026-06-04_WatchGuard_omdia.html,"WatchGuard Technologies, the global leader in unified cybersecurity for managed service providers (MSPs), today announced it has been named a Champion in the Omdia Global Cybersecurity MSP Ecosystems Leadership Matrix 2026 for the fourth consecutive year. The Omdia Leadership Matrix, formerly known as the Canalys Cybersecurity Leadership Matrix, evaluates cybersecurity vendors that play a critical role in driving the success of the MSP ecosystem. The 2026 report assessed 24 cybersecurity vendors based on analyst assessment, MSP feedback, and performance metrics, including partner sentiment, channel enablement, and market momentum.",Déclaration,Moyenne,Public — mutualisable,Citation courte / analyse seulement,À valider,Pas de doublon détecté,Pas de contradiction détectée,46218.333333333336,Codex,Auteur=WatchGuard Technologies | Thème=Analyse concurrentielle | Sous-thème=Classement Omdia MSP | Type de source=Publique primaire | Géographie=International | Utilité potentielle=Positionnement; concurrence; channel | Décision qualité=À conserver — information de contexte | Élément à corroborer,,,,,,,,,,,,
SIG-PUB-WATCHGUARD-018,Positionnement,46177,"WatchGuard Technologies, Inc.","Selon WatchGuard, Omdia a relevé ses initiatives de cross-sell, la simplification de WatchGuardONE, ses intégrations PSA, son agent unifié et l’extension de son MDR aux outils tiers.",SRC-PUB-WATCHGUARD-008,https://www.watchguard.com/wgrd-news/press-releases/watchguard-named-champion-omdia-global-cybersecurity-msp-ecosystems | Archive 2026-06-04_WatchGuard_omdia.html,"In its 2026 report, Omdia highlighted WatchGuard’s expansion of its Unified Security Platform® and continued investments that simplify operations for MSPs. The firm noted WatchGuard’s cross-sell initiatives, simplified enablement within the WatchGuardONE Partner Program, enhanced PSA integrations, and the unified WatchGuard Agent, all of which help reduce deployment friction and ease the delivery of profitable security services. Omdia also recognized WatchGuard’s expanded Managed Detection and Response (MDR) capabilities, which provide unified protection across endpoint, network, identity, and cloud, while supporting third-party tools through Open MDR.",Interprétatif,Moyenne,Public — mutualisable,Citation courte / analyse seulement,À valider,Pas de doublon détecté,Pas de contradiction détectée,46218.333333333336,Codex,Auteur=WatchGuard Technologies | Thème=Stratégie | Sous-thème=Évaluation de la stratégie channel par Omdia | Type de source=Publique primaire | Géographie=International | Utilité potentielle=Stratégie; channel; analyse concurrentielle | Décision qualité=À conserver — valeur analytique forte | Élément à corroborer,,,,,,,,,,,,
SIG-PUB-WATCHGUARD-019,Lancement d’offre,45832,"WatchGuard Technologies, Inc.","WatchGuard lance Total MDR, un service managé assisté par IA couvrant endpoints, identités, réseaux et applications cloud tierces depuis une plateforme unique.",SRC-PUB-WATCHGUARD-009,https://www.watchguard.com/fr/wgrd-news/press-releases/watchguard-launches-total-mdr-deliver-full-stack-ai-driven-security-msps | Archive 2025-06-24_WatchGuard_total-mdr.html,"SEATTLE – June 24, 2025 – WatchGuard® Technologies, a global leader in unified cybersecurity for managed service providers (MSPs), today announced WatchGuard Total MDR, a fully integrated, AI-powered managed detection and response (MDR) service. It delivers enterprise-grade security, specifically for WatchGuard endpoint, identity, network, and third-party Cloud applications, allowing partners to detect complex attacks and respond quickly, all from one platform.",Factuel,Élevée,Public — mutualisable,Citation courte / analyse seulement,À valider,Pas de doublon détecté,Pas de contradiction détectée,46218.333333333336,Codex,Auteur=WatchGuard Technologies | Thème=Produit | Sous-thème=MDR full-stack | Type de source=Publique primaire | Géographie=International | Utilité potentielle=Produit; services managés; positionnement | Décision qualité=À conserver — valeur analytique forte,,,,,,,,,,,,
SIG-PUB-WATCHGUARD-020,Performance économique,45832,"WatchGuard Technologies, Inc.",WatchGuard affirme que Total MDR réduit le délai moyen de détection et de réponse à six minutes et génère moins d’un faux positif mensuel en moyenne.,SRC-PUB-WATCHGUARD-009,https://www.watchguard.com/fr/wgrd-news/press-releases/watchguard-launches-total-mdr-deliver-full-stack-ai-driven-security-msps | Archive 2025-06-24_WatchGuard_total-mdr.html,"WatchGuard Total MDR addresses these challenges with its 24/7 Security Operations Center (SOC) team, powered by AI and expert threat hunters. Total MDR reduces detection and response times to an average of six minutes—an 80% decrease from the industry average of 30 minutes—with fewer than one false positive per month on average compared to the typical 250+ false positives a month.",Déclaration,Moyenne,Public — mutualisable,Citation courte / analyse seulement,À valider,Pas de doublon détecté,Pas de contradiction détectée,46218.333333333336,Codex,Auteur=WatchGuard Technologies | Thème=Produit | Sous-thème=Performance déclarée du MDR | Type de source=Publique primaire | Géographie=International | Utilité potentielle=Analyse concurrentielle; produit; ventes | Décision qualité=À conserver — information de contexte | Élément à corroborer,,,,,,,,,,,,
SIG-PUB-WATCHGUARD-021,Évolution d’offre,45832,"WatchGuard Technologies, Inc.","Total MDR inclut une couverture SOC 24/7, des responsables techniques de compte, des informations sur les menaces et des runbooks adaptables au modèle de service du partenaire.",SRC-PUB-WATCHGUARD-009,https://www.watchguard.com/fr/wgrd-news/press-releases/watchguard-launches-total-mdr-deliver-full-stack-ai-driven-security-msps | Archive 2025-06-24_WatchGuard_total-mdr.html,"Expert Guidance: Total MDR is a fully managed detection and response service built for partners. It includes 24/7 SOC coverage and access to technical account managers who offer ongoing threat insights, escalation support, and adaptable runbooks to deliver the right level of guidance to match partners' services and business model.",Factuel,Élevée,Public — mutualisable,Citation courte / analyse seulement,À valider,Pas de doublon détecté,Pas de contradiction détectée,46218.333333333336,Codex,Auteur=WatchGuard Technologies | Thème=Go-to-market | Sous-thème=Accompagnement opérationnel des MSP | Type de source=Publique primaire | Géographie=International | Utilité potentielle=Services managés; channel; go-to-market | Décision qualité=À conserver — valeur analytique forte,,,,,,,,,,,,
SIG-PUB-WATCHGUARD-022,Contrat / référence client,45832,"WatchGuard Technologies, Inc.","Le fondateur d’Eiffie présente Total MDR comme un SOC virtuel personnalisé apportant renseignement sur les menaces, accompagnement et escalade à un coût optimisé.",SRC-PUB-WATCHGUARD-009,https://www.watchguard.com/fr/wgrd-news/press-releases/watchguard-launches-total-mdr-deliver-full-stack-ai-driven-security-msps | Archive 2025-06-24_WatchGuard_total-mdr.html,"“WatchGuard Total MDR is not only important for our clients, but it’s imperative as it acts as a customized virtual SOC, providing continuous threat intelligence, strategic guidance, and escalation support, enabling us to proactively defend against adversaries and attacks at an optimized cost.”",Déclaration,Moyenne,Public — mutualisable,Citation courte / analyse seulement,À valider,Pas de doublon détecté,Pas de contradiction détectée,46218.333333333336,Codex,Auteur=Fondateur d’Eiffie | Thème=Partenariats | Sous-thème=Témoignage Eiffie | Type de source=Publique primaire | Géographie=France | Utilité potentielle=Clients; services managés; marketing | Décision qualité=À conserver — valeur analytique forte | Élément à corroborer,,,,,,,,,,,,
SIG-PUB-WATCHGUARD-023,Acquisition / cession,45832,"WatchGuard Technologies, Inc.",WatchGuard indique que l’acquisition d’ActZero en janvier 2025 et son expertise SOC 24/7 alimentent la gamme WatchGuard MDR.,SRC-PUB-WATCHGUARD-009,https://www.watchguard.com/fr/wgrd-news/press-releases/watchguard-launches-total-mdr-deliver-full-stack-ai-driven-security-msps | Archive 2025-06-24_WatchGuard_total-mdr.html,"Total MDR is a key milestone following WatchGuard’s acquisition of ActZero in January of this year. ActZero’s 24/7 MDR service and experts power the WatchGuard MDR product line, which includes AI-driven security and flexible support tailored to MSPs.",Factuel,Élevée,Public — mutualisable,Citation courte / analyse seulement,À valider,Pas de doublon détecté,Pas de contradiction détectée,46218.333333333336,Codex,Auteur=WatchGuard Technologies | Thème=Stratégie | Sous-thème=Intégration d’ActZero | Type de source=Publique primaire | Géographie=International | Utilité potentielle=Acquisition; services managés; stratégie | Décision qualité=À conserver — valeur analytique forte,,,,,,,,,,,,
SIG-PUB-WATCHGUARD-024,Lancement d’offre,45925,"WatchGuard Technologies, Inc.","WatchGuard lance FireCloud Total Access, un service SASE hybride réunissant SWG, FWaaS, ZTNA et gestion des identités pour les MSP et les petites équipes IT.",SRC-PUB-WATCHGUARD-010,https://www.watchguard.com/fr/wgrd-news/press-releases/watchguard-firecloud-total-access-le-premier-service-sase-hybride-adapte | Archive 2025-09-25_WatchGuard_firecloud-total-access.html,"Paris – 25 septembre 2025 – WatchGuard® Technologies, leader mondial de la cybersécurité unifiée, annonce le lancement de FireCloud Total Access, le premier service SASE hybride qui dépasse le cadre des grandes entreprises et rend le Zero Trust et la sécurité Cloud accessibles aux MSP et aux équipes IT réduites. Rapide à déployer et simple à administrer, FireCloud Total Access unifie SWG (Secure Web Gateway), FWaaS (Firewall-as-a-service), ZTNA (Zero Trust Network Access) et gestion des identités au sein d’une plateforme Cloud unique pour protéger les collaborateurs hybrides.",Factuel,Élevée,Public — mutualisable,Citation courte / analyse seulement,À valider,Pas de doublon détecté,Pas de contradiction détectée,46218.333333333336,Codex,Auteur=WatchGuard Technologies | Thème=Produit | Sous-thème=SASE hybride pour PME et MSP | Type de source=Publique primaire | Géographie=France et international | Utilité potentielle=Produit; positionnement; go-to-market | Décision qualité=À conserver — valeur analytique forte,,,,,,,,,,,,
SIG-PUB-WATCHGUARD-025,Évolution d’offre,45925,"WatchGuard Technologies, Inc.","FireCloud Total Access combine administration multi-tenant, héritage des politiques, rapports et licence par utilisateur alignée sur les revenus récurrents des partenaires.",SRC-PUB-WATCHGUARD-010,https://www.watchguard.com/fr/wgrd-news/press-releases/watchguard-firecloud-total-access-le-premier-service-sase-hybride-adapte | Archive 2025-09-25_WatchGuard_firecloud-total-access.html,"Gestion allégée : administration multi-tenant, héritage des politiques et rapports prêts à l’emploi. Facturation prévisible : licence par utilisateur, parfaitement alignée sur les modèles de revenus récurrents des partenaires.",Factuel,Élevée,Public — mutualisable,Citation courte / analyse seulement,À valider,Pas de doublon détecté,Pas de contradiction détectée,46218.333333333336,Codex,Auteur=WatchGuard Technologies | Thème=Go-to-market | Sous-thème=Modèle d’exploitation et de licence SASE | Type de source=Publique primaire | Géographie=International | Utilité potentielle=Channel; ventes; automatisation | Décision qualité=À conserver — valeur analytique forte,,,,,,,,,,,,
SIG-PUB-WATCHGUARD-026,Évolution d’offre,45965,"WatchGuard Technologies, Inc.","WatchGuard Cloud PSA étend son support natif à ConnectWise Manage, Autotask PSA et HaloPSA pour les services réseau, identité, endpoint et MDR.",SRC-PUB-WATCHGUARD-011,https://www.watchguard.com/wgrd-news/press-releases/watchguard-technologies-expands-professional-services-automation | Archive 2025-11-04_WatchGuard_psa-unified-agent.html,"Seattle, WA – November 4, 2025: WatchGuard® Technologies, a global leader in unified cybersecurity for managed service, today announced a major expansion of its WatchGuard Cloud PSA (Professional Services Automation), now offering deep, native support for ConnectWise Manage, Autotask PSA, and HaloPSA*. This broad integration – which includes the entire portfolio of Network, Identity, Endpoint, and MDR services ‒ solidifies WatchGuard's continued commitment to empowering MSPs by embedding security management directly into the core systems they rely on to operate and grow their businesses.",Factuel,Élevée,Public — mutualisable,Citation courte / analyse seulement,À valider,Pas de doublon détecté,Pas de contradiction détectée,46218.333333333336,Codex,Auteur=WatchGuard Technologies | Thème=Partenariats | Sous-thème=Intégrations PSA multi-outils | Type de source=Publique primaire | Géographie=International | Utilité potentielle=Partenaires; channel; automatisation | Décision qualité=À conserver — valeur analytique forte,,,,,,,,,,,,
SIG-PUB-WATCHGUARD-027,Évolution d’offre,45965,"WatchGuard Technologies, Inc.","WatchGuard annonce en bêta un agent modulaire unique couvrant FireCloud, la sécurité endpoint, les modules associés et les collecteurs NDR sur plusieurs systèmes d’exploitation.",SRC-PUB-WATCHGUARD-011,https://www.watchguard.com/wgrd-news/press-releases/watchguard-technologies-expands-professional-services-automation | Archive 2025-11-04_WatchGuard_psa-unified-agent.html,"Managed service providers have made it abundantly clear that managing multiple agents is no longer acceptable. WatchGuard is the first to answer the call with WatchGuard Agent, a single, modular agent for FireCloud client, endpoint security products and add-ons (including patch management and encryption), NDR collectors, and cross-platform support for Windows, macOS, Linux, Android, and iOS. Partners that qualify can join the beta now.",Déclaration,Élevée,Public — mutualisable,Citation courte / analyse seulement,À valider,Pas de doublon détecté,Pas de contradiction détectée,46218.333333333336,Codex,Auteur=WatchGuard Technologies | Thème=Produit | Sous-thème=Agent de sécurité unifié | Type de source=Publique primaire | Géographie=International | Utilité potentielle=Produit; automatisation; gestion multi-clients | Décision qualité=À conserver — valeur analytique forte,,,,,,,,,,,,
SIG-PUB-WATCHGUARD-028,Changement organisationnel,45966,"WatchGuard Technologies, Inc.",WatchGuard nomme Joe Smolarski CEO; Vats Srivatsan reste au conseil d’administration pour contribuer à la stratégie et à la croissance.,SRC-PUB-WATCHGUARD-012,https://www.watchguard.com/fr/wgrd-news/press-releases/watchguard-nomme-joe-smolarski-au-poste-de-chief-executive-officer-pour | Archive 2025-11-05_WatchGuard_joe-smolarski.html,"PARIS – 5 novembre 2025 – WatchGuard® Technologies, leader mondial de la cybersécurité unifiée et société du portefeuille de Vector Capital (“Vector”), annonce aujourd’hui la nomination de Joe Smolarski au poste de Chief Executive Officer (CEO). Vats Srivatsan, qui occupait la fonction de CEO par intérim depuis mai 2025, continuera de siéger au conseil d’administration de WatchGuard, où il contribuera à la stratégie et à la croissance de l’entreprise.",Factuel,Élevée,Public — mutualisable,Citation courte / analyse seulement,À valider,Pas de doublon détecté,Pas de contradiction détectée,46218.333333333336,Codex,Auteur=WatchGuard Technologies | Thème=Stratégie | Sous-thème=Changement de direction | Type de source=Publique primaire | Géographie=International | Utilité potentielle=Organisation; stratégie | Décision qualité=À conserver — information de contexte,,,,,,,,,,,,
SIG-PUB-WATCHGUARD-029,Prise de parole dirigeant,45966,"WatchGuard Technologies, Inc.","WatchGuard déclare avoir accéléré l’adoption de l’IA, modernisé son modèle de distribution partenaires et renouvelé son portefeuille réseau avant la nomination du nouveau CEO.",SRC-PUB-WATCHGUARD-012,https://www.watchguard.com/fr/wgrd-news/press-releases/watchguard-nomme-joe-smolarski-au-poste-de-chief-executive-officer-pour | Archive 2025-11-05_WatchGuard_joe-smolarski.html,"Sous la direction de Vats, WatchGuard a relancé son élan d’innovation, renforcé son excellence opérationnelle et accéléré l’adoption de l’intelligence artificielle. L’entreprise a également modernisé son modèle de distribution matérielle et logicielle à destination de ses partenaires, lancé une mise à jour majeure de son portefeuille de sécurité réseau et réalisé un troisième trimestre record en termes de performance et de croissance. Ces initiatives ont contribué à une progression significative du chiffre d’affaires et de la rentabilité, à un gain de parts de marché à l’échelle mondiale et à une accélération du modèle Unified Security Platform®, axé sur les MSP (Managed Service Providers).",Déclaration,Moyenne,Public — mutualisable,Citation courte / analyse seulement,À valider,Pas de doublon détecté,Pas de contradiction détectée,46218.333333333336,Codex,Auteur=WatchGuard Technologies | Thème=Stratégie | Sous-thème=Trajectoire stratégique déclarée | Type de source=Publique primaire | Géographie=International | Utilité potentielle=Stratégie; channel; évolution produit | Décision qualité=À conserver — valeur analytique forte | Élément à corroborer,,,,,,,,,,,,
SIG-PUB-WATCHGUARD-030,Positionnement,46043,WatchGuard France,"WatchGuard France déclare compter 645 partenaires actifs et positionne sa plateforme unifiée autour du réseau, des endpoints, des identités, de l’IA et du Zero Trust.",SRC-PUB-WATCHGUARD-013,https://www.channelnews.fr/croissance-de-15-pour-watchguard-en-france-154200 | Archive 2026-01-21_ChannelNews_watchguard-france.html,"Watchguard : Nous comptons actuellement 645 partenaires actifs en France. Nous sommes un leader mondial de la cybersécurité, spécifiquement pour les fournisseurs de services managés (MSP). Notre plateforme de sécurité unifiée fédère réseaux, points de terminaison (endpoints) et identités, en s’appuyant sur l’IA et le Zero Trust.",Déclaration,Moyenne,Public — mutualisable,Citation courte / analyse seulement,À valider,Pas de doublon détecté,Pas de contradiction détectée,46218.333333333336,Codex,Auteur=WatchGuard France | Thème=Ventes | Sous-thème=Réseau partenaires français | Type de source=Publique secondaire | Géographie=France | Utilité potentielle=Channel; positionnement; ventes | Décision qualité=À conserver — valeur analytique forte | Élément à corroborer,,,,,,,,,,,,
SIG-PUB-WATCHGUARD-031,Performance économique,46043,WatchGuard France,"WatchGuard France déclare une croissance de 15 % en 2025, portée par la demande pour Endpoint Security et MDR et par l’adoption du MDR chez ses partenaires MSP.",SRC-PUB-WATCHGUARD-013,https://www.channelnews.fr/croissance-de-15-pour-watchguard-en-france-154200 | Archive 2026-01-21_ChannelNews_watchguard-france.html,"Watchguard : WatchGuard France a enregistré une croissance de 15% par rapport à 2024, portée par la demande croissante pour nos solutions Endpoint Security et MDR. L’adoption de MDR a été un facteur clé pour permettre à nos partenaires MSP de sécuriser proactivement leurs clients.",Déclaration,Moyenne,Public — mutualisable,Citation courte / analyse seulement,À valider,Pas de doublon détecté,Pas de contradiction détectée,46218.333333333336,Codex,Auteur=WatchGuard France | Thème=Ventes | Sous-thème=Croissance française 2025 | Type de source=Publique secondaire | Géographie=France | Utilité potentielle=Ventes; marché; channel | Décision qualité=À conserver — valeur analytique forte | Élément à corroborer,,,,,,,,,,,,
SIG-PUB-WATCHGUARD-032,Performance économique,46043,WatchGuard France,WatchGuard France anticipe 15 % de croissance en 2026 et vise 20 % à moyen terme.,SRC-PUB-WATCHGUARD-013,https://www.channelnews.fr/croissance-de-15-pour-watchguard-en-france-154200 | Archive 2026-01-21_ChannelNews_watchguard-france.html,"Watchguard : Nous anticipons une croissance annuelle de 15% en 2026, avec l’ambition d’atteindre 20% à moyen terme.",Déclaration,Moyenne,Public — mutualisable,Citation courte / analyse seulement,À valider,Pas de doublon détecté,Pas de contradiction détectée,46218.333333333336,Codex,Auteur=WatchGuard France | Thème=Ventes | Sous-thème=Objectif de croissance France | Type de source=Publique secondaire | Géographie=France | Utilité potentielle=Ventes; stratégie; signal de changement | Décision qualité=À conserver — valeur analytique forte | Élément à corroborer,,,,,,,,,,,,
SIG-PUB-WATCHGUARD-033,Positionnement,46043,WatchGuard France,"Pour IT Partners 2026, WatchGuard France met en avant FireCloud Total Access, Endpoint Security et son service MDR managé.",SRC-PUB-WATCHGUARD-013,https://www.channelnews.fr/croissance-de-15-pour-watchguard-en-france-154200 | Archive 2026-01-21_ChannelNews_watchguard-france.html,"Watchguard : Nous mettons 3 solutions en avant : FireCloud Total Access, nos solutions Endpoint Security et notre service MDR (Managed Detection and Response) managé.",Déclaration,Moyenne,Public — mutualisable,Citation courte / analyse seulement,À valider,Pas de doublon détecté,Pas de contradiction détectée,46218.333333333336,Codex,Auteur=WatchGuard France | Thème=Marketing | Sous-thème=Priorités commerciales visibles en France | Type de source=Publique secondaire | Géographie=France | Utilité potentielle=Marketing; communication; ventes | Décision qualité=À conserver — information de contexte | Élément à corroborer,,,,,,,,,,,,
SIG-PUB-CHECKPOINT-001,Évolution d’offre,46183,Check Point Software Technologies Ltd.,"Check Point annonce une extension majeure de sa plateforme MSP destinée à sécuriser l’adoption de l’IA, rationaliser les opérations et simplifier la fourniture de services managés.",SRC-PUB-CHECKPOINT-001,https://www.checkpoint.com/press-releases/check-point-advances-secure-ai-transformation-for-msps-with-new-platform-ai-security-capabilities-and-unified-security-bundles/ | Archive 2026-06-10_CheckPoint_msp-platform.html,"Check Point® Software Technologies Ltd. (NASDAQ: CHKP), a pioneer and global leader of cyber security solutions, today announced a major expansion of its Managed Service Provider (MSP) platform. Unveiled at the Pax8 Beyond 2026 flagship conference and rolling out globally to Check Point partners, the new platform is designed to help MSPs secure AI adoption, streamline operations, and simplify managed security delivery.",Factuel,Élevée,Public — mutualisable,Citation courte / analyse seulement,À valider,Pas de doublon détecté,Pas de contradiction détectée,46218.416666666664,Codex,Auteur=Check Point Software Technologies Ltd. | Thème=Stratégie | Sous-thème=Extension de la plateforme MSP | Type de source=Publique primaire | Géographie=International | Utilité potentielle=Stratégie; MSP; go-to-market | Décision qualité=À conserver — valeur analytique forte,,,,,,,,,,,,
SIG-PUB-CHECKPOINT-002,Positionnement,46183,Check Point Software Technologies Ltd.,"La vision MSP annoncée réunit la sécurité des usages de l’IA, une plateforme multi-tenant avec accès MCP et des offres groupées sous licence simplifiée.",SRC-PUB-CHECKPOINT-001,https://www.checkpoint.com/press-releases/check-point-advances-secure-ai-transformation-for-msps-with-new-platform-ai-security-capabilities-and-unified-security-bundles/ | Archive 2026-06-10_CheckPoint_msp-platform.html,"The announcement brings together three strategic innovations under a single MSP vision: Securing AI and AI usage for MSPs A new multi-tenant MSP management platform with Management Control Plane (MCP) access Unified managed security bundles delivered through a simplified licensing model Together, these capabilities are designed to help MSPs evolve from infrastructure providers into strategic security and AI transformation partners for their customers.",Déclaration,Élevée,Public — mutualisable,Citation courte / analyse seulement,À valider,Pas de doublon détecté,Pas de contradiction détectée,46218.416666666664,Codex,Auteur=Check Point Software Technologies Ltd. | Thème=Produit | Sous-thème=Architecture de l’offre MSP | Type de source=Publique primaire | Géographie=International | Utilité potentielle=Produit; MSP; analyse concurrentielle | Décision qualité=À conserver — valeur analytique forte,,,,,,,,,,,,
SIG-PUB-CHECKPOINT-003,Évolution d’offre,46183,Check Point Software Technologies Ltd.,"La nouvelle plateforme MSP prévoit un accès multi-tenant au portefeuille Check Point, l’intégration de Workforce AI et des PSA, un MCP et une équipe dédiée à l’expérience MSP.",SRC-PUB-CHECKPOINT-001,https://www.checkpoint.com/press-releases/check-point-advances-secure-ai-transformation-for-msps-with-new-platform-ai-security-capabilities-and-unified-security-bundles/ | Archive 2026-06-10_CheckPoint_msp-platform.html,"The new MSP platform is purpose-built to meet the operational demands of managed service providers, providing: Access to the Check Point product portfolio in a multi-tenant, MSP-friendly environment Native integration of AI security capabilities, including Workforce AI Reinforces Check Point’s open-garden strategy through expanded Professional Services Automation (PSA) integrations MCP (Management Control Plane) for the MSP portal A new dedicated MSP experience team focused on support, onboarding, enablement, and ongoing partner success This platform establishes the foundation for Check Point to serve as a long-term infrastructure partner for MSPs, enabling them to manage comprehensive security from a single interface.",Factuel,Élevée,Public — mutualisable,Citation courte / analyse seulement,À valider,Pas de doublon détecté,Pas de contradiction détectée,46218.416666666664,Codex,Auteur=Check Point Software Technologies Ltd. | Thème=Produit | Sous-thème=Gestion multi-tenant et opérations MSP | Type de source=Publique primaire | Géographie=International | Utilité potentielle=Produit; MSP; services managés | Décision qualité=À conserver — valeur analytique forte,,,,,,,,,,,,
SIG-PUB-CHECKPOINT-004,Évolution d’offre,46183,Check Point Software Technologies Ltd.,Check Point regroupe huit domaines de sécurité dans une offre MSP intégrée et un SKU unique aligné sur les licences Microsoft des partenaires.,SRC-PUB-CHECKPOINT-001,https://www.checkpoint.com/press-releases/check-point-advances-secure-ai-transformation-for-msps-with-new-platform-ai-security-capabilities-and-unified-security-bundles/ | Archive 2026-06-10_CheckPoint_msp-platform.html,"Check Point also introduced new unified MSP security bundles that simplify how partners procure, manage, and deliver managed security services. The bundles combine email security, endpoint security, browser security, mobile security, SASE, Workforce AI, security awareness training, and DMARC into a single integrated offering. Delivered through a unified management experience and single SKU aligned to the partners’ Microsoft licensing, the bundles help MSPs reduce tool sprawl, streamline procurement, improve operational efficiency, and accelerate customer onboarding.",Factuel,Élevée,Public — mutualisable,Citation courte / analyse seulement,À valider,Pas de doublon détecté,Pas de contradiction détectée,46218.416666666664,Codex,Auteur=Check Point Software Technologies Ltd. | Thème=Produit | Sous-thème=Bundles de sécurité MSP | Type de source=Publique primaire | Géographie=International | Utilité potentielle=Produit; ventes; MSP | Décision qualité=À conserver — valeur analytique forte,,,,,,,,,,,,
SIG-PUB-CHECKPOINT-005,Partenariat,46195,Check Point Software Technologies Ltd.,"Check Point annonce le passage d’un usage interne des modèles OpenAI à leur intégration dans des produits, workflows et services managés destinés aux clients.",SRC-PUB-CHECKPOINT-002,https://www.checkpoint.com/press-releases/check-point-to-embed-openai-frontier-cyber-capabilities-into-check-point-security-products/ | Archive 2026-06-22_CheckPoint_openai.html,"Check Point® Software Technologies Ltd. (NASDAQ: CHKP), a pioneer and global leader of cyber security solutions, today announced the use of OpenAI’s frontier cyber capabilities into its customer-facing defenses. Through the OpenAI Daybreak Cyber Partner Program, open to only a select group of security vendors, Check Point can embed OpenAI models directly into the products, workflows, and managed services its customers rely on. It marks a meaningful shift, from using these models internally to embedding them directly inside the defenses that protect customers, carrying the safety controls, abuse-prevention standards, and scoped outputs that enterprise security demands.",Factuel,Élevée,Public — mutualisable,Citation courte / analyse seulement,À valider,Pas de doublon détecté,Pas de contradiction détectée,46218.416666666664,Codex,Auteur=Check Point Software Technologies Ltd. | Thème=Partenariats | Sous-thème=Intégration des modèles OpenAI | Type de source=Publique primaire | Géographie=International | Utilité potentielle=IA; partenariat; produit | Décision qualité=À conserver — valeur analytique forte,,,,,,,,,,,,
SIG-PUB-CHECKPOINT-006,Positionnement,46195,Check Point Software Technologies Ltd.,"Check Point et OpenAI prévoient un déploiement graduel des capacités cyber avancées, limité d’abord à des usages défensifs contrôlés.",SRC-PUB-CHECKPOINT-002,https://www.checkpoint.com/press-releases/check-point-to-embed-openai-frontier-cyber-capabilities-into-check-point-security-products/ | Archive 2026-06-22_CheckPoint_openai.html,"Through this expanded partnership, Check Point is identifying the defensive security workflows and solutions where OpenAI’s trusted access for cyber models, paired with the right safeguards, can deliver measurable customer value. Check Point and OpenAI are working together to help define the standards for using trusted access frontier AI responsibly in security, building protections against misuse and the controls to catch and stop it. The rollout is deliberately gradual: it begins with carefully controlled defensive uses and widens only as those protections prove themselves.",Déclaration,Élevée,Public — mutualisable,Citation courte / analyse seulement,À valider,Pas de doublon détecté,Pas de contradiction détectée,46218.416666666664,Codex,Auteur=Check Point Software Technologies Ltd. | Thème=Stratégie | Sous-thème=Déploiement responsable de l’IA | Type de source=Publique primaire | Géographie=International | Utilité potentielle=IA; réglementation; stratégie | Décision qualité=À conserver — valeur analytique forte,,,,,,,,,,,,
SIG-PUB-CHECKPOINT-007,Partenariat,46204,Check Point Software Technologies Ltd.,Check Point devient partenaire de l’AWS European Sovereign Cloud et y rend disponible son offre Cloud Firewall.,SRC-PUB-CHECKPOINT-003,https://www.checkpoint.com/press-releases/check-point-softwares-cloud-firewall-offering-now-available-on-aws-european-sovereign-cloud/ | Archive 2026-07-01_CheckPoint_aws-sovereign-cloud.html,"Check Point Software Technologies Ltd. (NASDAQ: CHKP), a pioneer and global leader in cyber security solutions, today announced it is a partner for the AWS European Sovereign Cloud, a new independent cloud for Europe. Check Point’s Cloud Firewall offering is now available on the AWS European Sovereign Cloud, further supporting customers in Europe.",Factuel,Élevée,Public — mutualisable,Citation courte / analyse seulement,À valider,Pas de doublon détecté,Pas de contradiction détectée,46218.416666666664,Codex,Auteur=Check Point Software Technologies Ltd. | Thème=Partenariats | Sous-thème=AWS European Sovereign Cloud | Type de source=Publique primaire | Géographie=Europe | Utilité potentielle=Souveraineté; cloud; partenariat | Décision qualité=À conserver — valeur analytique forte,,,,,,,,,,,,
SIG-PUB-CHECKPOINT-008,Réglementation,46204,Check Point Software Technologies Ltd.,Check Point présente la disponibilité sur l’AWS European Sovereign Cloud comme un moyen de soutenir l’autonomie opérationnelle et la résidence des données dans l’Union européenne.,SRC-PUB-CHECKPOINT-003,https://www.checkpoint.com/press-releases/check-point-softwares-cloud-firewall-offering-now-available-on-aws-european-sovereign-cloud/ | Archive 2026-07-01_CheckPoint_aws-sovereign-cloud.html,"Check Point solutions deliver prevention-first security across network, workload, and application layers, while providing customers with the same availability and performance they expect from Amazon Web Services (AWS). Availability on the AWS European Sovereign Cloud enables European organizations to meet stringent operational autonomy and data residency requirements within the European Union. The AWS European Sovereign Cloud is a fully featured, independently operated sovereign cloud backed by strong technical controls, sovereign assurances, and legal protections designed to meet the needs of European governments and enterprises. The AWS European Sovereign Cloud infrastructure is located entirely within the EU and operates independently of existing AWS Regions.",Déclaration,Moyenne,Public — mutualisable,Citation courte / analyse seulement,À valider,Pas de doublon détecté,Pas de contradiction détectée,46218.416666666664,Codex,Auteur=Check Point Software Technologies Ltd. | Thème=Réglementation | Sous-thème=Résidence des données et autonomie opérationnelle | Type de source=Publique primaire | Géographie=Europe | Utilité potentielle=Souveraineté; conformité; cloud | Décision qualité=À conserver — valeur analytique forte | Élément à corroborer,,,,,,,,,,,,
SIG-PUB-CHECKPOINT-009,Évolution d’offre,46161,Check Point Software Technologies Ltd.,Check Point lance une architecture d’agents autonomes conçue pour exécuter des opérations de sécurité réseau sans intervention humaine constante.,SRC-PUB-CHECKPOINT-004,https://www.checkpoint.com/press-releases/check-point-launches-agentic-network-security-orchestration-platform-turning-months-of-manual-policy-work-into-minutes-of-verified-action/ | Archive 2026-05-19_CheckPoint_agentic-network.html,"Check Point® Software Technologies Ltd. (NASDAQ: CHKP), a pioneer and global leader in cyber security solutions, today launched its Agentic Network Security Orchestration Platform, a purpose-built autonomous agent architecture that executes network security operations across enterprise environments, without requiring constant human intervention. The launch continues the company’s mission to fundamentally transform the way enterprise network security is managed, an approach that has remained largely unchanged since the early days of the firewall era.",Factuel,Élevée,Public — mutualisable,Citation courte / analyse seulement,À valider,Pas de doublon détecté,Pas de contradiction détectée,46218.416666666664,Codex,Auteur=Check Point Software Technologies Ltd. | Thème=Produit | Sous-thème=Orchestration agentique de la sécurité réseau | Type de source=Publique primaire | Géographie=International | Utilité potentielle=Produit; automatisation; IA | Décision qualité=À conserver — valeur analytique forte,,,,,,,,,,,,
SIG-PUB-CHECKPOINT-010,Étude de marché,46161,Check Point Software Technologies Ltd.,"Check Point affirme qu’une demande de changement réseau peut nécessiter deux à quatre semaines d’analyse, de revue de sécurité et de gestion des dépendances.",SRC-PUB-CHECKPOINT-004,https://www.checkpoint.com/press-releases/check-point-launches-agentic-network-security-orchestration-platform-turning-months-of-manual-policy-work-into-minutes-of-verified-action/ | Archive 2026-05-19_CheckPoint_agentic-network.html,"Enterprise networks have grown beyond human capacity to manage. Hybrid cloud adoption, M&A-driven fragmentation, the explosion of connected devices, and the rapid proliferation of AI agents across infrastructure have created environments that no human team was designed to secure at this scale. A single change request can take two to four weeks to work through analysis, security review, and policy dependencies – only to break something else and restart the cycle.",Déclaration,Moyenne,Public — mutualisable,Citation courte / analyse seulement,À valider,Pas de doublon détecté,Pas de contradiction détectée,46218.416666666664,Codex,Auteur=Check Point Software Technologies Ltd. | Thème=Analyse concurrentielle | Sous-thème=Limites de la gestion réseau manuelle | Type de source=Publique primaire | Géographie=International | Utilité potentielle=Marché; signal faible; automatisation | Décision qualité=À conserver — information de contexte | Élément à corroborer,,,,,,,,,,,,
SIG-PUB-CHECKPOINT-011,Positionnement,46161,Check Point Software Technologies Ltd.,"Check Point veut faire évoluer la gestion réseau des règles statiques vers des politiques fondées sur l’intention, des contrôles dynamiques et une orchestration unifiée.",SRC-PUB-CHECKPOINT-004,https://www.checkpoint.com/press-releases/check-point-launches-agentic-network-security-orchestration-platform-turning-months-of-manual-policy-work-into-minutes-of-verified-action/ | Archive 2026-05-19_CheckPoint_agentic-network.html,"Check Point’s platform addresses this by beginning a transformation across three dimensions that have defined and constrained network security management for decades: moving from thousands of static rules to intent-based policy, from fixed threat prevention profiles to dynamic exposure-based controls, and from fragmented vendor consoles to a single orchestration layer across the entire network. Security teams set the business intent. The agents handle everything below it.",Déclaration,Élevée,Public — mutualisable,Citation courte / analyse seulement,À valider,Pas de doublon détecté,Pas de contradiction détectée,46218.416666666664,Codex,Auteur=Check Point Software Technologies Ltd. | Thème=Stratégie | Sous-thème=Gestion réseau fondée sur l’intention | Type de source=Publique primaire | Géographie=International | Utilité potentielle=Stratégie; produit; concurrence | Décision qualité=À conserver — valeur analytique forte,,,,,,,,,,,,
SIG-PUB-CHECKPOINT-012,Évolution d’offre,46043,Check Point Software Technologies Ltd.,"Check Point lance Exposure Management, alimenté par Cyberint et Veriti, afin d’unifier renseignement, visibilité de surface d’attaque, contexte d’exploitabilité et remédiation automatisée.",SRC-PUB-CHECKPOINT-005,https://www.checkpoint.com/press-releases/check-point-introduces-ai-driven-exposure-management-to-close-the-cyber-security-remediation-gap/ | Archive 2026-01-21_CheckPoint_exposure-management.html,"Check Point Software Technologies Ltd. (NASDAQ: CHKP), a pioneer and global leader in cyber security solutions, today announced Check Point Exposure Management, a new approach designed to help organizations defend against AI-era attacks by turning fragmented exposure data into prioritized, actionable, and safe remediation. Powered by Cyberint, Veriti, and Check Point’s global threat visibility, Exposure Management delivers real-time situational awareness by unifying threat intelligence, dark-web insights, attack surface visibility, exploitability context, and automated remediation, at a time when attackers increasingly use automation and AI to move faster than traditional security operations can respond.",Factuel,Élevée,Public — mutualisable,Citation courte / analyse seulement,À valider,Pas de doublon détecté,Pas de contradiction détectée,46218.416666666664,Codex,Auteur=Check Point Software Technologies Ltd. | Thème=Produit | Sous-thème=Gestion de l’exposition | Type de source=Publique primaire | Géographie=International | Utilité potentielle=Produit; acquisitions; stratégie | Décision qualité=À conserver — valeur analytique forte,,,,,,,,,,,,
SIG-PUB-CHECKPOINT-013,Positionnement,46043,Check Point Software Technologies Ltd.,Check Point déclare qu’Exposure Management s’intègre à plus de 75 contrôles couvrant environ 90 % des plus grands fournisseurs de sécurité.,SRC-PUB-CHECKPOINT-005,https://www.checkpoint.com/press-releases/check-point-introduces-ai-driven-exposure-management-to-close-the-cyber-security-remediation-gap/ | Archive 2026-01-21_CheckPoint_exposure-management.html,"Designed to operate across existing environments, Check Point Exposure Management integrates with more than 75 security controls across approximately 90 percent of the largest security vendors, spanning network, endpoint, cloud, email, identity, and operating system layers. This breadth of integration reflects Check Point’s Open Garden approach, enabling organizations to reduce risk using the tools they already rely on while minimizing operational complexity.",Déclaration,Moyenne,Public — mutualisable,Citation courte / analyse seulement,À valider,Pas de doublon détecté,Pas de contradiction détectée,46218.416666666664,Codex,Auteur=Check Point Software Technologies Ltd. | Thème=Analyse concurrentielle | Sous-thème=Couverture multi-fournisseurs | Type de source=Publique primaire | Géographie=International | Utilité potentielle=Concurrence; interopérabilité; plateforme | Décision qualité=À conserver — valeur analytique forte | Élément à corroborer,,,,,,,,,,,,
SIG-PUB-CHECKPOINT-014,Évolution d’offre,46043,Check Point Software Technologies Ltd.,"Exposure Management peut reconfigurer des contrôles existants par API, notamment pour le correctif virtuel, l’activation IPS et l’application d’indicateurs.",SRC-PUB-CHECKPOINT-005,https://www.checkpoint.com/press-releases/check-point-introduces-ai-driven-exposure-management-to-close-the-cyber-security-remediation-gap/ | Archive 2026-01-21_CheckPoint_exposure-management.html,"Safe Remediation: Check Point Exposure Management goes beyond prioritization by safely reconfiguring existing security controls through APIs. Validated actions such as virtual patching, IPS activation, and indicator enforcement enable consistent remediation at scale with minimal operational friction.",Factuel,Élevée,Public — mutualisable,Citation courte / analyse seulement,À valider,Pas de doublon détecté,Pas de contradiction détectée,46218.416666666664,Codex,Auteur=Check Point Software Technologies Ltd. | Thème=Produit | Sous-thème=Remédiation automatisée | Type de source=Publique primaire | Géographie=International | Utilité potentielle=Produit; automatisation; opérations | Décision qualité=À conserver — valeur analytique forte,,,,,,,,,,,,
SIG-PUB-CHECKPOINT-015,Acquisition,45916,Check Point Software Technologies Ltd.,Check Point annonce un accord pour acquérir Lakera afin d’étendre sa capacité à sécuriser le cycle de vie des applications d’IA agentique.,SRC-PUB-CHECKPOINT-006,https://www.checkpoint.com/press-releases/check-point-acquires-lakera-to-deliver-end-to-end-ai-security-for-enterprises/ | Archive 2025-09-16_CheckPoint_lakera-acquisition.html,"Check Point® Software Technologies Ltd. (NASDAQ: CHKP), a pioneer and global leader of cyber security solutions, today announced it has entered into an agreement to acquire Lakera, one of the world’s leading AI-native security platforms for Agentic AI applications. With this acquisition, Check Point sets a new standard in cyber security, becoming able to deliver a full end-to-end AI security stack designed to protect enterprises as they accelerate their AI journey.",Factuel,Élevée,Public — mutualisable,Citation courte / analyse seulement,À valider,Pas de doublon détecté,Pas de contradiction détectée,46218.416666666664,Codex,Auteur=Check Point Software Technologies Ltd. | Thème=Stratégie | Sous-thème=Acquisition de Lakera | Type de source=Publique primaire | Géographie=International | Utilité potentielle=Acquisition; IA; stratégie | Décision qualité=À conserver — valeur analytique forte,,,,,,,,,,,,
SIG-PUB-CHECKPOINT-016,Évolution d’offre,45916,Check Point Software Technologies Ltd.,"Check Point prévoit de combiner la protection en temps réel de Lakera avec son architecture pour couvrir les modèles, les agents et les données.",SRC-PUB-CHECKPOINT-006,https://www.checkpoint.com/press-releases/check-point-acquires-lakera-to-deliver-end-to-end-ai-security-for-enterprises/ | Archive 2025-09-16_CheckPoint_lakera-acquisition.html,"Check Point already secures this transformation through GenAI Protect, SaaS and API security, advanced data loss prevention, and machine learning-powered defenses for applications, cloud, and endpoints. With Lakera, Check Point extends these capabilities to deliver one of the industry’s first end-to-end AI security stack. By combining Lakera’s runtime protection with the AI-powered Check Point architecture, enterprises can secure the full lifecycle of AI – models, agents and data – enabling them to innovate with confidence, at scale, and without compromise.",Déclaration,Élevée,Public — mutualisable,Citation courte / analyse seulement,À valider,Pas de doublon détecté,Pas de contradiction détectée,46218.416666666664,Codex,Auteur=Check Point Software Technologies Ltd. | Thème=Produit | Sous-thème=Pile de sécurité IA de bout en bout | Type de source=Publique primaire | Géographie=International | Utilité potentielle=Produit; IA; analyse concurrentielle | Décision qualité=À conserver — valeur analytique forte,,,,,,,,,,,,
SIG-PUB-CHECKPOINT-017,Changement organisationnel,45916,Check Point Software Technologies Ltd.,"Sous réserve de la clôture annoncée, Lakera doit constituer la base du centre mondial d’excellence de Check Point pour la sécurité de l’IA.",SRC-PUB-CHECKPOINT-006,https://www.checkpoint.com/press-releases/check-point-acquires-lakera-to-deliver-end-to-end-ai-security-for-enterprises/ | Archive 2025-09-16_CheckPoint_lakera-acquisition.html,"Upon closing, Lakera will form the foundation of Check Point’s Global Center of Excellence for AI Security, accelerating AI security research, innovation, and integration across the Check Point Platform, establishing Check Point as a global leader in securing the AI-powered enterprise and shaping the future of AI security. The transaction is expected to close in Q4 2025, subject to customary closing conditions.",Déclaration,Moyenne,Public — mutualisable,Citation courte / analyse seulement,À valider,Pas de doublon détecté,Pas de contradiction détectée,46218.416666666664,Codex,Auteur=Check Point Software Technologies Ltd. | Thème=Stratégie | Sous-thème=Centre d’excellence en sécurité IA | Type de source=Publique primaire | Géographie=International | Utilité potentielle=Organisation; R&D; acquisition | Décision qualité=À conserver — information de contexte | Élément à corroborer,,,,,,,,,,,,
SIG-PUB-CHECKPOINT-018,Partenariat,45929,Check Point Software Technologies Ltd.,Check Point et Wiz rendent généralement disponible une solution intégrant la sécurité réseau cloud de Check Point et le CNAPP de Wiz.,SRC-PUB-CHECKPOINT-007,https://www.checkpoint.com/press-releases/check-point-enters-next-level-of-strategic-partnership-with-wiz-to-deliver-integrated-cnapp-and-cloud-network-security-solution/ | Archive 2025-09-29_CheckPoint_wiz-integration.html,"Check Point Software Technologies Ltd. (NASDAQ: CHKP), a pioneer and global leader of cyber security solutions, today announced the next milestone in its strategic partnership with Wiz: the global rollout of a fully integrated solution uniting Check Point’s prevention-first cloud network security with Wiz’s Cloud-Native Application Protection Platform (CNAPP). Building on the partnership first announced in February 2025, this phase brings the integration to general availability, helping enterprises confront modern cloud security challenges with visibility, precision, and AI-powered prevention.",Factuel,Élevée,Public — mutualisable,Citation courte / analyse seulement,À valider,Pas de doublon détecté,Pas de contradiction détectée,46218.416666666664,Codex,Auteur=Check Point Software Technologies Ltd. | Thème=Partenariats | Sous-thème=Intégration CNAPP et sécurité réseau cloud | Type de source=Publique primaire | Géographie=International | Utilité potentielle=Partenariat; cloud; go-to-market | Décision qualité=À conserver — valeur analytique forte,,,,,,,,,,,,
SIG-PUB-CHECKPOINT-019,Évolution d’offre,45929,Check Point Software Technologies Ltd.,L’intégration de Wiz à Check Point Threat Exposure Management transforme les alertes Wiz en actions sur les passerelles Check Point.,SRC-PUB-CHECKPOINT-007,https://www.checkpoint.com/press-releases/check-point-enters-next-level-of-strategic-partnership-with-wiz-to-deliver-integrated-cnapp-and-cloud-network-security-solution/ | Archive 2025-09-29_CheckPoint_wiz-integration.html,"Furthermore, with Wiz’s new parallel integration into Check Point Threat Exposure Management (CTEM), companies can now automate gateway-based remediation flows, turning Wiz alerts into actions on Check Point gateways, reducing exposure times from hours to minutes.",Factuel,Élevée,Public — mutualisable,Citation courte / analyse seulement,À valider,Pas de doublon détecté,Pas de contradiction détectée,46218.416666666664,Codex,Auteur=Check Point Software Technologies Ltd. | Thème=Produit | Sous-thème=Remédiation passerelle depuis Wiz | Type de source=Publique primaire | Géographie=International | Utilité potentielle=Produit; partenariat; automatisation | Décision qualité=À conserver — valeur analytique forte,,,,,,,,,,,,
SIG-PUB-CHECKPOINT-020,Partenariat,45979,Check Point Software Technologies Ltd.,"Check Point collabore avec Microsoft pour intégrer AI Guardrails, DLP et Threat Prevention à la protection des agents créés dans Copilot Studio pendant leur exécution.",SRC-PUB-CHECKPOINT-008,https://www.checkpoint.com/press-releases/check-point-software-collaborates-with-microsoft-to-deliver-enterprise-grade-ai-security-for-microsoft-copilot-studio/ | Archive 2025-11-18_CheckPoint_microsoft-copilot.html,"Check Point® Software Technologies Ltd. (NASDAQ: CHKP), a pioneer and global leader of cyber security solutions, today announced it is collaborating with Microsoft to deliver enterprise-grade AI security for Microsoft Copilot Studio. The collaboration enables enterprises to safely build and deploy generative-AI agents with continuous protection, compliance, and governance integrated directly into their development workflows. The integration with Copilot Studio brings together Check Point’s AI Guardrails, Data Loss Prevention (DLP), and Threat Prevention technologies, extending its end-to-end AI security stack to safeguard Copilot Studio during agent runtime.",Factuel,Élevée,Public — mutualisable,Citation courte / analyse seulement,À valider,Pas de doublon détecté,Pas de contradiction détectée,46218.416666666664,Codex,Auteur=Check Point Software Technologies Ltd. | Thème=Partenariats | Sous-thème=Sécurité de Microsoft Copilot Studio | Type de source=Publique primaire | Géographie=International | Utilité potentielle=IA; partenariat; produit | Décision qualité=À conserver — valeur analytique forte,,,,,,,,,,,,
SIG-PUB-CHECKPOINT-021,Positionnement,46132,Check Point France,"Selon ChannelBiz, Check Point France privilégie en 2026 un nombre plus restreint de partenaires et des relations plus approfondies.",SRC-PUB-CHECKPOINT-009,https://www.channelbiz.fr/2026/04/20/check-point-france-recentre-sa-strategie-channel/ | Archive 2026-04-20_ChannelBiz_checkpoint-channel-france.html,"Pour 2026, Check Point France opère un virage assumé : moins de partenaires, mais des relations plus profondes, une rémunération du new business inédite et une offensive marquée sur le marché des MSP. Check Point Software Technologies confirme son engagement auprès de l’écosystème partenaires en France avec une stratégie channel profondément remaniée pour 2026. Aux commandes, Jérôme Lorber, Directeur Channel France, fort de 25 ans d’expérience dans la cybersécurité et de plus de 4 ans chez l’éditeur, détaille une approche de rupture fondée sur la sélectivité, la croissance partagée et l’intégration dans les offres de services managés.",Factuel,Moyenne,Public — mutualisable,Citation courte / analyse seulement,À valider,Pas de doublon détecté,Pas de contradiction détectée,46218.416666666664,Codex,"Auteur=ChannelBiz, rapportant Jérôme Lorber | Thème=Channel | Sous-thème=Sélectivité du réseau partenaires | Type de source=Publique secondaire | Géographie=France | Utilité potentielle=Channel; stratégie; France | Décision qualité=À conserver — valeur analytique forte | Élément à corroborer",,,,,,,,,,,,
SIG-PUB-CHECKPOINT-022,Recrutement,46132,Check Point France,ChannelBiz rapporte la création d’un poste de Strategic Partner Sales Manager et une équipe channel française de cinq commerciaux dédiés.,SRC-PUB-CHECKPOINT-009,https://www.channelbiz.fr/2026/04/20/check-point-france-recentre-sa-strategie-channel/ | Archive 2026-04-20_ChannelBiz_checkpoint-channel-france.html,"Pour porter cette ambition, un poste de Strategic Partner Sales Manager a été créé en 2026, directement rattaché à Jérôme Lorber, avec pour mission de délivrer la feuille de route globale Check Point et d’obtenir l’adhésion des partenaires sur l’ensemble des briques technologiques. L’équipe channel s’appuie par ailleurs sur 5 commerciaux dédiés ( 4 gestionnaires de partenaires et 1 responsable distribution ) et sur trois distributeurs officiels : Arrow, Infinigate et Westcon.",Factuel,Moyenne,Public — mutualisable,Citation courte / analyse seulement,À valider,Pas de doublon détecté,Pas de contradiction détectée,46218.416666666664,Codex,"Auteur=ChannelBiz, rapportant Jérôme Lorber | Thème=Channel | Sous-thème=Organisation commerciale channel | Type de source=Publique secondaire | Géographie=France | Utilité potentielle=Recrutement; channel; France | Décision qualité=À conserver — valeur analytique forte | Élément à corroborer",,,,,,,,,,,,
SIG-PUB-CHECKPOINT-023,Partenariat,46132,Check Point France,"ChannelBiz identifie Arrow, Infinigate et Westcon comme les trois distributeurs officiels de Check Point France.",SRC-PUB-CHECKPOINT-009,https://www.channelbiz.fr/2026/04/20/check-point-france-recentre-sa-strategie-channel/ | Archive 2026-04-20_ChannelBiz_checkpoint-channel-france.html,"L’équipe channel s’appuie par ailleurs sur 5 commerciaux dédiés ( 4 gestionnaires de partenaires et 1 responsable distribution ) et sur trois distributeurs officiels : Arrow, Infinigate et Westcon.",Factuel,Moyenne,Public — mutualisable,Citation courte / analyse seulement,À valider,Pas de doublon détecté,Pas de contradiction détectée,46218.416666666664,Codex,"Auteur=ChannelBiz, rapportant Jérôme Lorber | Thème=Channel | Sous-thème=Distribution française | Type de source=Publique secondaire | Géographie=France | Utilité potentielle=Channel; distribution; France | Décision qualité=À conserver — valeur analytique forte | Élément à corroborer",,,,,,,,,,,,
SIG-PUB-CHECKPOINT-024,Évolution d’offre,46132,Check Point France,"Le programme partenaires français est présenté avec quatre niveaux fondés sur le chiffre d’affaires et la certification, avec prise en charge de formations de maintien des certifications.",SRC-PUB-CHECKPOINT-009,https://www.channelbiz.fr/2026/04/20/check-point-france-recentre-sa-strategie-channel/ | Archive 2026-04-20_ChannelBiz_checkpoint-channel-france.html,"Le programme partenaires fait peau neuve avec une architecture clarifiée en quatre niveaux : Elite, Premier, Professional et Advanced. Le classement repose sur deux critères objectifs – le chiffre d’affaires réalisé et le niveau de certification – pour davantage de lisibilité et d’équité dans la reconnaissance des partenaires. Sur la montée en compétences, Check Point prend en charge les formations nécessaires pour maintenir ou réobtenir les certifications requises, y compris en cas de turn-over au sein des équipes partenaires.",Factuel,Moyenne,Public — mutualisable,Citation courte / analyse seulement,À valider,Pas de doublon détecté,Pas de contradiction détectée,46218.416666666664,Codex,"Auteur=ChannelBiz, rapportant Jérôme Lorber | Thème=Channel | Sous-thème=Programme partenaires 2026 | Type de source=Publique secondaire | Géographie=France | Utilité potentielle=Channel; formation; go-to-market | Décision qualité=À conserver — valeur analytique forte | Élément à corroborer",,,,,,,,,,,,
SIG-PUB-CHECKPOINT-025,Évolution d’offre,46132,Check Point France,Le programme 2026 prévoit des remises de Deal Registration et un rebate de 1 à 5 % sur la croissance des nouveaux logos.,SRC-PUB-CHECKPOINT-009,https://www.channelbiz.fr/2026/04/20/check-point-france-recentre-sa-strategie-channel/ | Archive 2026-04-20_ChannelBiz_checkpoint-channel-france.html,"L’évolution la plus structurante du programme 2026 concerne la rémunération du nouveau business, avec un mécanisme inédit en France pour Check Point. Deux leviers sont activés : Un système de Deal Registration offrant des remises majorées pour tout apport de nouveau business : nouveaux clients, ajout de solutions Workspace, ERM ou IA sur la base installée. Un rebate sur la croissance de nouveaux logos, compris entre 1 et 5 % du deal en back-end, selon le volume de nouveaux clients apportés. L’objectif affiché est de pousser les partenaires à positionner Check Point en priorité dans leurs offres, et non plus comme une solution de repli.",Factuel,Moyenne,Public — mutualisable,Citation courte / analyse seulement,À valider,Pas de doublon détecté,Pas de contradiction détectée,46218.416666666664,Codex,"Auteur=ChannelBiz, rapportant Jérôme Lorber | Thème=Ventes | Sous-thème=Incitations au nouveau business | Type de source=Publique secondaire | Géographie=France | Utilité potentielle=Ventes; channel; go-to-market | Décision qualité=À conserver — valeur analytique forte | Élément à corroborer",,,,,,,,,,,,
SIG-PUB-CHECKPOINT-026,Positionnement,46132,Check Point France,L’offre MSP décrite pour la France associe quatre piliers à une console multi-tenant et un modèle Pay-As-You-Go sans engagement ni minimum.,SRC-PUB-CHECKPOINT-009,https://www.channelbiz.fr/2026/04/20/check-point-france-recentre-sa-strategie-channel/ | Archive 2026-04-20_ChannelBiz_checkpoint-channel-france.html,"Check Point France accélère également sur le marché des services managés, qu’il considère comme un relais de croissance majeur pour ses partenaires. L’éditeur met à disposition une plateforme complète articulée autour de quatre piliers : Hybrid Mesh Network Security, Exposure Management, AI Security et Workspace Security. L’offre MSP repose sur une console multi-tenant centralisée, un modèle de consommation à l’usage (Pay-As-You-Go) sans engagement ni minimum, un onboarding en quelques minutes et un accompagnement dédié par Check Point et ses distributeurs.",Factuel,Moyenne,Public — mutualisable,Citation courte / analyse seulement,À valider,Pas de doublon détecté,Pas de contradiction détectée,46218.416666666664,Codex,"Auteur=ChannelBiz, rapportant Jérôme Lorber | Thème=Go-to-market | Sous-thème=Modèle commercial MSP France | Type de source=Publique secondaire | Géographie=France | Utilité potentielle=MSP; ventes; channel | Décision qualité=À conserver — valeur analytique forte | Élément à corroborer",,,,,,,,,,,,
SIG-PUB-CHECKPOINT-027,Recrutement,46132,Check Point France,"Check Point France mène, selon ChannelBiz, une campagne via les distributeurs et les équipes commerciales pour intégrer ses solutions aux catalogues MSP français.",SRC-PUB-CHECKPOINT-009,https://www.channelbiz.fr/2026/04/20/check-point-france-recentre-sa-strategie-channel/ | Archive 2026-04-20_ChannelBiz_checkpoint-channel-france.html,"Une campagne de recrutement est d’ores et déjà engagée via les distributeurs et les équipes commerciales pour intégrer les solutions Check Point au cœur des catalogues MSP français. « Notre ambition est simple : devenir le plan A de nos partenaires, pas le plan B », conclut Jérôme Lorber.",Factuel,Moyenne,Public — mutualisable,Citation courte / analyse seulement,À valider,Pas de doublon détecté,Pas de contradiction détectée,46218.416666666664,Codex,"Auteur=ChannelBiz, rapportant Jérôme Lorber | Thème=Channel | Sous-thème=Recrutement de MSP | Type de source=Publique secondaire | Géographie=France | Utilité potentielle=MSP; channel; ventes | Décision qualité=À conserver — valeur analytique forte | Élément à corroborer",,,,,,,,,,,,
SIG-PUB-CHECKPOINT-028,Changement organisationnel,45769,Check Point France,"Jérôme Bouvet est nommé Country Manager France avec pour mission d’accélérer le développement local et de renforcer les relations avec revendeurs, intégrateurs et MSP.",SRC-PUB-CHECKPOINT-010,https://www.channelbiz.fr/2025/04/22/cyber-jerome-bouvet-rejoint-check-point-france-comme-country-manager/ | Archive 2025-04-22_ChannelBiz_checkpoint-country-manager.html,"Jérôme Bouvet rejoint Check Point avec une expérience de plus de 20 ans dans la gestion d’équipes commerciales et la conduite de stratégies de croissance dans le secteur technologique. Il a exercé des responsabilités de direction au sein de plusieurs grandes entreprises IT. Dans ses nouvelles fonctions, il aura pour mission d’accélérer le développement de Check Point en France, en renforçant les relations avec les partenaires de distribution – revendeurs, intégrateurs et MSP – et en accompagnant les clients dans leurs projets de transformation numérique sécurisée.",Factuel,Moyenne,Public — mutualisable,Citation courte / analyse seulement,À valider,Pas de doublon détecté,Pas de contradiction détectée,46218.416666666664,Codex,Auteur=Guilhem Thérond / ChannelBiz | Thème=Communication | Sous-thème=Direction France | Type de source=Publique secondaire | Géographie=France | Utilité potentielle=Recrutement; implantation; channel | Décision qualité=À conserver — information de contexte | Élément à corroborer,,,,,,,,,,,,
SIG-PUB-CHECKPOINT-029,Positionnement,45835,Check Point France,"InformatiqueNews décrit l’évolution de Check Point au-delà du pare-feu vers une plateforme unifiée couvrant réseau, multicloud, endpoint, mobilité, automatisation et prévention par l’IA.",SRC-PUB-CHECKPOINT-011,https://www.informatiquenews.fr/la-fatigue-des-soc-est-une-realite-la-cybersecurite-est-aussi-un-enjeu-humain-jerome-bouvet-check-point-software-105625 | Archive 2025-06-27_InformatiqueNews_checkpoint-bouvet.html,"Au fil des années, Check Point a élargi son offre bien au-delà du pare-feu pour proposer une plateforme de sécurité unifiée. Son portefeuille se structure aujourd’hui autour de gateways Quantum (passerelles réseau hautes performances désormais disponibles en version Titan et dans la nouvelle gamme AI-powered Quantum Force), de CloudGuard pour la sécurisation multicloud, d’Harmony pour l’endpoint et la mobilité, et de l’architecture Infinity qui fédère l’ensemble avec un management unique et des briques d’automatisation et de prévention pilotées par l’IA, telles qu’Infinity AI Copilot et Infinity Playblocks.",Factuel,Moyenne,Public — mutualisable,Citation courte / analyse seulement,À valider,Pas de doublon détecté,Pas de contradiction détectée,46218.416666666664,Codex,Auteur=InformatiqueNews | Thème=Analyse concurrentielle | Sous-thème=Élargissement au-delà du pare-feu | Type de source=Publique secondaire | Géographie=France | Utilité potentielle=Positionnement; concurrence; plateforme | Décision qualité=À conserver — valeur analytique forte | Élément à corroborer,,,,,,,,,,,,
SIG-PUB-CHECKPOINT-030,Étude de marché,45835,Check Point France,Jérôme Bouvet attribue au rapport cybersécurité 2025 de Check Point le chiffre de 16 % d’entreprises utilisant plus de 50 solutions de sécurité.,SRC-PUB-CHECKPOINT-011,https://www.informatiquenews.fr/la-fatigue-des-soc-est-une-realite-la-cybersecurite-est-aussi-un-enjeu-humain-jerome-bouvet-check-point-software-105625 | Archive 2025-06-27_InformatiqueNews_checkpoint-bouvet.html,"Le constat est édifiant : selon le rapport cybersécurité 2025 de Check Point, 16% des entreprises utilisent plus de 50 solutions différentes ! « Le problème, c’est qu’on arrive à des environnements extrêmement hétérogènes », déplore le dirigeant, citant l’exemple d’un grand industriel français qui utilise 10 solutions différentes rien que pour sécuriser son infrastructure réseau.",Déclaration,Moyenne,Public — mutualisable,Citation courte / analyse seulement,À valider,Pas de doublon détecté,Pas de contradiction détectée,46218.416666666664,Codex,"Auteur=Jérôme Bouvet, cité par InformatiqueNews | Thème=Marketing | Sous-thème=Fragmentation des outils de sécurité | Type de source=Publique secondaire | Géographie=International | Utilité potentielle=Marché; marketing; complexité | Décision qualité=À conserver — information de contexte | Élément à corroborer",,,,,,,,,,,,
SIG-PUB-CHECKPOINT-031,Positionnement,45835,Check Point France,Jérôme Bouvet présente l’approche Open Garden comme une plateforme capable de fédérer des équipements de différents fournisseurs.,SRC-PUB-CHECKPOINT-011,https://www.informatiquenews.fr/la-fatigue-des-soc-est-une-realite-la-cybersecurite-est-aussi-un-enjeu-humain-jerome-bouvet-check-point-software-105625 | Archive 2025-06-27_InformatiqueNews_checkpoint-bouvet.html,"Face à cette complexité, et on sait que la complexité est le premier ennemi de la sécurité, Check Point développe ce que Jérôme Bouvet appelle une approche « Open Garden «, par opposition aux jardins fermés traditionnels. L’objectif est de créer une plateforme capable de fédérer des équipements de différents fournisseurs :",Déclaration,Moyenne,Public — mutualisable,Citation courte / analyse seulement,À valider,Pas de doublon détecté,Pas de contradiction détectée,46218.416666666664,Codex,"Auteur=Jérôme Bouvet, cité par InformatiqueNews | Thème=Stratégie | Sous-thème=Architecture ouverte multi-fournisseurs | Type de source=Publique secondaire | Géographie=France | Utilité potentielle=Stratégie; concurrence; interopérabilité | Décision qualité=À conserver — valeur analytique forte | Élément à corroborer",,,,,,,,,,,,
SIG-PUB-CHECKPOINT-032,Positionnement,45835,Check Point France,Jérôme Bouvet relie le développement d’agents IA capables d’automatiser l’analyse et la réponse au volume d’alertes et à la fatigue des SOC.,SRC-PUB-CHECKPOINT-011,https://www.informatiquenews.fr/la-fatigue-des-soc-est-une-realite-la-cybersecurite-est-aussi-un-enjeu-humain-jerome-bouvet-check-point-software-105625 | Archive 2025-06-27_InformatiqueNews_checkpoint-bouvet.html,"L’intelligence artificielle joue un rôle central dans cette transformation. Mais Jérôme Bouvet met en garde : « Entre le moment de l’écriture d’un code et l’exfiltration des données, 25 minutes se sont passées », rappelant que l’IA profite autant aux attaquants qu’aux défenseurs. D’où l’importance pour Check Point de développer ses propres agents IA capables de traiter des volumes considérables d’alertes et d’automatiser les réponses. « Il y a une fatigue des SOCs, pas que la fatigue humaine, mais il y a une fatigue effectivement sur le fait d’analyser énormément d’informations », explique-t-il.",Déclaration,Moyenne,Public — mutualisable,Citation courte / analyse seulement,À valider,Pas de doublon détecté,Pas de contradiction détectée,46218.416666666664,Codex,"Auteur=Jérôme Bouvet, cité par InformatiqueNews | Thème=Produit | Sous-thème=Automatisation des opérations SOC | Type de source=Publique secondaire | Géographie=France | Utilité potentielle=IA; SOC; produit | Décision qualité=À conserver — valeur analytique forte | Élément à corroborer",,,,,,,,,,,,
SIG-PUB-CHECKPOINT-033,Positionnement,45835,Check Point France,Jérôme Bouvet estime que l’interopérabilité est nécessaire pour transformer la sécurité sans remplacer entièrement les infrastructures existantes.,SRC-PUB-CHECKPOINT-011,https://www.informatiquenews.fr/la-fatigue-des-soc-est-une-realite-la-cybersecurite-est-aussi-un-enjeu-humain-jerome-bouvet-check-point-software-105625 | Archive 2025-06-27_InformatiqueNews_checkpoint-bouvet.html,"Au fil de la discussion, notre invité dessine ainsi les contours d’une cybersécurité en pleine mutation, où la consolidation du marché et l’interopérabilité des solutions apparaissent comme des réponses nécessaires à la complexité croissante des menaces. « Il va être important de pouvoir faire en sorte qu’avec un existant, on soit capable d’être interopérable parce qu’on ne change pas tout du bout en bout », résume-t-il, soulignant la nécessité d’accompagner les entreprises dans leur transformation sans bouleverser leurs infrastructures existantes.",Déclaration,Moyenne,Public — mutualisable,Citation courte / analyse seulement,À valider,Pas de doublon détecté,Pas de contradiction détectée,46218.416666666664,Codex,"Auteur=Jérôme Bouvet, cité par InformatiqueNews | Thème=Stratégie | Sous-thème=Interopérabilité avec l’existant | Type de source=Publique secondaire | Géographie=France | Utilité potentielle=Stratégie; concurrence; go-to-market | Décision qualité=À conserver — valeur analytique forte | Élément à corroborer",,,,,,,,,,,,
SIG-PUB-LEVIIA-001,Positionnement,46212,Leviia SAS,France Num décrit Leviia autour de deux offres : Leviia Next pour la collaboration et Leviia Storag3 pour l’archivage et la sauvegarde S3.,SRC-PUB-LEVIIA-010,https://www.francenum.gouv.fr/activateurs/leviia | Archive 2026-07-09_FranceNum_leviia.html,"Leviia est un fournisseur français de stockage certifié ISO27001 HDS proposant deux solutions souveraine : Leviia Next, une suite collaborative souveraine pour le travail en équipe et Leviia Storag3, une solution de stockage objet compatible S3 pour l’archivage et la sauvegarde de données.",Factuel,Élevée,Public — mutualisable,Citation courte / analyse seulement,À valider,Pas de doublon détecté,Pas de contradiction détectée,46219.416666666664,Codex,Auteur=France Num / DGE | Thème=Stratégie | Sous-thème=Portefeuille à deux offres | Type de source=Publique primaire | Géographie=France | Utilité potentielle=Stratégie; produit; positionnement | Décision qualité=À conserver — valeur analytique forte,,,,,,,,,,,,
SIG-PUB-LEVIIA-002,Certification / qualification,46212,Leviia SAS,France Num présente Leviia comme certifiée ISO 27001 et HDS et intégralement hébergée en France.,SRC-PUB-LEVIIA-010,https://www.francenum.gouv.fr/activateurs/leviia | Archive 2026-07-09_FranceNum_leviia.html,"Nous proposons deux solutions complémentaires : — Leviia Next, suite collaborative souveraine basée sur l’open source Nextcloud. — Leviia Storag3, stockage objet compatible S3 pour l’archivage et la sauvegarde. Certifiée ISO 27001 et HDS, 100 % hébergée en France, Leviia réunit rigueur IT et transparence. Membre de la nouvelle promotion French Tech 2030, Leviia compte plus de 500 000 utilisateurs et incarne une souveraineté numérique accessible et innovante.",Factuel,Élevée,Public — mutualisable,Citation courte / analyse seulement,À valider,Pas de doublon détecté,Pas de contradiction détectée,46219.416666666664,Codex,Auteur=France Num / DGE | Thème=Réglementation | Sous-thème=Certifications et hébergement français | Type de source=Publique primaire | Géographie=France | Utilité potentielle=Souveraineté; conformité; réglementation | Décision qualité=À conserver — valeur analytique forte,,,,,,,,,,,,
SIG-PUB-LEVIIA-003,Étude de marché,46202,Leviia SAS,"Dans son comparatif, Leviia distingue hyperscalers américains, acteurs low-cost et fournisseurs souverains français du stockage S3.",SRC-PUB-LEVIIA-001,https://www.leviia.com/blog/comparatif-stockage-objet-s3/ | Archive 2026-06-29_Leviia_comparatif-s3.html,"En 2026, les six principaux fournisseurs de sauvegarde et stockage objet S3 se répartissent en trois catégories : • Les hyperscalers américains (AWS S3, Microsoft Azure, etc.) offrent des fonctionnalités étendues mais facturent le trafic sortant, les requêtes API et la géo-répartition en supplément, leur coût réel dépasse souvent largement le tarif affiché au To. Pas de souveraineté des données. • Les acteurs low-cost comme Wasabi affichent des prix d'appel attractifs, mais proposent une infrastructure mono-site, un faible niveau de conformité et restent aussi soumis aux lois extraterritoriales américaines. • Les fournisseurs souverains français comme OVHcloud, Scaleway et Leviia Storag3 combinent hébergement en France, géo-répartition sur 3 zones, certification ISO 27001 et HDS, et absence d'exposition aux lois extraterritoriales américaines ou chinoises. Parmi ces 3 fournisseurs, Leviia Storag3 et OVHCloud n'imposent pas de frais de sortie.",Déclaration,Moyenne,Public — mutualisable,Citation courte / analyse seulement,À valider,Pas de doublon détecté,Pas de contradiction détectée,46219.416666666664,Codex,Auteur=Elisa Gourvenec / Leviia | Thème=Analyse concurrentielle | Sous-thème=Segmentation concurrentielle S3 | Type de source=Publique primaire | Géographie=France | Utilité potentielle=Marché; concurrence; positionnement | Décision qualité=À conserver — valeur analytique forte | Élément à corroborer,,,,,,,,,,,,
SIG-PUB-LEVIIA-004,Positionnement,46202,Leviia SAS,"Leviia présente Storag3 comme un stockage S3 français certifié ISO 27001 et HDS, réparti sur trois zones et sans frais de trafic sortant, de requêtes API ou de suppression.",SRC-PUB-LEVIIA-001,https://www.leviia.com/blog/comparatif-stockage-objet-s3/ | Archive 2026-06-29_Leviia_comparatif-s3.html,"Leviia Storag3 est une solution française de stockage objet S3, certifiée ISO 27001 et HDS. Elle est conçue pour les organisations recherchant à la fois un haut niveau de sécurité et une prévisibilité budgétaire. L’infrastructure repose sur une géo-répartition sur trois zones distinctes situées en France, assurant continuité d’activité et résilience multi-sites. Le modèle tarifaire est lisible : aucun frais de trafic sortant, aucune facturation des requêtes API, aucun frais de suppression d’objets.",Déclaration,Moyenne,Public — mutualisable,Citation courte / analyse seulement,À valider,Pas de doublon détecté,Pas de contradiction détectée,46219.416666666664,Codex,Auteur=Elisa Gourvenec / Leviia | Thème=Produit | Sous-thème=Résilience et tarification Storag3 | Type de source=Publique primaire | Géographie=France | Utilité potentielle=Produit; souveraineté; ventes | Décision qualité=À conserver — valeur analytique forte | Élément à corroborer,,,,,,,,,,,,
SIG-PUB-LEVIIA-005,Étude de marché,46202,Leviia SAS,"Leviia reconnaît que son écosystème de services annexes, notamment en analytique et IA, est plus limité que celui des hyperscalers.",SRC-PUB-LEVIIA-001,https://www.leviia.com/blog/comparatif-stockage-objet-s3/ | Archive 2026-06-29_Leviia_comparatif-s3.html,"Inconvénients • Prix au To (9,99 €/To/mois) supérieur à Wasabi sur le seul critère du stockage brut. • Écosystème de services annexes (analytics, IA, etc.) plus limité que les hyperscalers",Déclaration,Moyenne,Public — mutualisable,Citation courte / analyse seulement,À valider,Pas de doublon détecté,Pas de contradiction détectée,46219.416666666664,Codex,Auteur=Elisa Gourvenec / Leviia | Thème=Analyse concurrentielle | Sous-thème=Limite de l’écosystème | Type de source=Publique primaire | Géographie=France | Utilité potentielle=Concurrence; produit; signal faible | Décision qualité=À conserver — information de contexte | Élément à corroborer,,,,,,,,,,,,
SIG-PUB-LEVIIA-006,Implantation,45918,Leviia SAS,Leviia annonce l’extension de ses activités de stockage S3 à l’échelle européenne.,SRC-PUB-LEVIIA-006,https://via.tt.se/pressmeddelande/4057851/former-wasabi-emea-vp-richard-czech-joins-leviia-to-lead-european-channel-expansion?lang=en&publisherId=259167 | Archive 2025-09-18_BusinessWire_leviia-expansion-europe.html,"Leviia, the French cloud storage provider with more than one million users and 1,000 enterprise customers, today announces a major step in its growth strategy: the expansion of its S3 storage operations across Europe. To lead this initiative, Leviia has appointed Richard Czech, former Vice President EMEA at Wasabi, as Chief Business Development Officer. Czech will drive market development and scale Leviia’s partner ecosystem across Europe, building on the company’s successful go-to-market model in France.",Factuel,Élevée,Public — mutualisable,Citation courte / analyse seulement,À valider,Pas de doublon détecté,Pas de contradiction détectée,46219.416666666664,Codex,Auteur=Leviia / Business Wire | Thème=Stratégie | Sous-thème=Expansion européenne du S3 | Type de source=Publique primaire | Géographie=Europe | Utilité potentielle=Stratégie; go-to-market; international | Décision qualité=À conserver — valeur analytique forte,,,,,,,,,,,,
SIG-PUB-LEVIIA-007,Changement organisationnel,45918,Leviia SAS,Leviia nomme Richard Czech Chief Business Development Officer pour développer le marché et l’écosystème partenaires en Europe.,SRC-PUB-LEVIIA-006,https://via.tt.se/pressmeddelande/4057851/former-wasabi-emea-vp-richard-czech-joins-leviia-to-lead-european-channel-expansion?lang=en&publisherId=259167 | Archive 2025-09-18_BusinessWire_leviia-expansion-europe.html,"Leviia, the French cloud storage provider with more than one million users and 1,000 enterprise customers, today announces a major step in its growth strategy: the expansion of its S3 storage operations across Europe. To lead this initiative, Leviia has appointed Richard Czech, former Vice President EMEA at Wasabi, as Chief Business Development Officer. Czech will drive market development and scale Leviia’s partner ecosystem across Europe, building on the company’s successful go-to-market model in France.",Factuel,Élevée,Public — mutualisable,Citation courte / analyse seulement,À valider,Pas de doublon détecté,Pas de contradiction détectée,46219.416666666664,Codex,Auteur=Leviia / Business Wire | Thème=Channel | Sous-thème=Direction du développement européen | Type de source=Publique primaire | Géographie=Europe | Utilité potentielle=Recrutement; channel; international | Décision qualité=À conserver — valeur analytique forte,,,,,,,,,,,,
SIG-PUB-LEVIIA-008,Positionnement,45918,Leviia SAS,"Leviia fonde son positionnement européen sur la souveraineté juridique, les certifications ISO 27001 et HDS, trois centres de données et une tarification sans frais cachés d’egress ou de suppression.",SRC-PUB-LEVIIA-006,https://via.tt.se/pressmeddelande/4057851/former-wasabi-emea-vp-richard-czech-joins-leviia-to-lead-european-channel-expansion?lang=en&publisherId=259167 | Archive 2025-09-18_BusinessWire_leviia-expansion-europe.html,"Having established itself as a leading S3 storage provider in France, Leviia is now accelerating its European expansion. The company differentiates itself through four core strengths: – Sovereignty: data hosted exclusively within the European Union, governed solely by European law. – Compliance: ISO 27001 and HDS (Health Data Hosting) certifications, ensuring strong security and reliability for sensitive workloads. – Resilience: data distributed across three independent data centers. – Transparent pricing: a simple, competitive model with no hidden fees for data egress or deletion.",Déclaration,Élevée,Public — mutualisable,Citation courte / analyse seulement,À valider,Pas de doublon détecté,Pas de contradiction détectée,46219.416666666664,Codex,Auteur=Leviia / Business Wire | Thème=Stratégie | Sous-thème=Différenciation européenne | Type de source=Publique primaire | Géographie=Europe | Utilité potentielle=Stratégie; concurrence; souveraineté | Décision qualité=À conserver — valeur analytique forte,,,,,,,,,,,,
SIG-PUB-LEVIIA-009,Performance économique,45918,Leviia SAS,Leviia déclarait dépasser un million d’utilisateurs et compter 1 000 clients entreprises en septembre 2025.,SRC-PUB-LEVIIA-006,https://via.tt.se/pressmeddelande/4057851/former-wasabi-emea-vp-richard-czech-joins-leviia-to-lead-european-channel-expansion?lang=en&publisherId=259167 | Archive 2025-09-18_BusinessWire_leviia-expansion-europe.html,"Leviia, the French cloud storage provider with more than one million users and 1,000 enterprise customers, today announces a major step in its growth strategy: the expansion of its S3 storage operations across Europe. To lead this initiative, Leviia has appointed Richard Czech, former Vice President EMEA at Wasabi, as Chief Business Development Officer. Czech will drive market development and scale Leviia’s partner ecosystem across Europe, building on the company’s successful go-to-market model in France.",Déclaration,Moyenne,Public — mutualisable,Citation courte / analyse seulement,À valider,Pas de doublon détecté,Pas de contradiction détectée,46219.416666666664,Codex,Auteur=Leviia / Business Wire | Thème=Marketing | Sous-thème=Base utilisateurs et clients 2025 | Type de source=Publique primaire | Géographie=International | Utilité potentielle=Marché; marketing; traction | Décision qualité=À conserver — information de contexte | Élément à corroborer,,,,,,,,,,,,
SIG-PUB-LEVIIA-010,Partenariat,45930,Leviia SAS,Tiger Technology et Leviia annoncent un partenariat technologique pour proposer un stockage cloud hybride souverain et conforme en Europe.,SRC-PUB-LEVIIA-007,https://www.tiger-technology.com/tiger-technology-leviia-partnership/ | Archive 2025-09-30_TigerTechnology_leviia-partnership.html,"Tiger Technology and Leviia are pleased to announce the beginning of a technology partnership aimed at delivering secure, compliant, and scalable hybrid cloud storage solutions for organizations across Europe. By combining Tiger Technology’s intelligent data management software with Leviia’s sovereign European cloud infrastructure, the two companies empower customers to manage, protect, and archive their data seamlessly—while maintaining full control and regulatory compliance.",Factuel,Élevée,Public — mutualisable,Citation courte / analyse seulement,À valider,Pas de doublon détecté,Pas de contradiction détectée,46219.416666666664,Codex,Auteur=Tiger Technology et Leviia | Thème=Partenariats | Sous-thème=Cloud hybride Tiger-Leviia | Type de source=Publique primaire | Géographie=Europe | Utilité potentielle=Partenariat; produit; Europe | Décision qualité=À conserver — valeur analytique forte,,,,,,,,,,,,
SIG-PUB-LEVIIA-011,Évolution d’offre,45930,Leviia SAS,L’intégration de Tiger Bridge à Leviia Storag3 déplace en temps réel les données inactives vers le cloud tout en conservant les données actives sur site.,SRC-PUB-LEVIIA-007,https://www.tiger-technology.com/tiger-technology-leviia-partnership/ | Archive 2025-09-30_TigerTechnology_leviia-partnership.html,"The integration of Tiger Bridge with Leviia Storag3 addresses these challenges by enabling real-time data tiering from local infrastructure to the cloud—keeping frequently used data on-premises while archiving inactive files securely offsite. The result is a modern, hybrid cloud environment that is fully aligned with European compliance standards.",Factuel,Élevée,Public — mutualisable,Citation courte / analyse seulement,À valider,Pas de doublon détecté,Pas de contradiction détectée,46219.416666666664,Codex,Auteur=Tiger Technology et Leviia | Thème=Produit | Sous-thème=Tiering hybride temps réel | Type de source=Publique primaire | Géographie=Europe | Utilité potentielle=Produit; stockage; services managés | Décision qualité=À conserver — valeur analytique forte,,,,,,,,,,,,
SIG-PUB-LEVIIA-012,Lancement d’offre,45930,Leviia SAS,"La solution Tiger Technology-Leviia est annoncée disponible en Europe via un réseau d’intégrateurs, revendeurs et MSP.",SRC-PUB-LEVIIA-007,https://www.tiger-technology.com/tiger-technology-leviia-partnership/ | Archive 2025-09-30_TigerTechnology_leviia-partnership.html,"The Tiger Technology–Leviia solution is available now across Europe through a growing network of integrators, resellers and MSPs.",Factuel,Élevée,Public — mutualisable,Citation courte / analyse seulement,À valider,Pas de doublon détecté,Pas de contradiction détectée,46219.416666666664,Codex,Auteur=Tiger Technology et Leviia | Thème=Channel | Sous-thème=Distribution européenne indirecte | Type de source=Publique primaire | Géographie=Europe | Utilité potentielle=Channel; partenaires; ventes | Décision qualité=À conserver — valeur analytique forte,,,,,,,,,,,,
SIG-PUB-LEVIIA-013,Évolution d’offre,46219,Leviia SAS,"La page actuelle de Leviia décrit un programme de revente Storag3 destiné aux revendeurs, MSP et intégrateurs avec console de gestion des abonnements, quotas et facturation.",SRC-PUB-LEVIIA-004,https://www.leviia.com/partenaires/ | Archive 2026-07-16_Leviia_programme-partenaires-page-non-date.html,"Le programme partenaire Leviia est un programme de revente destiné aux revendeurs, MSP (Managed Service Providers) et intégrateurs IT. Il permet de commercialiser Leviia Storag3 (stockage objet S3 souverain) auprès de vos clients, avec une console partenaire dédiée pour gérer les abonnements, les quotas et la facturation. Le programme inclut des kits de vente, des supports marketing co-brandés, des remises progressives, des événements exclusifs et des leads qualifiés.",Factuel,Moyenne,Public — mutualisable,Citation courte / analyse seulement,À valider,Pas de doublon détecté,Pas de contradiction détectée,46219.416666666664,Codex,Auteur=Leviia | Thème=Channel | Sous-thème=Programme partenaires Storag3 | Type de source=Publique primaire | Géographie=France et Europe | Utilité potentielle=Channel; MSP; go-to-market | Décision qualité=À conserver — valeur analytique forte | Élément à corroborer,,,,,,,,,,,,
SIG-PUB-LEVIIA-014,Évolution d’offre,46219,Leviia SAS,La console partenaires centralise les clients et propose trois modes de gestion ainsi que deux modèles de facturation.,SRC-PUB-LEVIIA-004,https://www.leviia.com/partenaires/ | Archive 2026-07-16_Leviia_programme-partenaires-page-non-date.html,"La console partenaire Leviia permet de piloter l'ensemble de vos clients depuis une interface centralisée. Trois modes de gestion sont disponibles : Client only (le client gère seul), Partner only (vous gérez pour le client), ou Partner + Client (gestion partagée). La console permet de créer et gérer les buckets, identifiants S3, quotas par client ou par projet, le versioning et le locking des objets. La facturation est prévisible et transparente, avec possibilité de choisir entre un abonnement par client ou une réservation de capacité globale à répartir librement.",Factuel,Moyenne,Public — mutualisable,Citation courte / analyse seulement,À valider,Pas de doublon détecté,Pas de contradiction détectée,46219.416666666664,Codex,Auteur=Leviia | Thème=Channel | Sous-thème=Gestion multi-clients | Type de source=Publique primaire | Géographie=France et Europe | Utilité potentielle=Channel; MSP; opérations | Décision qualité=À conserver — valeur analytique forte | Élément à corroborer,,,,,,,,,,,,
SIG-PUB-LEVIIA-015,Gain commercial,46219,Leviia SAS,"Leviia propose aux partenaires des playbooks, supports co-brandés, remises progressives, événements, leads qualifiés et participation à la roadmap.",SRC-PUB-LEVIIA-004,https://www.leviia.com/partenaires/ | Archive 2026-07-16_Leviia_programme-partenaires-page-non-date.html,"Appuyez-vous sur des argumentaires et des playbooks opérationnels pensés pour répondre aux objections les plus fréquentes. Tout est conçu pour faciliter vos démarches commerciales au quotidien. Outils marketing Accédez à des visuels, templates et supports co-brandés pour présenter Leviia sous votre propre marque. Vous gagnez du temps, tout en assurant une cohérence professionnelle dans votre communication. Boost commercial Profitez de remises progressives, d’opérations spéciales, d’événements exclusifs et de leads qualifiés transmis par notre équipe. Un vrai levier pour faire croître rapidement votre portefeuille client. Roadmap participative Prenez part à l’évolution de la solution. En tant que partenaire, vous co-construisez avec nous les fonctionnalités de demain.",Factuel,Moyenne,Public — mutualisable,Citation courte / analyse seulement,À valider,Pas de doublon détecté,Pas de contradiction détectée,46219.416666666664,Codex,Auteur=Leviia | Thème=Channel | Sous-thème=Activation commerciale partenaires | Type de source=Publique primaire | Géographie=France et Europe | Utilité potentielle=Channel; marketing; ventes | Décision qualité=À conserver — valeur analytique forte | Élément à corroborer,,,,,,,,,,,,
SIG-PUB-LEVIIA-016,Positionnement,46219,Leviia SAS,Le programme partenaires est présenté comme ouvert en France et en Europe sans engagement minimum de volume au démarrage.,SRC-PUB-LEVIIA-004,https://www.leviia.com/partenaires/ | Archive 2026-07-16_Leviia_programme-partenaires-page-non-date.html,"Le programme est ouvert aux revendeurs, MSP, intégrateurs et infogéreurs en France et en Europe. Aucun engagement minimum de volume n'est requis pour démarrer.",Factuel,Moyenne,Public — mutualisable,Citation courte / analyse seulement,À valider,Pas de doublon détecté,Pas de contradiction détectée,46219.416666666664,Codex,Auteur=Leviia | Thème=Go-to-market | Sous-thème=Accès au programme partenaires | Type de source=Publique primaire | Géographie=France et Europe | Utilité potentielle=Channel; ventes; go-to-market | Décision qualité=À conserver — valeur analytique forte | Élément à corroborer,,,,,,,,,,,,
SIG-PUB-LEVIIA-017,Positionnement,46178,Leviia SAS,"Leviia déclare réaliser chaque année des dizaines de migrations dans la santé, les collectivités et l’industrie.",SRC-PUB-LEVIIA-003,https://www.leviia.com/blog/migration-nextcloud/ | Archive 2026-06-05_Leviia_migration-nextcloud.html,"Chez Leviia, nous avons développé une expertise reconnue grâce à des dizaines de projets de migration réalisés chaque année, dans des secteurs aussi variés que la santé, les collectivités ou l’industrie.",Déclaration,Moyenne,Public — mutualisable,Citation courte / analyse seulement,À valider,Pas de doublon détecté,Pas de contradiction détectée,46219.416666666664,Codex,Auteur=Elisa Gourvenec / Leviia | Thème=Go-to-market | Sous-thème=Expertise de migration sectorielle | Type de source=Publique primaire | Géographie=France | Utilité potentielle=Clients; ventes; services | Décision qualité=À conserver — valeur analytique forte | Élément à corroborer,,,,,,,,,,,,
SIG-PUB-LEVIIA-018,Évolution d’offre,46178,Leviia SAS,"L’accompagnement de migration Leviia couvre Google Drive, OneDrive et ownCloud, le support français, l’hébergement en France, les certifications et les projets jusqu’à plusieurs milliers de comptes.",SRC-PUB-LEVIIA-003,https://www.leviia.com/blog/migration-nextcloud/ | Archive 2026-06-05_Leviia_migration-nextcloud.html,"Concrètement, notre accompagnement inclut : une assistance à la migration complète, que ce soit depuis Google Drive, OneDrive ou ownCloud ; la gestion des étapes critiques de migration, y compris les mises à jour nécessaires et les vérifications de cohérence post-bascule ; une équipe de support basée en France, disponible pour faciliter la transition et accompagner vos équipes à chaque étape ; un hébergement exclusivement en France, conforme au RGPD, certifié ISO 27001 & HDS ; Une expertise reconnue en tant que partenaire Platinum Nextcloud, avec une expérience couvrant des projets de migration allant de quelques utilisateurs à des déploiements à plusieurs milliers de comptes.",Déclaration,Moyenne,Public — mutualisable,Citation courte / analyse seulement,À valider,Pas de doublon détecté,Pas de contradiction détectée,46219.416666666664,Codex,Auteur=Elisa Gourvenec / Leviia | Thème=Produit | Sous-thème=Service de migration managé | Type de source=Publique primaire | Géographie=France | Utilité potentielle=Produit; services; go-to-market | Décision qualité=À conserver — valeur analytique forte | Élément à corroborer,,,,,,,,,,,,
SIG-PUB-LEVIIA-019,Contrat / référence client,45999,Leviia SAS,Nextcloud rapporte que la Région Île-de-France a choisi Leviia pour une suite collaborative souveraine destinée à remplacer des solutions Microsoft et servir plus de 550 000 utilisateurs.,SRC-PUB-LEVIIA-008,https://nextcloud.com/blog/ile-de-france-sovereign-cloud-collaboration-platform/ | Archive 2025-12-08_Nextcloud_leviia-region-idf.html,"In an ambitious digital transformation project, Île-de-France, the region around Paris, chose Nextcloud partner Leviia to implement Nextcloud as sovereign collaborative suite within the regional platform monlycée.net. The sovereign collaboration platform was designed to replace solutions from Microsoft. This initiative connects over 550,000 students, teachers, and administrative staff across hundreds of high schools. In essence, they benefit from a secure, privacy-respecting environment for learning, collaboration and file exchange. The project also puts into the spotlight the region’s commitment to digital sovereignty, GDPR compliance, and independence from non-European cloud providers.",Factuel,Élevée,Public — mutualisable,Citation courte / analyse seulement,À valider,Pas de doublon détecté,Pas de contradiction détectée,46219.416666666664,Codex,Auteur=Jos Poortvliet / Nextcloud | Thème=Go-to-market | Sous-thème=Référence Région Île-de-France | Type de source=Publique primaire | Géographie=France — Île-de-France | Utilité potentielle=Client; secteur public; concurrence | Décision qualité=À conserver — valeur analytique forte,,,,,,,,,,,,
SIG-PUB-LEVIIA-020,Évolution d’offre,45999,Leviia SAS,"Pour la Région Île-de-France, Leviia a conçu une instance Nextcloud avec point d’accès unique, haute disponibilité et distribution des données dans trois centres français.",SRC-PUB-LEVIIA-008,https://nextcloud.com/blog/ile-de-france-sovereign-cloud-collaboration-platform/ | Archive 2025-12-08_Nextcloud_leviia-region-idf.html,"After a thorough evaluation, Île-de-France selected Leviia, a French cloud provider and Nextcloud partner, for its technical expertise and long-standing commitment to open-source, privacy-first collaboration. Leviia designed a Nextcloud instance capable to support over 500 thousand users through a single access point, with high availability and data distribution across three French data centers and integration with a number of key technologies needed by the regional government.",Factuel,Élevée,Public — mutualisable,Citation courte / analyse seulement,À valider,Pas de doublon détecté,Pas de contradiction détectée,46219.416666666664,Codex,Auteur=Jos Poortvliet / Nextcloud | Thème=Produit | Sous-thème=Architecture collaborative à grande échelle | Type de source=Publique primaire | Géographie=France — Île-de-France | Utilité potentielle=Produit; souveraineté; scalabilité | Décision qualité=À conserver — valeur analytique forte,,,,,,,,,,,,
SIG-PUB-LEVIIA-021,Évolution d’offre,45999,Leviia SAS,"Le déploiement francilien intègre le SSO régional, Worldline PSN, le SOC/SIEM, Collabora Online et des protections WAF, antivirus et anti-DDoS.",SRC-PUB-LEVIIA-008,https://nextcloud.com/blog/ile-de-france-sovereign-cloud-collaboration-platform/ | Archive 2025-12-08_Nextcloud_leviia-region-idf.html,"Native integration with the Region’s SSO, Worldline PSN ecosystem, and existing monitoring systems (SOC/SIEM) Personalized storage of 10 to 100 GB per user, depending on their profile Collabora Online for document co-editing and group projects Advanced security measures including WAF, antivirus, anti-DDoS and erasure coding Full account life cycle automation aligned with the educational calendar",Factuel,Élevée,Public — mutualisable,Citation courte / analyse seulement,À valider,Pas de doublon détecté,Pas de contradiction détectée,46219.416666666664,Codex,Auteur=Jos Poortvliet / Nextcloud | Thème=Produit | Sous-thème=Intégration au SI régional | Type de source=Publique primaire | Géographie=France — Île-de-France | Utilité potentielle=Produit; partenaires; cybersécurité | Décision qualité=À conserver — valeur analytique forte,,,,,,,,,,,,
SIG-PUB-LEVIIA-022,Contrat / référence client,45999,Leviia SAS,"Nextcloud attribue au déploiement 550 000 comptes actifs, des performances stables et une conformité annoncée au RGPD, à ISO 27001 et à HDS.",SRC-PUB-LEVIIA-008,https://nextcloud.com/blog/ile-de-france-sovereign-cloud-collaboration-platform/ | Archive 2025-12-08_Nextcloud_leviia-region-idf.html,"The resulting Nextcloud-based platform combines ease of use, strong compliance and future scalability. Throughout documents, lesson materials, and administrative workflows, teachers and students alike immediately adopted the new system and welcomed the ability to collaborate securely. Key outcomes: 550,000 active accounts Fast and stable performance Compliance ensured with GDPR, ISO 27001, and HDS standards Increased awareness of digital sovereignty in French educational sector",Déclaration,Moyenne,Public — mutualisable,Citation courte / analyse seulement,À valider,Pas de doublon détecté,Pas de contradiction détectée,46219.416666666664,Codex,Auteur=Jos Poortvliet / Nextcloud | Thème=Go-to-market | Sous-thème=Résultats du cas client régional | Type de source=Publique primaire | Géographie=France — Île-de-France | Utilité potentielle=Client; performance; conformité | Décision qualité=À conserver — valeur analytique forte | Élément à corroborer,,,,,,,,,,,,
SIG-PUB-LEVIIA-023,Étude de marché,46178,Leviia SAS,"Richard Czech estime que le marché est passé d’une priorité de prix à des exigences centrales de conformité, traçabilité et maîtrise des législations étrangères.",SRC-PUB-LEVIIA-002,https://www.leviia.com/blog/interview-richard-czech/ | Archive 2026-06-05_Leviia_interview-richard-czech.html,"Quand j’ai commencé beaucoup d’organisations regardaient d’abord le prix. Aujourd’hui la donne a relativement changé : les cyberattaques sont beaucoup plus nombreuses, la guerre en Ukraine et les tensions internationales ont mis en lumière la dépendance des données à des législations étrangères. J’ai vu récemment des intégrateurs quitter un service cloud parce qu’ils découvraient que les journaux d’accès n’étaient pas conservés correctement et qu’en cas d’incident aucune preuve fiable n’était disponible. Pour un DSI, c’est intenable : il joue non seulement la sécurité de son entreprise mais aussi sa propre réputation. Les exigences de conformité et de traçabilité sont devenues centrales.",Déclaration,Moyenne,Public — mutualisable,Citation courte / analyse seulement,À valider,Pas de doublon détecté,Pas de contradiction détectée,46219.416666666664,Codex,"Auteur=Richard Czech, interviewé par Leviia | Thème=Analyse concurrentielle | Sous-thème=Évolution des critères d’achat | Type de source=Publique primaire | Géographie=Europe | Utilité potentielle=Marché; ventes; signal faible | Décision qualité=À conserver — valeur analytique forte | Élément à corroborer",,,,,,,,,,,,
SIG-PUB-LEVIIA-024,Étude de marché,46178,Leviia SAS,"Richard Czech rapporte une demande de clients pour des journaux horodatés, des sauvegardes immuables et une chaîne d’audit fiable.",SRC-PUB-LEVIIA-002,https://www.leviia.com/blog/interview-richard-czech/ | Archive 2026-06-05_Leviia_interview-richard-czech.html,"J’entends beaucoup parler de la traçabilité des données. Les clients veulent maintenant disposer : de logs d’accès complets et horodatés, de versions immuables des sauvegardes (WORM, snapshots, etc.), d’une chaîne d’audit fiable permettant de démontrer que les données n’ont pas été altérées ou volés ou copiées. En cas de litige ou de cyberattaque, c’est ce qui permet à un DSI, et à toute une entreprise, de se défendre et, le cas échéant, de contre-attaquer.",Déclaration,Moyenne,Public — mutualisable,Citation courte / analyse seulement,À valider,Pas de doublon détecté,Pas de contradiction détectée,46219.416666666664,Codex,"Auteur=Richard Czech, interviewé par Leviia | Thème=Analyse concurrentielle | Sous-thème=Traçabilité et immutabilité | Type de source=Publique primaire | Géographie=Europe | Utilité potentielle=Marché; besoins clients; produit | Décision qualité=À conserver — valeur analytique forte | Élément à corroborer",,,,,,,,,,,,
SIG-PUB-LEVIIA-025,Étude de marché,46178,Leviia SAS,Richard Czech affirme que le coût reste important mais devient moins décisif que le risque de perte ou de fuite de données.,SRC-PUB-LEVIIA-002,https://www.leviia.com/blog/interview-richard-czech/ | Archive 2026-06-05_Leviia_interview-richard-czech.html,"Le coût reste important, mais il n’est plus décisif effectivement. Le vrai calcul est celui du risque : une fuite ou une perte de données peut coûter des millions voire mettre une organisation à l’arrêt. Les entreprises ont compris que le coût d’une mauvaise protection de leurs données est infiniment supérieur au coût d’une solution de stockage.",Déclaration,Moyenne,Public — mutualisable,Citation courte / analyse seulement,À valider,Pas de doublon détecté,Pas de contradiction détectée,46219.416666666664,Codex,"Auteur=Richard Czech, interviewé par Leviia | Thème=Ventes | Sous-thème=Arbitrage prix-risque | Type de source=Publique primaire | Géographie=Europe | Utilité potentielle=Ventes; marché; message commercial | Décision qualité=À conserver — valeur analytique forte | Élément à corroborer",,,,,,,,,,,,
SIG-PUB-LEVIIA-026,Positionnement,46178,Leviia SAS,Richard Czech présente Leviia comme un moyen pour les partenaires d’anticiper les réglementations et de renforcer leur rôle stratégique auprès des clients.,SRC-PUB-LEVIIA-002,https://www.leviia.com/blog/interview-richard-czech/ | Archive 2026-06-05_Leviia_interview-richard-czech.html,"Je leur dirai trois choses simples. Avec Leviia : 1. Vous proposez une offre différenciante : souveraine, européenne, certifiée ISO27001 & HDS, là où la plupart de vos concurrents revendent du cloud américain standardisé. 2. Vous protégez vos clients et votre propre réputation : Leviia fournit des journaux d’accès horodatés, des sauvegardes immuables et une réplication multi-sites. En cas d’incident, vous avez la preuve de qui a accédé à quoi, quand, et l’assurance que les données n’ont pas été altérées. » 3. Vous construisez de la valeur long terme : en proposant une alternative comme Leviia, vous les aidez à anticiper les réglementations à venir et vous positionnez votre rôle de partenaire comme stratégique.",Déclaration,Moyenne,Public — mutualisable,Citation courte / analyse seulement,À valider,Pas de doublon détecté,Pas de contradiction détectée,46219.416666666664,Codex,"Auteur=Richard Czech, interviewé par Leviia | Thème=Channel | Sous-thème=Valeur stratégique pour les partenaires | Type de source=Publique primaire | Géographie=Europe | Utilité potentielle=Channel; ventes; réglementation | Décision qualité=À conserver — valeur analytique forte | Élément à corroborer",,,,,,,,,,,,
SIG-PUB-LEVIIA-027,Certification / qualification,45967,Leviia SAS,Leviia figure dans la liste institutionnelle des entreprises sélectionnées pour la promotion 2025 du programme French Tech 2030.,SRC-PUB-LEVIIA-009,https://lafrenchtech.gouv.fr/app/uploads/2023/08/DP_FrenchTech2030_2025_compressed.pdf | Archive 2025-11-06_FrenchTech2030_promotion-2025.pdf,Diamfab Leviia Spore Biotechnologies,Factuel,Élevée,Public — mutualisable,Citation courte / analyse seulement,À valider,Pas de doublon détecté,Pas de contradiction détectée,46219.416666666664,Codex,Auteur=Mission French Tech | Thème=Communication | Sous-thème=Sélection French Tech 2030 | Type de source=Publique primaire | Géographie=France | Utilité potentielle=Institutionnel; communication; financement | Décision qualité=À conserver — information de contexte,,,,,,,,,,,,
SIG-PUB-LEVIIA-028,Performance économique,46177,Leviia SAS,"Le Parisien rapporte que Leviia revendique 1,5 million d’utilisateurs.",SRC-PUB-LEVIIA-013,https://www.leparisien.fr/seine-et-marne-77/avec-le-soutien-financier-de-xavier-niel-ces-deux-freres-defient-les-geants-americains-du-numerique-28-05-2026-KM3UKWRQ6RA2PJFS2ZJOGK2LIU.php | Archive 2026-06-04_LeParisien_leviia-croissance.html,"Alternative tricolore aux solutions des géants américains Google, Microsoft ou Amazon, la société revendique aujourd’hui 1,5 million d’utilisateurs et compte parmi ses clients la région Île-de-France, le château de Versailles, des hôpitaux ou encore les casinos Partouche.",Déclaration,Moyenne,Public — mutualisable,Citation courte / analyse seulement,À valider,Pas de doublon détecté,Pas de contradiction détectée,46219.416666666664,Codex,Auteur=Sébastien Blondé / Le Parisien | Thème=Marketing | Sous-thème=Base utilisateurs 2026 | Type de source=Publique secondaire | Géographie=France | Utilité potentielle=Marché; traction; communication | Décision qualité=À conserver — valeur analytique forte | Élément à corroborer,,,,,,,,,,,,
SIG-PUB-LEVIIA-029,Contrat / référence client,46177,Leviia SAS,"Le Parisien cite des contrats avec la métropole de Nantes, le département des Yvelines et Grand Frais après le marché francilien.",SRC-PUB-LEVIIA-013,https://www.leparisien.fr/seine-et-marne-77/avec-le-soutien-financier-de-xavier-niel-ces-deux-freres-defient-les-geants-americains-du-numerique-28-05-2026-KM3UKWRQ6RA2PJFS2ZJOGK2LIU.php | Archive 2026-06-04_LeParisien_leviia-croissance.html,"Depuis 2024, la région Île-de-France lui fait confiance pour le drive de Monlycée.net, bien connu des lycéens franciliens. À lui seul, ce marché représente près de 550 000 utilisateurs. Avec les contrats qui ont suivi, notamment avec une partie de la métropole de Nantes, le département des Yvelines ou encore Grand Frais, le nombre d’utilisateurs a explosé.",Factuel,Moyenne,Public — mutualisable,Citation courte / analyse seulement,À valider,Pas de doublon détecté,Pas de contradiction détectée,46219.416666666664,Codex,Auteur=Sébastien Blondé / Le Parisien | Thème=Go-to-market | Sous-thème=Références clients récentes | Type de source=Publique secondaire | Géographie=France | Utilité potentielle=Clients; ventes; secteurs | Décision qualité=À conserver — valeur analytique forte | Élément à corroborer,,,,,,,,,,,,
SIG-PUB-LEVIIA-030,Performance économique,46177,Leviia SAS,Le Parisien rapporte un chiffre d’affaires multiplié par dix en trois ans et un effectif de 70 salariés.,SRC-PUB-LEVIIA-013,https://www.leparisien.fr/seine-et-marne-77/avec-le-soutien-financier-de-xavier-niel-ces-deux-freres-defient-les-geants-americains-du-numerique-28-05-2026-KM3UKWRQ6RA2PJFS2ZJOGK2LIU.php | Archive 2026-06-04_LeParisien_leviia-croissance.html,Le chiffre d’affaires de l’entreprise a été multiplié par dix en trois ans et ses effectifs atteignent désormais 70 salariés.,Factuel,Moyenne,Public — mutualisable,Citation courte / analyse seulement,À valider,Pas de doublon détecté,Contradiction à examiner avec la fiche France Num,46219.416666666664,Codex,Auteur=Sébastien Blondé / Le Parisien | Thème=Ventes | Sous-thème=Croissance et effectifs | Type de source=Publique secondaire | Géographie=France | Utilité potentielle=Performance; recrutement; marché | Décision qualité=À conserver — valeur analytique forte | Élément à corroborer,,,,,,,,,,,,
SIG-PUB-LEVIIA-031,Changement organisationnel,46212,Leviia SAS,La fiche France Num classe Leviia dans la tranche de 20 à 49 salariés.,SRC-PUB-LEVIIA-010,https://www.francenum.gouv.fr/activateurs/leviia | Archive 2026-07-09_FranceNum_leviia.html,Taille 20 à 49 salariés,Factuel,Moyenne,Public — mutualisable,Citation courte / analyse seulement,À valider,Pas de doublon détecté,Contradiction à examiner avec Le Parisien,46219.416666666664,Codex,Auteur=France Num / DGE | Thème=Communication | Sous-thème=Taille déclarée sur France Num | Type de source=Publique primaire | Géographie=France | Utilité potentielle=Organisation; recrutement; contrôle | Décision qualité=À conserver — information de contexte | Élément à corroborer,,,,,,,,,,,,
SIG-PUB-LEVIIA-032,Lancement d’offre,46071,Leviia SAS,"Clubic rapporte le lancement de Squad, une offre collaborative sans engagement destinée aux particuliers et aux petites structures comme les TPE.",SRC-PUB-LEVIIA-012,https://www.clubic.com/actualite-600928-le-francais-leviia-lance-une-offre-facon-microsoft-365-pour-tous-moins-chere-que-celle-du-geant-et-sans-contraintes.html | Archive 2026-02-18_Clubic_leviia-squad.html,"Leviia va-t-il rendre le cloud dit « souverain » accessible à tous les Français ? C'est toute l'ambition de la société cofondée par William Méauzoone, qui vient de lancer Squad, une offre cloud pensée pour les particuliers mais aussi les petites structures comme les TPE. Avec du stockage, un agenda, du partage de fichiers et une édition collaborative de documents, tout est là, accessible en quelques clics sur le web, sans engagement.",Factuel,Moyenne,Public — mutualisable,Citation courte / analyse seulement,À valider,Pas de doublon détecté,Pas de contradiction détectée,46219.416666666664,Codex,Auteur=Alexandre Boero / Clubic | Thème=Go-to-market | Sous-thème=Offre Squad B2C et TPE | Type de source=Publique secondaire | Géographie=France | Utilité potentielle=Produit; ventes; go-to-market | Décision qualité=À conserver — valeur analytique forte | Élément à corroborer,,,,,,,,,,,,
SIG-PUB-LEVIIA-033,Positionnement,46071,Leviia SAS,"Squad est proposé en libre-service sans commercial ni engagement, avec remboursement sous trente jours.",SRC-PUB-LEVIIA-012,https://www.clubic.com/actualite-600928-le-francais-leviia-lance-une-offre-facon-microsoft-365-pour-tous-moins-chere-que-celle-du-geant-et-sans-contraintes.html | Archive 2026-02-18_Clubic_leviia-squad.html,"Avec Squad, Leviia inverse totalement la logique. L'offre est disponible en libre-service sur leviia.com, sans passer par un commercial, sans engagement, avec un remboursement sous 30 jours si ça ne convient pas.",Factuel,Moyenne,Public — mutualisable,Citation courte / analyse seulement,À valider,Pas de doublon détecté,Pas de contradiction détectée,46219.416666666664,Codex,Auteur=Alexandre Boero / Clubic | Thème=Go-to-market | Sous-thème=Modèle self-service | Type de source=Publique secondaire | Géographie=France | Utilité potentielle=Ventes; distribution; marketing | Décision qualité=À conserver — valeur analytique forte | Élément à corroborer,,,,,,,,,,,,
SIG-PUB-LEVIIA-034,Positionnement,46071,Leviia SAS,Clubic indique un tarif Squad de 27 euros TTC par mois pour cinq utilisateurs et 2 To.,SRC-PUB-LEVIIA-012,https://www.clubic.com/actualite-600928-le-francais-leviia-lance-une-offre-facon-microsoft-365-pour-tous-moins-chere-que-celle-du-geant-et-sans-contraintes.html | Archive 2026-02-18_Clubic_leviia-squad.html,"Pour 27 euros TTC par mois, cinq utilisateurs peuvent profiter de 2 To de stockage, du partage de fichiers, d'un agenda partagé et de l'édition collaborative de documents.",Factuel,Moyenne,Public — mutualisable,Citation courte / analyse seulement,À valider,Pas de doublon détecté,Pas de contradiction détectée,46219.416666666664,Codex,Auteur=Alexandre Boero / Clubic | Thème=Ventes | Sous-thème=Tarification Squad | Type de source=Publique secondaire | Géographie=France | Utilité potentielle=Ventes; produit; concurrence | Décision qualité=À conserver — valeur analytique forte | Élément à corroborer,,,,,,,,,,,,
SIG-PUB-LEVIIA-035,Positionnement,46071,Leviia SAS,"Clubic indique que l’offre individuelle Solo démarre à 2,40 euros TTC.",SRC-PUB-LEVIIA-012,https://www.clubic.com/actualite-600928-le-francais-leviia-lance-une-offre-facon-microsoft-365-pour-tous-moins-chere-que-celle-du-geant-et-sans-contraintes.html | Archive 2026-02-18_Clubic_leviia-squad.html,"Leviia, entreprise soutenue par Xavier Niel, propose aussi une offre 1 utilisateur, baptisée SOLO, qui démarre à 2,40 euros TTC.",Factuel,Moyenne,Public — mutualisable,Citation courte / analyse seulement,À valider,Pas de doublon détecté,Pas de contradiction détectée,46219.416666666664,Codex,Auteur=Alexandre Boero / Clubic | Thème=Ventes | Sous-thème=Prix d’entrée Solo | Type de source=Publique secondaire | Géographie=France | Utilité potentielle=Ventes; B2C; contexte | Décision qualité=À conserver — information de contexte | Élément à corroborer,,,,,,,,,,,,
SIG-PUB-LEVIIA-036,Positionnement,46180,Leviia SAS,"William Méauzoone présente le B2B comme le principal axe de développement de Leviia, avec une suite collaborative complète et des sauvegardes quotidiennes conservées 180 jours pour les professionnels.",SRC-PUB-LEVIIA-011,https://www.numerama.com/tech/2264435-au-debut-on-nous-prenait-pour-des-fous-entretien-avec-william-co-fondateur-du-cloud-francais-leviia.html | Archive 2026-06-07_Numerama_interview-leviia.html,"Très vite, la demande se diversifie et des dirigeants de PME toquent à la porte des deux frères, à la recherche de solutions pour leurs entreprises. Après un an et demi de R&D, l’offre Pro (B2B) est prête à être industrialisée début 2022 et devient rapidement le fer de lance de l’entreprise : « Aujourd’hui, notre offre B2C reste un produit de stockage monoclient (pour sauvegarder des photos, un téléphone, des documents), tandis que l’offre B2B est devenue notre axe de développement majeur : c’est une suite collaborative complète avec chat, visio, agenda, lecteur mail, kanban et tableau blanc. Nos données sont réparties dans trois datacenters en France avec des sauvegardes quotidiennes (conservées 180 jours pour les pros). »",Déclaration,Moyenne,Public — mutualisable,Citation courte / analyse seulement,À valider,Pas de doublon détecté,Pas de contradiction détectée,46219.416666666664,Codex,"Auteur=William Méauzoone, interviewé par Numerama | Thème=Stratégie | Sous-thème=Priorité au B2B | Type de source=Publique secondaire | Géographie=France | Utilité potentielle=Stratégie; produit; marché | Décision qualité=À conserver — valeur analytique forte | Élément à corroborer",,,,,,,,,,,,
SIG-PUB-LEVIIA-037,Évolution d’offre,46180,Leviia SAS,William Méauzoone indique vouloir développer un moteur de messagerie propre afin de remplacer davantage de fonctions d’Office 365.,SRC-PUB-LEVIIA-011,https://www.numerama.com/tech/2264435-au-debut-on-nous-prenait-pour-des-fous-entretien-avec-william-co-fondateur-du-cloud-francais-leviia.html | Archive 2026-06-07_Numerama_interview-leviia.html,"Le premier, pour vraiment sortir les gens d’Office 365, c’est de développer notre propre moteur de boîte mail, car aujourd’hui nous n’avons qu’un lecteur.",Déclaration,Moyenne,Public — mutualisable,Citation courte / analyse seulement,À valider,Pas de doublon détecté,Pas de contradiction détectée,46219.416666666664,Codex,"Auteur=William Méauzoone, interviewé par Numerama | Thème=Produit | Sous-thème=Roadmap messagerie | Type de source=Publique secondaire | Géographie=France | Utilité potentielle=Produit; stratégie; concurrence | Décision qualité=À conserver — valeur analytique forte | Élément à corroborer",,,,,,,,,,,,
SIG-PUB-LEVIIA-038,Évolution d’offre,46180,Leviia SAS,William Méauzoone veut connecter aux données clients une IA agissant comme agent interactif dans le chat ou les documents.,SRC-PUB-LEVIIA-011,https://www.numerama.com/tech/2264435-au-debut-on-nous-prenait-pour-des-fous-entretien-avec-william-co-fondateur-du-cloud-francais-leviia.html | Archive 2026-06-07_Numerama_interview-leviia.html,"Le second, c’est l’intelligence artificielle. Puisque nous avons la donnée de nos clients, nous voulons y brancher une IA qui agira comme un agent interactif sur le chat ou les documents, dans le respect total des données.",Déclaration,Moyenne,Public — mutualisable,Citation courte / analyse seulement,À valider,Pas de doublon détecté,Pas de contradiction détectée,46219.416666666664,Codex,"Auteur=William Méauzoone, interviewé par Numerama | Thème=Produit | Sous-thème=Roadmap IA documentaire | Type de source=Publique secondaire | Géographie=France | Utilité potentielle=IA; produit; stratégie | Décision qualité=À conserver — valeur analytique forte | Élément à corroborer",,,,,,,,,,,,
SIG-PUB-LEVIIA-039,Positionnement,46180,Leviia SAS,William Méauzoone juge compatible avec la promesse de Leviia l’usage d’un modèle d’IA étranger s’il fonctionne sur des machines françaises.,SRC-PUB-LEVIIA-011,https://www.numerama.com/tech/2264435-au-debut-on-nous-prenait-pour-des-fous-entretien-avec-william-co-fondateur-du-cloud-francais-leviia.html | Archive 2026-06-07_Numerama_interview-leviia.html,"Un modèle IA, ce n’est que des mathématiques ; peu importe qu’il soit chinois ou américain à la base, tant qu’il tourne sur des machines françaises chez Scaleway, nous respectons notre promesse. Par ailleurs, pour l’hébergement de nos serveurs, l’essentiel de notre système est aujourd’hui chez Free Pro.",Déclaration,Moyenne,Public — mutualisable,Citation courte / analyse seulement,À valider,Pas de doublon détecté,Pas de contradiction détectée,46219.416666666664,Codex,"Auteur=William Méauzoone, interviewé par Numerama | Thème=Stratégie | Sous-thème=Doctrine de souveraineté IA | Type de source=Publique secondaire | Géographie=France | Utilité potentielle=IA; souveraineté; positionnement | Décision qualité=À conserver — valeur analytique forte | Élément à corroborer",,,,,,,,,,,,
SIG-PUB-LEVIIA-040,Étude de marché,46180,Leviia SAS,William Méauzoone attribue l’élargissement de la demande aux tensions avec les États-Unis et aux directives françaises de reprise de contrôle des données.,SRC-PUB-LEVIIA-011,https://www.numerama.com/tech/2264435-au-debut-on-nous-prenait-pour-des-fous-entretien-avec-william-co-fondateur-du-cloud-francais-leviia.html | Archive 2026-06-07_Numerama_interview-leviia.html,"À l’époque, on nous prenait pour des fous ! (…) Aujourd’hui, les DSI et les chefs d’entreprise ont pris conscience des enjeux. Commercialement parlant, l’arrivée de Donald Trump a été une bénédiction : les gens ont compris que ce qu’on leur disait depuis des années sur la menace américaine était réel. Les directives de l’État français pour reprendre le contrôle de nos données ont également beaucoup aidé à montrer l’exemple.",Déclaration,Moyenne,Public — mutualisable,Citation courte / analyse seulement,À valider,Pas de doublon détecté,Pas de contradiction détectée,46219.416666666664,Codex,"Auteur=William Méauzoone, interviewé par Numerama | Thème=Analyse concurrentielle | Sous-thème=Accélération de la demande souveraine | Type de source=Publique secondaire | Géographie=France | Utilité potentielle=Marché; souveraineté; signal faible | Décision qualité=À conserver — valeur analytique forte | Élément à corroborer",,,,,,,,,,,,
SIG-PUB-LEVIIA-041,Positionnement,46180,Leviia SAS,William Méauzoone considère la gratuité de La Suite pour les ministères comme une pression concurrentielle défavorable aux éditeurs français privés.,SRC-PUB-LEVIIA-011,https://www.numerama.com/tech/2264435-au-debut-on-nous-prenait-pour-des-fous-entretien-avec-william-co-fondateur-du-cloud-francais-leviia.html | Archive 2026-06-07_Numerama_interview-leviia.html,"Nous avons choisi d’être pragmatiques et de ne pas aller au frontal : nous discutons et travaillons avec les équipes de la DINUM qui produisent « La Suite ». Certains se demandent si c’est le rôle de l’État de fabriquer des logiciels, sachant qu’il existe déjà une trentaine de sociétés françaises sur ce créneau. Le vrai test sera financier. Aujourd’hui, « La Suite » est gratuite pour les ministères, ce qui crée une concurrence un peu déloyale. Le jour où on leur demandera de payer 15 € par mois, je ne suis pas sûr que l’adoption sera la même.",Déclaration,Moyenne,Public — mutualisable,Citation courte / analyse seulement,À valider,Pas de doublon détecté,Pas de contradiction détectée,46219.416666666664,Codex,"Auteur=William Méauzoone, interviewé par Numerama | Thème=Analyse concurrentielle | Sous-thème=Concurrence de l’offre publique | Type de source=Publique secondaire | Géographie=France | Utilité potentielle=Concurrence; secteur public; réglementation | Décision qualité=À conserver — information de contexte | Élément à corroborer",,,,,,,,,,,,
SIG-PUB-LEVIIA-042,Certification / qualification,46180,Leviia SAS,William Méauzoone présente SecNumCloud comme une cible nécessitant environ deux ans et une infrastructure physique et réseau dédiée.,SRC-PUB-LEVIIA-011,https://www.numerama.com/tech/2264435-au-debut-on-nous-prenait-pour-des-fous-entretien-avec-william-co-fondateur-du-cloud-francais-leviia.html | Archive 2026-06-07_Numerama_interview-leviia.html,SecNumCloud est clairement une cible et nous estimons qu’il nous faudra environ deux ans pour l’obtenir. C’est un processus extrêmement coûteux car il exige une infrastructure physique et réseau totalement dédiée et séparée.,Déclaration,Moyenne,Public — mutualisable,Citation courte / analyse seulement,À valider,Pas de doublon détecté,Pas de contradiction détectée,46219.416666666664,Codex,"Auteur=William Méauzoone, interviewé par Numerama | Thème=Réglementation | Sous-thème=Objectif SecNumCloud | Type de source=Publique secondaire | Géographie=France | Utilité potentielle=Réglementation; souveraineté; investissement | Décision qualité=À conserver — valeur analytique forte | Élément à corroborer",,,,,,,,,,,,
SIG-PUB-CAMPUSCYBER-001,Positionnement,46035,Campus Cyber SAS,Le Campus Cyber annonce vouloir devenir un opérateur-pivot au service de la stratégie nationale cyber et de la souveraineté numérique française et européenne.,SRC-PUB-CAMPUSCYBER-001,https://campuscyber.fr/wp-content/uploads/2026/01/Communique-Campus-Cyber-RDMP-2026-2028.pdf | Archive 2026-01-13_CampusCyber_strategie-2026-2028.pdf,"Elle porte une ambition forte : permettre au Campus de changer de visage et de braquet, en devenant un opérateur-pivot au service de la stratégie nationale cyber de l’Etat et de l’agenda de souveraineté numérique français et européen.",Factuel,Élevée,Public — mutualisable,Citation courte / analyse seulement,À valider,Pas de doublon détecté,Pas de contradiction détectée,46219.583333333336,Codex,Auteur=Campus Cyber | Thème=Stratégie | Sous-thème=Opérateur-pivot | Type de source=Publique primaire | Géographie=France / Europe | Utilité potentielle=Stratégie; politique publique; souveraineté | Décision qualité=À conserver — valeur analytique forte,,,,,,,,,,,,
SIG-PUB-CAMPUSCYBER-002,Prise de parole dirigeant,46035,Campus Cyber SAS,Joffrey Célestin-Urbain présente le Campus Cyber comme une future plateforme de services dépassant son rôle d’hébergeur immobilier.,SRC-PUB-CAMPUSCYBER-001,https://campuscyber.fr/wp-content/uploads/2026/01/Communique-Campus-Cyber-RDMP-2026-2028.pdf | Archive 2026-01-13_CampusCyber_strategie-2026-2028.pdf,"Joffrey Célestin-Urbain, Président du Campus Cyber déclare : « l’ADN unique du Campus Cyber, qui est un lieu-vitrine et un carrefour public-privé des forces françaises de la cyber dans toute leur diversité, le prédispose à jouer un rôle de plate-forme servicielle au profit de l’ensemble de la filière du numérique de confiance, au-delà de celui de simple hébergeur immobilier ».",Déclaration,Élevée,Public — mutualisable,Citation courte / analyse seulement,À valider,Pas de doublon détecté,Pas de contradiction détectée,46219.583333333336,Codex,Auteur=Joffrey Célestin-Urbain | Thème=Stratégie | Sous-thème=Plateforme servicielle | Type de source=Publique primaire | Géographie=France | Utilité potentielle=Stratégie; services aux membres | Décision qualité=À conserver — valeur analytique forte,,,,,,,,,,,,
SIG-PUB-CAMPUSCYBER-003,Positionnement,46035,Campus Cyber SAS,"La stratégie 2026 retient trois domaines prioritaires : préférence européenne dans les achats, innovation public-privé et adéquation des compétences au marché du travail.",SRC-PUB-CAMPUSCYBER-001,https://campuscyber.fr/wp-content/uploads/2026/01/Communique-Campus-Cyber-RDMP-2026-2028.pdf | Archive 2026-01-13_CampusCyber_strategie-2026-2028.pdf,"L’objectif prioritaire pour 2026 est de tirer parti de l’extraordinaire richesse de la communauté des résidents et des membres pour faire émerger, au cœur du Campus, un véritable écosystème de projets axés sur la résolution de problèmes communs, en particulier dans trois domaines-clefs de la cybersécurité : La souveraineté, avec un objectif fort d’opérationnalisation de la préférence européenne en matière d’achats. L’innovation, pour permettre une émulation des acteurs publics et privés de la recherche autour d’une chaîne de valeur commune. La formation, pour mettre en adéquation des compétences aux besoins du marché du travail.",Factuel,Élevée,Public — mutualisable,Citation courte / analyse seulement,À valider,Pas de doublon détecté,Pas de contradiction détectée,46219.583333333336,Codex,Auteur=Campus Cyber | Thème=Stratégie | Sous-thème=Priorités 2026 | Type de source=Publique primaire | Géographie=France / Europe | Utilité potentielle=Stratégie; souveraineté; innovation; compétences | Décision qualité=À conserver — valeur analytique forte,,,,,,,,,,,,
SIG-PUB-CAMPUSCYBER-004,Évolution d’offre,46035,Campus Cyber SAS,"Le Campus Cyber prévoit une forge destinée au passage à l’échelle des entreprises cyber et du numérique de confiance, préfigurée en 2026 pour un déploiement complet en 2027.",SRC-PUB-CAMPUSCYBER-001,https://campuscyber.fr/wp-content/uploads/2026/01/Communique-Campus-Cyber-RDMP-2026-2028.pdf | Archive 2026-01-13_CampusCyber_strategie-2026-2028.pdf,"2026 sera également l’année de la préfiguration de trois nouvelles plates-formes de services destinées à être déployées à 100% en 2027 : Une forge à croissance des entreprises de la cyber et du numérique de confiance, pour réussir le passage à l’échelle des start-ups, en s’appuyant sur les initiatives existantes. Un plateau technique national de référence mutualisé au profit des acteurs publics et privés de la recherche et de l’innovation. Un dispositif dédié au renforcement de la cyberrésilience des PME et des collectivités locales dans le cadre de l’application de la directive européenne NIS2.",Factuel,Élevée,Public — mutualisable,Citation courte / analyse seulement,À valider,Pas de doublon détecté,Pas de contradiction détectée,46219.583333333336,Codex,Auteur=Campus Cyber | Thème=Services proposés aux membres | Sous-thème=Forge de croissance | Type de source=Publique primaire | Géographie=France | Utilité potentielle=Innovation; services; développement d’entreprises | Décision qualité=À conserver — valeur analytique forte,,,,,,,,,,,,
SIG-PUB-CAMPUSCYBER-005,Évolution d’offre,46035,Campus Cyber SAS,Le Campus Cyber prévoit un plateau technique national mutualisé pour la recherche et l’innovation publiques et privées.,SRC-PUB-CAMPUSCYBER-001,https://campuscyber.fr/wp-content/uploads/2026/01/Communique-Campus-Cyber-RDMP-2026-2028.pdf | Archive 2026-01-13_CampusCyber_strategie-2026-2028.pdf,"2026 sera également l’année de la préfiguration de trois nouvelles plates-formes de services destinées à être déployées à 100% en 2027 : Une forge à croissance des entreprises de la cyber et du numérique de confiance, pour réussir le passage à l’échelle des start-ups, en s’appuyant sur les initiatives existantes. Un plateau technique national de référence mutualisé au profit des acteurs publics et privés de la recherche et de l’innovation. Un dispositif dédié au renforcement de la cyberrésilience des PME et des collectivités locales dans le cadre de l’application de la directive européenne NIS2.",Factuel,Élevée,Public — mutualisable,Citation courte / analyse seulement,À valider,Pas de doublon détecté,Pas de contradiction détectée,46219.583333333336,Codex,Auteur=Campus Cyber | Thème=Innovation | Sous-thème=Plateau technique national | Type de source=Publique primaire | Géographie=France | Utilité potentielle=Innovation; recherche; mutualisation | Décision qualité=À conserver — valeur analytique forte,,,,,,,,,,,,
SIG-PUB-CAMPUSCYBER-006,Évolution d’offre,46035,Campus Cyber SAS,Le Campus Cyber prévoit un dispositif de cyberrésilience pour les PME et les collectivités locales lié à l’application de NIS2.,SRC-PUB-CAMPUSCYBER-001,https://campuscyber.fr/wp-content/uploads/2026/01/Communique-Campus-Cyber-RDMP-2026-2028.pdf | Archive 2026-01-13_CampusCyber_strategie-2026-2028.pdf,"2026 sera également l’année de la préfiguration de trois nouvelles plates-formes de services destinées à être déployées à 100% en 2027 : Une forge à croissance des entreprises de la cyber et du numérique de confiance, pour réussir le passage à l’échelle des start-ups, en s’appuyant sur les initiatives existantes. Un plateau technique national de référence mutualisé au profit des acteurs publics et privés de la recherche et de l’innovation. Un dispositif dédié au renforcement de la cyberrésilience des PME et des collectivités locales dans le cadre de l’application de la directive européenne NIS2.",Factuel,Élevée,Public — mutualisable,Citation courte / analyse seulement,À valider,Pas de doublon détecté,Pas de contradiction détectée,46219.583333333336,Codex,Auteur=Campus Cyber | Thème=Réglementation | Sous-thème=Cyberrésilience NIS2 | Type de source=Publique primaire | Géographie=France | Utilité potentielle=Réglementation; PME; collectivités | Décision qualité=À conserver — valeur analytique forte,,,,,,,,,,,,
SIG-PUB-CAMPUSCYBER-007,Changement organisationnel,46035,Campus Cyber SAS,"Talcyb, CYBIAH et le Studio des communs doivent être refondus dans les nouvelles priorités stratégiques et opérationnelles du Campus Cyber.",SRC-PUB-CAMPUSCYBER-001,https://campuscyber.fr/wp-content/uploads/2026/01/Communique-Campus-Cyber-RDMP-2026-2028.pdf | Archive 2026-01-13_CampusCyber_strategie-2026-2028.pdf,"Les programmes existants, comme Talcyb, Cybiah et le studio des communs, seront refondus dans les nouvelles priorités stratégiques et opérationnelles du Campus.",Factuel,Élevée,Public — mutualisable,Citation courte / analyse seulement,À valider,Pas de doublon détecté,Pas de contradiction détectée,46219.583333333336,Codex,Auteur=Campus Cyber | Thème=Stratégie | Sous-thème=Refonte des programmes | Type de source=Publique primaire | Géographie=France | Utilité potentielle=Stratégie; programmes collectifs | Décision qualité=À conserver — valeur analytique forte,,,,,,,,,,,,
SIG-PUB-CAMPUSCYBER-008,Performance économique,46035,Campus Cyber SAS,Le nouveau plan d’affaires prévoit de diversifier les revenus privés par de nouveaux services et de pérenniser le financement des activités d’intérêt général.,SRC-PUB-CAMPUSCYBER-001,https://campuscyber.fr/wp-content/uploads/2026/01/Communique-Campus-Cyber-RDMP-2026-2028.pdf | Archive 2026-01-13_CampusCyber_strategie-2026-2028.pdf,"La feuille de route s’inscrira dans un nouveau plan d’affaires pluriannuel, axé sur la diversification du revenu privé à travers le développement de nouveaux services, et sur la pérennisation du financement des activités d’intérêt général.",Factuel,Élevée,Public — mutualisable,Citation courte / analyse seulement,À valider,Pas de doublon détecté,Pas de contradiction détectée,46219.583333333336,Codex,Auteur=Campus Cyber | Thème=Stratégie | Sous-thème=Modèle économique | Type de source=Publique primaire | Géographie=France | Utilité potentielle=Modèle économique; financement; services | Décision qualité=À conserver — valeur analytique forte,,,,,,,,,,,,
SIG-PUB-CAMPUSCYBER-009,Changement organisationnel,46035,Campus Cyber SAS,Le Campus Cyber annonce une organisation interne autour d’une direction générale et de cinq pôles de création de valeur.,SRC-PUB-CAMPUSCYBER-001,https://campuscyber.fr/wp-content/uploads/2026/01/Communique-Campus-Cyber-RDMP-2026-2028.pdf | Archive 2026-01-13_CampusCyber_strategie-2026-2028.pdf,"Pour tenir le cap de son ambition, le Campus Cyber s’est donné depuis le 1er janvier une organisation interne rénovée, autour d’une direction générale et de cinq pôles de création de valeur : expérience et vie du Campus, communication et rayonnement, innovation et international, souveraineté capacitaire et cyberrésilience et développement commercial.",Factuel,Élevée,Public — mutualisable,Citation courte / analyse seulement,À valider,Pas de doublon détecté,Pas de contradiction détectée,46219.583333333336,Codex,Auteur=Campus Cyber | Thème=Stratégie | Sous-thème=Organisation interne | Type de source=Publique primaire | Géographie=France | Utilité potentielle=Organisation; exécution stratégique | Décision qualité=À conserver — valeur analytique forte,,,,,,,,,,,,
SIG-PUB-CAMPUSCYBER-010,Positionnement,46035,Campus Cyber SAS,"Le communiqué stratégique indique que plus de 250 acteurs appartiennent au Campus Cyber et mentionne des réseaux territoriaux, européens et internationaux.",SRC-PUB-CAMPUSCYBER-001,https://campuscyber.fr/wp-content/uploads/2026/01/Communique-Campus-Cyber-RDMP-2026-2028.pdf | Archive 2026-01-13_CampusCyber_strategie-2026-2028.pdf,"À ce jour, plus de 250 acteurs, issus d’une pluralité de secteurs d’activité, font partie du Campus Cyber : entreprises (grands groupes, ETI-PME, start-up), des services de l’État, des organismes de formation, des acteurs de la recherche et des associations. L'écosystème cyber est le levier pour accélérer la création d’une société numérique de confiance. En région, le Campus Cyber peut s'appuyer sur un maillage territorial fort avec un réseau de Campus Territoriaux. Au niveau international et européen, le Campus Cyber développe un réseau de hubs européens et d'ambassadeurs internationaux de la cybersécurité.",Factuel,Élevée,Public — mutualisable,Citation courte / analyse seulement,À valider,Pas de doublon détecté,Pas de contradiction détectée,46219.583333333336,Codex,Auteur=Campus Cyber | Thème=Écosystème | Sous-thème=Taille et portée de l’écosystème | Type de source=Publique primaire | Géographie=France / Europe / International | Utilité potentielle=Écosystème; rayonnement | Décision qualité=À conserver — information de contexte,,,,,,,,,,,,
SIG-PUB-CAMPUSCYBER-011,Changement organisationnel,46010,Campus Cyber SAS,Le Conseil d’administration du Campus Cyber a adopté une nouvelle composition issue d’élections par collèges pour un mandat de trois ans.,SRC-PUB-CAMPUSCYBER-002,https://campuscyber.fr/nouvelle-gouvernance-du-campus-cyber-2026-2028/ | Archive 2025-12-19_CampusCyber_nouvelle-gouvernance.html,"Le Conseil d’Administration du Campus Cyber s’est réuni le mardi 16 décembre 2025, avec une nouvelle composition issue des élections de collèges de mi-novembre. Représentative de l’ensemble de la filière cybersécurité, cette gouvernance réunit des acteurs institutionnels, économiques, académiques et territoriaux. Elle accompagne les orientations stratégiques du Campus Cyber et contribue à son développement au service de l’écosystème.",Factuel,Élevée,Public — mutualisable,Citation courte / analyse seulement,À valider,Pas de doublon détecté,Pas de contradiction détectée,46219.583333333336,Codex,Auteur=Campus Cyber | Thème=Écosystème | Sous-thème=Gouvernance 2026-2028 | Type de source=Publique primaire | Géographie=France | Utilité potentielle=Gouvernance; organisation | Décision qualité=À conserver — valeur analytique forte,,,,,,,,,,,,
SIG-PUB-CAMPUSCYBER-012,Changement organisationnel,46010,Campus Cyber SAS,"Le Campus Cyber décrit sa gouvernance comme réunissant des acteurs institutionnels, économiques, académiques et territoriaux.",SRC-PUB-CAMPUSCYBER-002,https://campuscyber.fr/nouvelle-gouvernance-du-campus-cyber-2026-2028/ | Archive 2025-12-19_CampusCyber_nouvelle-gouvernance.html,"Le Conseil d’Administration du Campus Cyber s’est réuni le mardi 16 décembre 2025, avec une nouvelle composition issue des élections de collèges de mi-novembre. Représentative de l’ensemble de la filière cybersécurité, cette gouvernance réunit des acteurs institutionnels, économiques, académiques et territoriaux. Elle accompagne les orientations stratégiques du Campus Cyber et contribue à son développement au service de l’écosystème.",Déclaration,Élevée,Public — mutualisable,Citation courte / analyse seulement,À valider,Pas de doublon détecté,Pas de contradiction détectée,46219.583333333336,Codex,Auteur=Campus Cyber | Thème=Écosystème | Sous-thème=Représentativité de la gouvernance | Type de source=Publique primaire | Géographie=France | Utilité potentielle=Gouvernance; écosystème | Décision qualité=À conserver — information de contexte,,,,,,,,,,,,
SIG-PUB-CAMPUSCYBER-013,Partenariat,46010,Campus Cyber SAS,La gouvernance 2026-2028 fait figurer l’ANSSI et la DGE dans le collège institutionnel.,SRC-PUB-CAMPUSCYBER-002,https://campuscyber.fr/nouvelle-gouvernance-du-campus-cyber-2026-2028/ | Archive 2025-12-19_CampusCyber_nouvelle-gouvernance.html,Institutionnel ANSSI (Renaud Labelle) x DGE (Aurélien Palix),Factuel,Élevée,Public — mutualisable,Citation courte / analyse seulement,À valider,Pas de doublon détecté,Pas de contradiction détectée,46219.583333333336,Codex,Auteur=Campus Cyber | Thème=Politique publique | Sous-thème=Représentation de l’État | Type de source=Publique primaire | Géographie=France | Utilité potentielle=État; gouvernance; politique publique | Décision qualité=À conserver — valeur analytique forte,,,,,,,,,,,,
SIG-PUB-CAMPUSCYBER-014,Changement de direction,45929,Campus Cyber SAS,Le Campus Cyber annonce la nomination prochaine de Farida Poulain comme directrice générale.,SRC-PUB-CAMPUSCYBER-003,https://campuscyber.fr/nomination-farida-poulain-directrice-generale/ | Archive 2025-09-29_CampusCyber_nomination-farida-poulain.html,Le Campus Cyber a le plaisir d’annoncer l’arrivée prochaine de Farida Poulain en tant que Directrice générale. Cette nomination marque une nouvelle étape majeure dans le développement du Campus comme lieu fédérateur de l’écosystème français et européen de la cybersécurité et du numérique de confiance.,Factuel,Élevée,Public — mutualisable,Citation courte / analyse seulement,À valider,Pas de doublon détecté,Pas de contradiction détectée,46219.583333333336,Codex,Auteur=Campus Cyber | Thème=Stratégie | Sous-thème=Direction générale | Type de source=Publique primaire | Géographie=France | Utilité potentielle=Organisation; gouvernance | Décision qualité=À conserver — valeur analytique forte,,,,,,,,,,,,
SIG-PUB-CAMPUSCYBER-015,Changement organisationnel,45929,Campus Cyber SAS,Le plan présenté par Farida Poulain met l’accent sur la performance financière et opérationnelle et sur le projet Cœur Campus pour renforcer les synergies internes.,SRC-PUB-CAMPUSCYBER-003,https://campuscyber.fr/nomination-farida-poulain-directrice-generale/ | Archive 2025-09-29_CampusCyber_nomination-farida-poulain.html,"Sélectionnée à l’issue d’un processus compétitif marqué de nombreuses candidatures de qualité, elle a présenté une vision claire et ambitieuse du rôle de Directrice générale, en parfaite cohérence avec le cadre stratégique 2026-2028 du Campus. Le plan d’actions qu’elle a proposé met en avant à la fois la performance financière et opérationnelle de la SAS Campus Cyber et le projet Cœur Campus, qui vise à renforcer les synergies entre acteurs au sein du lieu totem qu’est le Campus.",Factuel,Élevée,Public — mutualisable,Citation courte / analyse seulement,À valider,Pas de doublon détecté,Pas de contradiction détectée,46219.583333333336,Codex,Auteur=Campus Cyber | Thème=Stratégie | Sous-thème=Performance et Cœur Campus | Type de source=Publique primaire | Géographie=France | Utilité potentielle=Stratégie; organisation; performance | Décision qualité=À conserver — valeur analytique forte,,,,,,,,,,,,
SIG-PUB-CAMPUSCYBER-016,Prise de parole dirigeant,45929,Campus Cyber SAS,Farida Poulain déclare vouloir transformer les connexions entre membres en projets concrets et en valeur tangible pour chaque catégorie d’acteur.,SRC-PUB-CAMPUSCYBER-003,https://campuscyber.fr/nomination-farida-poulain-directrice-generale/ | Archive 2025-09-29_CampusCyber_nomination-farida-poulain.html,"Je suis honorée de la confiance que m’accorde le Président Joffrey Célestin-Urbain. Ma priorité est claire : faire du Campus Cyber un lieu où les connexions deviennent des projets concrets, et où chaque acteur, qu’il soit start-up, grand groupe, chercheur ou institution, trouve une valeur tangible à y être.",Déclaration,Élevée,Public — mutualisable,Citation courte / analyse seulement,À valider,Pas de doublon détecté,Pas de contradiction détectée,46219.583333333336,Codex,Auteur=Farida Poulain | Thème=Stratégie | Sous-thème=Valeur pour les membres | Type de source=Publique primaire | Géographie=France | Utilité potentielle=Stratégie; services aux membres | Décision qualité=À conserver — valeur analytique forte,,,,,,,,,,,,
SIG-PUB-CAMPUSCYBER-017,Changement de direction,45740,Campus Cyber SAS,Le conseil d’administration a élu Joffrey Célestin-Urbain président du conseil et de la société Campus Cyber.,SRC-PUB-CAMPUSCYBER-004,https://campuscyber.fr/nomination-du-futur-president-du-campus-cyber/ | Archive 2025-03-24_CampusCyber_nomination-president.html,"Paris, le lundi 24 mars 2025 – Le Conseil d’Administration du Campus Cyber réunit en session extraordinaire a élu M. Joffrey Célestin-Urbain en qualité de président du Conseil d’administration et de la société Campus Cyber.",Factuel,Élevée,Public — mutualisable,Citation courte / analyse seulement,À valider,Pas de doublon détecté,Pas de contradiction détectée,46219.583333333336,Codex,Auteur=Campus Cyber | Thème=Stratégie | Sous-thème=Présidence | Type de source=Publique primaire | Géographie=France | Utilité potentielle=Gouvernance; direction | Décision qualité=À conserver — valeur analytique forte,,,,,,,,,,,,
SIG-PUB-CAMPUSCYBER-018,Prise de parole dirigeant,45740,Campus Cyber SAS,Joffrey Célestin-Urbain déclare vouloir faire du Campus Cyber davantage qu’un lieu totem et en faire un créateur de valeur.,SRC-PUB-CAMPUSCYBER-004,https://campuscyber.fr/nomination-du-futur-president-du-campus-cyber/ | Archive 2025-03-24_CampusCyber_nomination-president.html,"Notre mission est claire : Faire du campus plus qu’un lieu totem, un créateur de valeurs augmentées",Déclaration,Élevée,Public — mutualisable,Citation courte / analyse seulement,À valider,Pas de doublon détecté,Pas de contradiction détectée,46219.583333333336,Codex,Auteur=Joffrey Célestin-Urbain | Thème=Stratégie | Sous-thème=Évolution du rôle | Type de source=Publique primaire | Géographie=France | Utilité potentielle=Positionnement; stratégie | Décision qualité=À conserver — valeur analytique forte,,,,,,,,,,,,
SIG-PUB-CAMPUSCYBER-019,Changement organisationnel,46114,Campus Cyber SAS,Le réseau des Campus Cyber territoriaux a annoncé une feuille de route stratégique commune.,SRC-PUB-CAMPUSCYBER-005,https://campuscyber.fr/le-reseau-des-campus-cyber-devoile-sa-feuille-de-route-strategique-commune/ | Archive 2026-04-02_CampusCyber_feuille-route-territoriale.html,"À l’occasion du Forum INCYBER 2026, le réseau des Campus Cyber Territoriaux franchit une étape clé avec l’annonce d’une feuille de route stratégique commune.",Factuel,Élevée,Public — mutualisable,Citation courte / analyse seulement,À valider,Pas de doublon détecté,Pas de contradiction détectée,46219.583333333336,Codex,Auteur=Campus Cyber | Thème=Écosystème | Sous-thème=Coordination territoriale | Type de source=Publique primaire | Géographie=France | Utilité potentielle=Écosystème; territoires; stratégie | Décision qualité=À conserver — valeur analytique forte,,,,,,,,,,,,
SIG-PUB-CAMPUSCYBER-020,Positionnement,46114,Campus Cyber SAS,"La feuille de route territoriale vise davantage de lisibilité, d’efficacité et d’impact pour les entreprises, collectivités et institutions.",SRC-PUB-CAMPUSCYBER-005,https://campuscyber.fr/le-reseau-des-campus-cyber-devoile-sa-feuille-de-route-strategique-commune/ | Archive 2026-04-02_CampusCyber_feuille-route-territoriale.html,"Portée par une logique de coopération renforcée, cette feuille de route vise à apporter plus de lisibilité, d’efficacité et d’impact, au plus près des besoins des entreprises, des collectivités et des institutions.",Déclaration,Élevée,Public — mutualisable,Citation courte / analyse seulement,À valider,Pas de doublon détecté,Pas de contradiction détectée,46219.583333333336,Codex,Auteur=Campus Cyber | Thème=Écosystème | Sous-thème=Objectifs de la feuille de route | Type de source=Publique primaire | Géographie=France | Utilité potentielle=Écosystème; accompagnement | Décision qualité=À conserver — information de contexte,,,,,,,,,,,,
SIG-PUB-CAMPUSCYBER-021,Implantation / expansion,45987,Campus Cyber SAS,Le Grand Est et l’Occitanie ont été officiellement labellisés comme Campus cyber territoriaux en octobre et novembre 2025.,SRC-PUB-CAMPUSCYBER-006,https://campuscyber.fr/le-grand-est-et-loccitanie-rejoignent-le-reseau-des-campus-cyber-territoriaux/ | Archive 2025-11-26_CampusCyber_grand-est-occitanie.html,"Le réseau des Campus cyber territoriaux s’étend avec l’intégration de deux nouvelles régions : le Grand Est et l’Occitanie. Les dates du 22 octobre et du 26 novembre 2025 marquent l’officialisation de leur labellisation en tant que Campus cyber territoriaux. Ces deux intégrations renforcent la dynamique nationale engagée pour répondre plus efficacement aux attentes des PME et ETI, des acteurs de la recherche et des collectivités locales, et offrir un accès simplifié à des solutions robustes, souveraines et adaptées, quels que soient leur activité et leur territoire.",Factuel,Élevée,Public — mutualisable,Citation courte / analyse seulement,À valider,Pas de doublon détecté,Pas de contradiction détectée,46219.583333333336,Codex,Auteur=Campus Cyber | Thème=Écosystème | Sous-thème=Extension territoriale | Type de source=Publique primaire | Géographie=France — Grand Est / Occitanie | Utilité potentielle=Territoires; expansion | Décision qualité=À conserver — valeur analytique forte,,,,,,,,,,,,
SIG-PUB-CAMPUSCYBER-022,Évolution d’offre,45987,Campus Cyber SAS,"L’extension territoriale est présentée comme un moyen de simplifier l’accès des PME, ETI, acteurs de la recherche et collectivités à des solutions souveraines adaptées.",SRC-PUB-CAMPUSCYBER-006,https://campuscyber.fr/le-grand-est-et-loccitanie-rejoignent-le-reseau-des-campus-cyber-territoriaux/ | Archive 2025-11-26_CampusCyber_grand-est-occitanie.html,"Le réseau des Campus cyber territoriaux s’étend avec l’intégration de deux nouvelles régions : le Grand Est et l’Occitanie. Les dates du 22 octobre et du 26 novembre 2025 marquent l’officialisation de leur labellisation en tant que Campus cyber territoriaux. Ces deux intégrations renforcent la dynamique nationale engagée pour répondre plus efficacement aux attentes des PME et ETI, des acteurs de la recherche et des collectivités locales, et offrir un accès simplifié à des solutions robustes, souveraines et adaptées, quels que soient leur activité et leur territoire.",Déclaration,Élevée,Public — mutualisable,Citation courte / analyse seulement,À valider,Pas de doublon détecté,Pas de contradiction détectée,46219.583333333336,Codex,Auteur=Campus Cyber | Thème=Souveraineté | Sous-thème=Accès territorial aux solutions | Type de source=Publique primaire | Géographie=France — régions | Utilité potentielle=Souveraineté; PME; collectivités | Décision qualité=À conserver — valeur analytique forte,,,,,,,,,,,,
SIG-PUB-CAMPUSCYBER-023,Positionnement,45987,Campus Cyber SAS,"Le Hub Grand Est Cybersécurité est structuré autour de pôles à Reims, Metz, Nancy et Mulhouse et coordonne notamment le CSIRT régional et l’EDIH.",SRC-PUB-CAMPUSCYBER-006,https://campuscyber.fr/le-grand-est-et-loccitanie-rejoignent-le-reseau-des-campus-cyber-territoriaux/ | Archive 2025-11-26_CampusCyber_grand-est-occitanie.html,"La labellisation du Hub Grand Est Cybersécurité (Campus cyber Grand Est) valorise une organisation déjà bien établie, structurée autour d’un réseau de pôles d’excellence à Reims, Metz, Nancy et Mulhouse. Soutenu par le président du Conseil régional du Grand Est, Franck Leroy, le déploiement du Hub est piloté par la conseillère régionale Irène Weiss, déléguée à la cybersécurité, et Kévin Sanna, responsable du Campus cyber Grand Est. Plus d’informations : https://www.cybersecurite.grandest.fr/ . Le Hub porte la politique régionale en cyber et coordonne les dispositifs existants tels que le CSIRT régional et l’EDIH. Il développera également des expertises ciblées autour de la viniculture, de la santé et de la coopération transfrontalière, notamment avec l’Allemagne et la Belgique.",Factuel,Élevée,Public — mutualisable,Citation courte / analyse seulement,À valider,Pas de doublon détecté,Pas de contradiction détectée,46219.583333333336,Codex,Auteur=Campus Cyber | Thème=Écosystème | Sous-thème=Hub Grand Est | Type de source=Publique primaire | Géographie=France — Grand Est | Utilité potentielle=Écosystème territorial; services | Décision qualité=À conserver — information de contexte,,,,,,,,,,,,
SIG-PUB-CAMPUSCYBER-024,Positionnement,45987,Campus Cyber SAS,"Cyber’Occ est présenté comme un point d’entrée régional regroupant le CSIRT, l’EDIH et l’AMI Compétences et métiers d’avenir.",SRC-PUB-CAMPUSCYBER-006,https://campuscyber.fr/le-grand-est-et-loccitanie-rejoignent-le-reseau-des-campus-cyber-territoriaux/ | Archive 2025-11-26_CampusCyber_grand-est-occitanie.html,"La labellisation de Cyber’Occ (Campus cyber Occitanie), implanté dans la Data Valley à Toulouse, traduit une ambition forte autour de la résilience numérique et des enjeux industriels du territoire. La dynamique régionale, soutenue par la présidente du Conseil régional Carole Delga, est conduite par le conseiller régional Marc Sztulman et Olivier Auradou, respectivement président et directeur général de Cyber’Occ. Cyber’Occ constitue un point d’entrée unique de la cyber en région et regroupe les dispositifs régionaux tels que le CSIRT, l’EDIH et l’AMI Compétences et métiers d’avenir. Il développera des expertises ciblées notamment autour de l’aéronautique et de la cybersécurité industrielle.",Factuel,Élevée,Public — mutualisable,Citation courte / analyse seulement,À valider,Pas de doublon détecté,Pas de contradiction détectée,46219.583333333336,Codex,Auteur=Campus Cyber | Thème=Écosystème | Sous-thème=Campus cyber Occitanie | Type de source=Publique primaire | Géographie=France — Occitanie | Utilité potentielle=Écosystème territorial; services | Décision qualité=À conserver — information de contexte,,,,,,,,,,,,
SIG-PUB-CAMPUSCYBER-025,Partenariat,45987,Campus Cyber SAS,"Le réseau territorial affirme une logique de mutualisation, de complémentarité et d’absence de concurrence entre territoires.",SRC-PUB-CAMPUSCYBER-006,https://campuscyber.fr/le-grand-est-et-loccitanie-rejoignent-le-reseau-des-campus-cyber-territoriaux/ | Archive 2025-11-26_CampusCyber_grand-est-occitanie.html,"Elles s’inscrivent dans une volonté commune de mutualiser les expertises et les ressources pour renforcer l’impact collectif, la souveraineté capacitaire et la cyber-résilience française. Elles contribuent à consolider un réseau fondé sur l’union des forces régionales, la complémentarité des actions et l’absence de concurrence entre les territoires, afin d’offrir aux acteurs locaux un accompagnement cohérent et efficace en matière de cybersécurité.",Déclaration,Élevée,Public — mutualisable,Citation courte / analyse seulement,À valider,Pas de doublon détecté,Pas de contradiction détectée,46219.583333333336,Codex,Auteur=Campus Cyber | Thème=Écosystème | Sous-thème=Mutualisation territoriale | Type de source=Publique primaire | Géographie=France | Utilité potentielle=Écosystème; coopération | Décision qualité=À conserver — valeur analytique forte,,,,,,,,,,,,
SIG-PUB-CAMPUSCYBER-026,Lancement d’offre,45846,Campus Cyber SAS,"CYBIAH, coordonné par Campus Cyber et cofinancé par l’Union européenne et la Région Île-de-France, a lancé un AMI pour enrichir son offre de cybersécurité appliquée à l’IA.",SRC-PUB-CAMPUSCYBER-007,https://campuscyber.fr/cybiah-ami-ia/ | Archive 2025-07-08_CampusCyber_cybiah-ami-ia.html,"C’est pourquoi CYBIAH, le European Digital Innovation Hub coordonné par le Campus Cyber et cofinancé par l’Union européenne et la Région Île-de-France, lance un appel à manifestation d’intérêt (AMI) inédit, destiné à enrichir son offre de services en cybersécurité appliquée à l’IA.",Factuel,Élevée,Public — mutualisable,Citation courte / analyse seulement,À valider,Pas de doublon détecté,Pas de contradiction détectée,46219.583333333336,Codex,Auteur=Campus Cyber / CYBIAH | Thème=Innovation | Sous-thème=AMI cybersécurité de l’IA | Type de source=Publique primaire | Géographie=France — Île-de-France | Utilité potentielle=IA; services; politique publique | Décision qualité=À conserver — valeur analytique forte,,,,,,,,,,,,
SIG-PUB-CAMPUSCYBER-027,Évolution d’offre,45846,Campus Cyber SAS,"Le parcours CYBIAH vise 150 TPE, PME ou structures de l’ESS et 30 collectivités franciliennes d’ici 2026.",SRC-PUB-CAMPUSCYBER-007,https://campuscyber.fr/cybiah-ami-ia/ | Archive 2025-07-08_CampusCyber_cybiah-ami-ia.html,"Cet AMI s’adresse aux offreurs de solutions ou services de cybersécurité qui souhaitent intégrer le parcours d’accompagnement CYBIAH, destiné à 150 TPE, PME, structures de l’ESS et 30 collectivités franciliennes d’ici 2026. Après un diagnostic de maturité cyber et l’élaboration d’un plan d’action personnalisé, les bénéficiaires pourront accéder à une sélection de solutions qualifiées, robustes et adaptées à leurs besoins spécifiques.",Factuel,Élevée,Public — mutualisable,Citation courte / analyse seulement,À valider,Pas de doublon détecté,Pas de contradiction détectée,46219.583333333336,Codex,Auteur=Campus Cyber / CYBIAH | Thème=Services proposés aux membres | Sous-thème=Cibles CYBIAH | Type de source=Publique primaire | Géographie=France — Île-de-France | Utilité potentielle=PME; ESS; collectivités | Décision qualité=À conserver — valeur analytique forte,,,,,,,,,,,,
SIG-PUB-CAMPUSCYBER-028,Évolution d’offre,45846,Campus Cyber SAS,"Le parcours CYBIAH associe diagnostic de maturité, plan d’action personnalisé et accès à une sélection de solutions.",SRC-PUB-CAMPUSCYBER-007,https://campuscyber.fr/cybiah-ami-ia/ | Archive 2025-07-08_CampusCyber_cybiah-ami-ia.html,"Cet AMI s’adresse aux offreurs de solutions ou services de cybersécurité qui souhaitent intégrer le parcours d’accompagnement CYBIAH, destiné à 150 TPE, PME, structures de l’ESS et 30 collectivités franciliennes d’ici 2026. Après un diagnostic de maturité cyber et l’élaboration d’un plan d’action personnalisé, les bénéficiaires pourront accéder à une sélection de solutions qualifiées, robustes et adaptées à leurs besoins spécifiques.",Factuel,Élevée,Public — mutualisable,Citation courte / analyse seulement,À valider,Pas de doublon détecté,Pas de contradiction détectée,46219.583333333336,Codex,Auteur=Campus Cyber / CYBIAH | Thème=Services proposés aux membres | Sous-thème=Parcours d’accompagnement | Type de source=Publique primaire | Géographie=France — Île-de-France | Utilité potentielle=Services; maturité cyber | Décision qualité=À conserver — valeur analytique forte,,,,,,,,,,,,
SIG-PUB-CAMPUSCYBER-029,Évolution d’offre,45846,Campus Cyber SAS,"L’AMI couvre la gouvernance et la conformité de l’IA, les données, les applications, la détection-réponse, les LLM et agents, ainsi que des systèmes sectoriels.",SRC-PUB-CAMPUSCYBER-007,https://campuscyber.fr/cybiah-ami-ia/ | Archive 2025-07-08_CampusCyber_cybiah-ami-ia.html,"L’appel couvre un large spectre de cas d’usage, pour couvrir l’ensemble de la chaîne de sécurité IA : Gouvernance & conformité (AI Act, RGPD, NIS2, audits, etc.) Protection des données & flux IA (chiffrement, anonymisation, détection d’anomalies) Sécurité applicative et infrastructurelle (CI/CD, API, cloud IA, etc.) Détection et réponse aux incidents IA (SIEM, SOC, UEBA, SOAR adaptés à l’IA) Protection IA avancée (LLM, agents, RAG, Shadow AI…) Systèmes spécifiques (santé, finance, IoT, OT…)",Factuel,Élevée,Public — mutualisable,Citation courte / analyse seulement,À valider,Pas de doublon détecté,Pas de contradiction détectée,46219.583333333336,Codex,Auteur=Campus Cyber / CYBIAH | Thème=Innovation | Sous-thème=Périmètre de sécurité IA | Type de source=Publique primaire | Géographie=France — Île-de-France | Utilité potentielle=IA; innovation; réglementation | Décision qualité=À conserver — valeur analytique forte,,,,,,,,,,,,
SIG-PUB-CAMPUSCYBER-030,Positionnement,45846,Campus Cyber SAS,"Les offreurs candidats à l’AMI IA doivent pouvoir adresser les petites structures, proposer une tarification accessible et justifier d’une expérience significative.",SRC-PUB-CAMPUSCYBER-007,https://campuscyber.fr/cybiah-ami-ia/ | Archive 2025-07-08_CampusCyber_cybiah-ami-ia.html,"Les candidats doivent démontrer leur capacité à adresser les marchés des petites structures, proposer une tarification accessible et justifier d’une expérience significative en cybersécurité.",Factuel,Élevée,Public — mutualisable,Citation courte / analyse seulement,À valider,Pas de doublon détecté,Pas de contradiction détectée,46219.583333333336,Codex,Auteur=Campus Cyber / CYBIAH | Thème=Marché | Sous-thème=Critères d’accès au catalogue | Type de source=Publique primaire | Géographie=France — Île-de-France | Utilité potentielle=Marché; PME; tarification | Décision qualité=À conserver — valeur analytique forte,,,,,,,,,,,,
SIG-PUB-CAMPUSCYBER-031,Évolution d’offre,45846,Campus Cyber SAS,"Les solutions retenues devaient être référencées jusqu’en juin 2026, suivies régulièrement et proposées à tarif préférentiel aux bénéficiaires.",SRC-PUB-CAMPUSCYBER-007,https://campuscyber.fr/cybiah-ami-ia/ | Archive 2025-07-08_CampusCyber_cybiah-ami-ia.html,Les solutions sélectionnées seront référencées jusqu’en juin 2026 et bénéficieront d’un suivi régulier pour garantir leur adéquation avec les besoins des bénéficiaires. Chaque prestataire s’engage à proposer un tarif préférentiel aux structures accompagnées.,Factuel,Élevée,Public — mutualisable,Citation courte / analyse seulement,À valider,Pas de doublon détecté,Pas de contradiction détectée,46219.583333333336,Codex,Auteur=Campus Cyber / CYBIAH | Thème=Marché | Sous-thème=Référencement et conditions commerciales | Type de source=Publique primaire | Géographie=France — Île-de-France | Utilité potentielle=Go-to-market; tarification; catalogue | Décision qualité=À conserver — valeur analytique forte,,,,,,,,,,,,
SIG-PUB-CAMPUSCYBER-032,Partenariat,45695,Campus Cyber SAS,La Métropole du Grand Paris et CYBIAH ont lancé un dispositif gratuit et clé en main pour les communes volontaires.,SRC-PUB-CAMPUSCYBER-008,https://campuscyber.fr/metropole-grand-paris-cybersecurite-cybiah/ | Archive 2025-02-07_CampusCyber_mgp-cybiah.html,"Officiellement lancé ce jour au Campus Cyber, le partenariat entre la Métropole du Grand Paris et CYBIAH vise à offrir un dispositif de cybersécurisation clé en main et entièrement gratuit pour les communes volontaires.",Factuel,Élevée,Public — mutualisable,Citation courte / analyse seulement,À valider,Pas de doublon détecté,Pas de contradiction détectée,46219.583333333336,Codex,Auteur=Campus Cyber / Métropole du Grand Paris | Thème=Politique publique | Sous-thème=Accompagnement des communes | Type de source=Publique primaire | Géographie=France — Métropole du Grand Paris | Utilité potentielle=Collectivités; partenariat public | Décision qualité=À conserver — valeur analytique forte,,,,,,,,,,,,
SIG-PUB-CAMPUSCYBER-033,Évolution d’offre,45695,Campus Cyber SAS,Le programme destiné aux communes comprend un diagnostic individualisé et un plan d’actions adapté aux vulnérabilités identifiées.,SRC-PUB-CAMPUSCYBER-008,https://campuscyber.fr/metropole-grand-paris-cybersecurite-cybiah/ | Archive 2025-02-07_CampusCyber_mgp-cybiah.html,Ce programme comprend : Un diagnostic individualisé réalisé par les experts CYBIAH pour évaluer le niveau de maturité en cybersécurité de chaque collectivité. Un plan d’actions sur mesure adapté aux vulnérabilités et aux besoins identifiés lors du diagnostic.,Factuel,Élevée,Public — mutualisable,Citation courte / analyse seulement,À valider,Pas de doublon détecté,Pas de contradiction détectée,46219.583333333336,Codex,Auteur=Campus Cyber / CYBIAH | Thème=Services proposés aux membres | Sous-thème=Diagnostic collectivités | Type de source=Publique primaire | Géographie=France — Métropole du Grand Paris | Utilité potentielle=Services; collectivités | Décision qualité=À conserver — valeur analytique forte,,,,,,,,,,,,
SIG-PUB-CAMPUSCYBER-034,Financement,45695,Campus Cyber SAS,"La Métropole du Grand Paris prévoit de financer jusqu’à 50 % des coûts de sécurisation, dans la limite de 200 000 euros par projet.",SRC-PUB-CAMPUSCYBER-008,https://campuscyber.fr/metropole-grand-paris-cybersecurite-cybiah/ | Archive 2025-02-07_CampusCyber_mgp-cybiah.html,"Dans une seconde phase, les communes pourront également bénéficier d’un soutien financier pour la mise en œuvre de leurs plans de sécurisation. Le « Fonds Innover dans la Ville » de la Métropole du Grand Paris prendra en charge jusqu’à 50 % des coûts de sécurisation, dans la limite de 200 000 € par projet.",Factuel,Élevée,Public — mutualisable,Citation courte / analyse seulement,À valider,Pas de doublon détecté,Pas de contradiction détectée,46219.583333333336,Codex,Auteur=Métropole du Grand Paris | Thème=Politique publique | Sous-thème=Soutien financier aux communes | Type de source=Publique primaire | Géographie=France — Métropole du Grand Paris | Utilité potentielle=Financement; collectivités | Décision qualité=À conserver — valeur analytique forte,,,,,,,,,,,,
SIG-PUB-CAMPUSCYBER-035,Partenariat,45678,Campus Cyber SAS,"CYBIAH a sélectionné Thales Cyber Solutions et CYNA parmi les prestataires destinés à accompagner l’évaluation de maturité cyber des TPE, PME et acteurs de l’ESS.",SRC-PUB-CAMPUSCYBER-009,https://campuscyber.fr/cybiah-choisit-thales-cyber-solutions-et-cyna-pour-renforcer-la-cybersecurite-des-organisations-franciliennes/ | Archive 2025-01-21_CampusCyber_cybiah-thales-cyna.html,"Le dispositif CYBIAH, coordonné par le Campus Cyber, lançait un Appel à Manifestation d’Intérêt (AMI) le 3 septembre 2024, afin d’identifier des prestataires spécialisés pour accompagner les TPE, PME et acteurs de l’Économie Sociale et Solidaire (ESS) dans l’évaluation de leur maturité en cybersécurité. Après une sélection rigoureuse, Thales Cyber Solutions et CYNA ont été retenus pour leur expertise et leur engagement à répondre aux besoins spécifiques des organisations locales.",Factuel,Élevée,Public — mutualisable,Citation courte / analyse seulement,À valider,Pas de doublon détecté,Pas de contradiction détectée,46219.583333333336,Codex,Auteur=Campus Cyber / CYBIAH | Thème=Partenariats | Sous-thème=Prestataires CYBIAH | Type de source=Publique primaire | Géographie=France — Île-de-France | Utilité potentielle=Partenaires; services | Décision qualité=À conserver — valeur analytique forte,,,,,,,,,,,,
SIG-PUB-CAMPUSCYBER-036,Évolution d’offre,45678,Campus Cyber SAS,"Les diagnostics CYBIAH doivent identifier les vulnérabilités, prioriser les réductions de risque et définir des plans de sécurisation personnalisés.",SRC-PUB-CAMPUSCYBER-009,https://campuscyber.fr/cybiah-choisit-thales-cyber-solutions-et-cyna-pour-renforcer-la-cybersecurite-des-organisations-franciliennes/ | Archive 2025-01-21_CampusCyber_cybiah-thales-cyna.html,Les diagnostics de maturité cyber réalisés par ces deux prestataires constituent une étape essentielle du parcours d’accompagnement proposé par CYBIAH. Ils permettront : D’identifier les vulnérabilités des organisations ; De prioriser les actions nécessaires pour réduire les risques ; De définir des plans de sécurisation personnalisés.,Factuel,Élevée,Public — mutualisable,Citation courte / analyse seulement,À valider,Pas de doublon détecté,Pas de contradiction détectée,46219.583333333336,Codex,Auteur=Campus Cyber / CYBIAH | Thème=Services proposés aux membres | Sous-thème=Diagnostic de maturité | Type de source=Publique primaire | Géographie=France — Île-de-France | Utilité potentielle=Services; PME; ESS | Décision qualité=À conserver — valeur analytique forte,,,,,,,,,,,,
SIG-PUB-CAMPUSCYBER-037,Positionnement,45678,Campus Cyber SAS,"CYBIAH fixe comme objectifs d’accompagner 150 structures d’ici mi-2026, de renforcer leur résilience et de soutenir la souveraineté numérique régionale.",SRC-PUB-CAMPUSCYBER-009,https://campuscyber.fr/cybiah-choisit-thales-cyber-solutions-et-cyna-pour-renforcer-la-cybersecurite-des-organisations-franciliennes/ | Archive 2025-01-21_CampusCyber_cybiah-thales-cyna.html,"Cette démarche contribue directement à la mission de CYBIAH : bâtir un écosystème numérique plus sûr et plus compétitif, en lien avec trois objectifs majeurs : Accompagner 150 structures d’ici mi-2026 ; Renforcer la compétitivité et la résilience des TPE, PME et acteurs de l’ESS face aux cybermenaces ; Soutenir la souveraineté numérique régionale.",Factuel,Élevée,Public — mutualisable,Citation courte / analyse seulement,À valider,Pas de doublon détecté,Pas de contradiction détectée,46219.583333333336,Codex,Auteur=Campus Cyber / CYBIAH | Thème=Souveraineté | Sous-thème=Objectifs CYBIAH | Type de source=Publique primaire | Géographie=France — Île-de-France | Utilité potentielle=Souveraineté; PME; ESS | Décision qualité=À conserver — valeur analytique forte,,,,,,,,,,,,
SIG-PUB-CAMPUSCYBER-038,Lancement d’offre,46197,Campus Cyber SAS,Le groupe de travail post-quantique du Campus Cyber a publié un panorama des outils et un guide de migration.,SRC-PUB-CAMPUSCYBER-010,https://campuscyber.fr/5893/ | Archive 2026-06-24_CampusCyber_post-quantique.html,Le groupe de travail Cryptographie Post-Quantique du Campus Cyber annonce la publication de deux nouveaux livrables destinés à accompagner les organisations dans leur transition vers la cryptographie post-quantique : • Panorama des outils de migration vers la cryptographie post-quantique • Guide de migration vers la cryptographie post-quantique,Factuel,Élevée,Public — mutualisable,Citation courte / analyse seulement,À valider,Pas de doublon détecté,Pas de contradiction détectée,46219.583333333336,Codex,Auteur=Campus Cyber | Thème=Innovation | Sous-thème=Livrables post-quantiques | Type de source=Publique primaire | Géographie=France / Europe | Utilité potentielle=Innovation; cryptographie | Décision qualité=À conserver — valeur analytique forte,,,,,,,,,,,,
SIG-PUB-CAMPUSCYBER-039,Évolution d’offre,46197,Campus Cyber SAS,"Les livrables post-quantiques visent à aider décideurs, RSSI et équipes techniques à anticiper les impacts, préparer la stratégie et piloter la migration.",SRC-PUB-CAMPUSCYBER-010,https://campuscyber.fr/5893/ | Archive 2026-06-24_CampusCyber_post-quantique.html,"Conçus comme des outils complémentaires, ces travaux visent à fournir aux décideurs, RSSI et équipes techniques des repères concrets pour anticiper les impacts de l’informatique quantique sur leurs systèmes d’information, préparer leur stratégie de transition et piloter efficacement la migration de leurs infrastructures cryptographiques. Alors que la Commission européenne a fixé plusieurs échéances clés pour la transition vers la cryptographie post-quantique, ces livrables proposent une approche à la fois stratégique et opérationnelle.",Factuel,Élevée,Public — mutualisable,Citation courte / analyse seulement,À valider,Pas de doublon détecté,Pas de contradiction détectée,46219.583333333336,Codex,Auteur=Campus Cyber | Thème=Innovation | Sous-thème=Accompagnement à la migration | Type de source=Publique primaire | Géographie=France / Europe | Utilité potentielle=Innovation; services; réglementation | Décision qualité=À conserver — valeur analytique forte,,,,,,,,,,,,
SIG-PUB-CAMPUSCYBER-040,Étude de marché,46148,Campus Cyber SAS,La note Mythos a été produite en environ deux semaines à partir de consultations informelles avec des profils variés de l’écosystème.,SRC-PUB-CAMPUSCYBER-011,https://campuscyber.fr/mythos/ | Archive 2026-05-06_CampusCyber_mythos-ia.html,"La note résulte d’un travail réalisé en mode agile, en à peine deux semaines, grâce à des consultations informelles et à la participation directe d’acteurs variés de l’écosystème du Campus : directeurs des systèmes d’information, directeurs cyber, experts en intelligence sur la menace, spécialistes de la gestion de crise, spécialistes de la sécurité de l’IA, établissements de formation, éditeurs de logiciels…",Factuel,Moyenne,Public — mutualisable,Citation courte / analyse seulement,À valider,Pas de doublon détecté,Pas de contradiction détectée,46219.583333333336,Codex,Auteur=Campus Cyber | Thème=Innovation | Sous-thème=Méthodologie Mythos | Type de source=Publique primaire | Géographie=France / Europe | Utilité potentielle=Méthodologie; IA; écosystème | Décision qualité=À conserver — information de contexte | Élément à corroborer,,,,,,,,,,,,
SIG-PUB-CAMPUSCYBER-041,Étude de marché,46148,Campus Cyber SAS,Le Campus Cyber estime que les cyberdéfenseurs doivent intégrer plus vite l’accélération des performances des grands modèles d’IA.,SRC-PUB-CAMPUSCYBER-011,https://campuscyber.fr/mythos/ | Archive 2026-05-06_CampusCyber_mythos-ia.html,"les cyber-défenseurs vont devoir intégrer plus vite que prévu la nouvelle donne issue de l’accélération, réelle et inéluctable, des performances des grands modèles d’IA ; l’hypothèse d’une vague massive de vulnérabilités révélées par l’IA a gagné en probabilité et doit intégrer rapidement les grilles de risque des organisations toutes les structures, publiques et privées, doivent s’y préparer, sans plus tarder, en durcissant leur posture de gestion de risques les efforts engagés par l’Europe pour réduire ses dépendances en cybersécurité seront vains si elle ne développe pas rapidement des modèles d’IA souverains aux performances comparables dans le domaine de la cybersécurité.",Interprétatif,Moyenne,Public — mutualisable,Citation courte / analyse seulement,À valider,Pas de doublon détecté,Pas de contradiction détectée,46219.583333333336,Codex,Auteur=Campus Cyber | Thème=Marché | Sous-thème=Accélération de l’IA | Type de source=Publique primaire | Géographie=France / Europe | Utilité potentielle=IA; marché; stratégie | Décision qualité=À conserver — valeur analytique forte | Élément à corroborer,,,,,,,,,,,,
SIG-PUB-CAMPUSCYBER-042,Étude de marché,46148,Campus Cyber SAS,Le Campus Cyber avance l’hypothèse qu’une vague massive de vulnérabilités révélées par l’IA est devenue plus probable.,SRC-PUB-CAMPUSCYBER-011,https://campuscyber.fr/mythos/ | Archive 2026-05-06_CampusCyber_mythos-ia.html,"les cyber-défenseurs vont devoir intégrer plus vite que prévu la nouvelle donne issue de l’accélération, réelle et inéluctable, des performances des grands modèles d’IA ; l’hypothèse d’une vague massive de vulnérabilités révélées par l’IA a gagné en probabilité et doit intégrer rapidement les grilles de risque des organisations toutes les structures, publiques et privées, doivent s’y préparer, sans plus tarder, en durcissant leur posture de gestion de risques les efforts engagés par l’Europe pour réduire ses dépendances en cybersécurité seront vains si elle ne développe pas rapidement des modèles d’IA souverains aux performances comparables dans le domaine de la cybersécurité.",Hypothèse,Moyenne,Public — mutualisable,Citation courte / analyse seulement,À valider,Pas de doublon détecté,Pas de contradiction détectée,46219.583333333336,Codex,Auteur=Campus Cyber | Thème=Marché | Sous-thème=Risque de vulnérabilités IA | Type de source=Publique primaire | Géographie=France / Europe | Utilité potentielle=IA; signal faible; risque | Décision qualité=À conserver — valeur analytique forte | Élément à corroborer,,,,,,,,,,,,
SIG-PUB-CAMPUSCYBER-043,Prise de parole dirigeant,46148,Campus Cyber SAS,Le Campus Cyber affirme que les efforts européens de réduction des dépendances cyber nécessitent des modèles d’IA souverains de performance comparable.,SRC-PUB-CAMPUSCYBER-011,https://campuscyber.fr/mythos/ | Archive 2026-05-06_CampusCyber_mythos-ia.html,"les cyber-défenseurs vont devoir intégrer plus vite que prévu la nouvelle donne issue de l’accélération, réelle et inéluctable, des performances des grands modèles d’IA ; l’hypothèse d’une vague massive de vulnérabilités révélées par l’IA a gagné en probabilité et doit intégrer rapidement les grilles de risque des organisations toutes les structures, publiques et privées, doivent s’y préparer, sans plus tarder, en durcissant leur posture de gestion de risques les efforts engagés par l’Europe pour réduire ses dépendances en cybersécurité seront vains si elle ne développe pas rapidement des modèles d’IA souverains aux performances comparables dans le domaine de la cybersécurité.",Interprétatif,Moyenne,Public — mutualisable,Citation courte / analyse seulement,À valider,Pas de doublon détecté,Pas de contradiction détectée,46219.583333333336,Codex,Auteur=Campus Cyber | Thème=Souveraineté | Sous-thème=IA souveraine européenne | Type de source=Publique primaire | Géographie=Europe | Utilité potentielle=IA; souveraineté; politique industrielle | Décision qualité=À conserver — valeur analytique forte | Élément à corroborer,,,,,,,,,,,,
SIG-PUB-CAMPUSCYBER-044,Positionnement,46148,Campus Cyber SAS,"Avec Mythos, le Campus Cyber se positionne comme producteur de repères stratégiques, orchestrateur et plateforme d’expérimentation entre cyber et IA.",SRC-PUB-CAMPUSCYBER-011,https://campuscyber.fr/mythos/ | Archive 2026-05-06_CampusCyber_mythos-ia.html,"A travers ce rapport indépendant, le Campus Cyber se positionne au service de l’écosystème français et européen de la cyber et à l’interface avec celui de l’IA, comme un espace de clarification stratégique et un producteur de repères opérationnels. Les recommandations contenues dans la note tracent un cadre d’action collectif dans lequel le Campus assumera pleinement son rôle d’orchestrateur et de plate-forme d’expérimentation de solutions au bénéfice de tous.",Déclaration,Moyenne,Public — mutualisable,Citation courte / analyse seulement,À valider,Pas de doublon détecté,Pas de contradiction détectée,46219.583333333336,Codex,Auteur=Campus Cyber | Thème=Innovation | Sous-thème=Rôle d’orchestrateur IA | Type de source=Publique primaire | Géographie=France / Europe | Utilité potentielle=IA; innovation; positionnement | Décision qualité=À conserver — valeur analytique forte | Élément à corroborer,,,,,,,,,,,,
SIG-PUB-CAMPUSCYBER-045,Lancement d’offre,46122,Campus Cyber SAS,Le Cyber Job Dating est présenté comme un service de mise en relation entre recruteurs et talents cyber qualifiés.,SRC-PUB-CAMPUSCYBER-012,https://campuscyber.fr/cyber-job-dating-2026/ | Archive 2026-04-10_CampusCyber_cyber-job-dating.html,"Dans un contexte de tension croissante sur les profils en cybersécurité, le Campus Cyber organise, le mercredi 27 mai, une nouvelle édition du Cyber Job Dating. Pensé comme un véritable accélérateur de rencontres entre recruteurs et talents qualifiés, cet événement s’inscrit au cœur des enjeux actuels du secteur : attractivité des métiers, diversité des profils et efficacité des recrutements.",Déclaration,Moyenne,Public — mutualisable,Citation courte / analyse seulement,À valider,Pas de doublon détecté,Pas de contradiction détectée,46219.583333333336,Codex,Auteur=Campus Cyber / Talcyb | Thème=Compétences | Sous-thème=Mise en relation recrutement | Type de source=Publique primaire | Géographie=France | Utilité potentielle=Compétences; recrutement; services | Décision qualité=À conserver — valeur analytique forte | Élément à corroborer,,,,,,,,,,,,
SIG-PUB-CAMPUSCYBER-046,Évolution d’offre,46122,Campus Cyber SAS,"Le Cyber Job Dating propose aux recruteurs un vivier de candidats préparés, des rencontres ciblées et de la visibilité de marque employeur.",SRC-PUB-CAMPUSCYBER-012,https://campuscyber.fr/cyber-job-dating-2026/ | Archive 2026-04-10_CampusCyber_cyber-job-dating.html,Le Cyber Job Dating permet aux recruteurs de bénéficier d’un cadre optimisé pour identifier et rencontrer des profils pertinents : Accès à un vivier de candidat·es qualifié·es et préparé·es en amont Organisation de rencontres ciblées et opérationnelles Opportunités de valorisation de la marque employeur auprès d’un écosystème de référence,Factuel,Élevée,Public — mutualisable,Citation courte / analyse seulement,À valider,Pas de doublon détecté,Pas de contradiction détectée,46219.583333333336,Codex,Auteur=Campus Cyber / Talcyb | Thème=Compétences | Sous-thème=Services aux recruteurs | Type de source=Publique primaire | Géographie=France | Utilité potentielle=Compétences; recrutement; marketing | Décision qualité=À conserver — information de contexte,,,,,,,,,,,,
SIG-PUB-CAMPUSCYBER-047,Positionnement,46122,Campus Cyber SAS,Le Campus Cyber relie le Cyber Job Dating à la diversité des talents et à la féminisation de la filière.,SRC-PUB-CAMPUSCYBER-012,https://campuscyber.fr/cyber-job-dating-2026/ | Archive 2026-04-10_CampusCyber_cyber-job-dating.html,"Au-delà de la mise en relation, l’événement porte une ambition forte : 👉 favoriser la diversité des talents, notamment la féminisation de la filière, encore aujourd’hui sous-représentée.",Déclaration,Moyenne,Public — mutualisable,Citation courte / analyse seulement,À valider,Pas de doublon détecté,Pas de contradiction détectée,46219.583333333336,Codex,Auteur=Campus Cyber / Talcyb | Thème=Compétences | Sous-thème=Diversité des talents | Type de source=Publique primaire | Géographie=France | Utilité potentielle=Compétences; diversité; communication | Décision qualité=À conserver — valeur analytique forte | Élément à corroborer,,,,,,,,,,,,
SIG-PUB-CAMPUSCYBER-048,Partenariat,45922,Campus Cyber SAS,"L’ANSSI a organisé REMPAR25 avec le Campus Cyber national, les Campus régionaux et plusieurs associations professionnelles.",SRC-PUB-CAMPUSCYBER-013,https://cyber.gouv.fr/actualites/rempar25-un-exercice-de-crise-cyber-dune-ampleur-in%C3%A9dite/ | Archive 2025-09-22_ANSSI_rempar25.html,"Jeudi 18 septembre 2025, l’ANSSI a organisé REMPAR25, un exercice national de gestion de crise cyber de grande ampleur, en partenariat avec le Campus Cyber national, les campus cyber régionaux, le Club de la continuité d’activité (CCA), le Club de la sécurité de l’information français (CLUSIF) et le Club des experts de la sécurité de l’information et du numérique (CESIN). Plus de 5 000 professionnels, issus de 1 000 organisations publiques et privées, ont participé à REMPAR25. L’objectif ? Évaluer et renforcer la capacité collective de la France à affronter un scénario de blackout numérique d’ampleur inédite.",Factuel,Élevée,Public — mutualisable,Citation courte / analyse seulement,À valider,Pas de doublon détecté,Pas de contradiction détectée,46219.583333333336,Codex,Auteur=ANSSI | Thème=Politique publique | Sous-thème=Exercice national REMPAR25 | Type de source=Publique primaire | Géographie=France | Utilité potentielle=ANSSI; partenariats; résilience | Décision qualité=À conserver — valeur analytique forte,,,,,,,,,,,,
SIG-PUB-CAMPUSCYBER-049,Étude de marché,45922,Campus Cyber SAS,REMPAR25 a réuni plus de 5 000 professionnels issus de 1 000 organisations publiques et privées autour d’un scénario de blackout numérique.,SRC-PUB-CAMPUSCYBER-013,https://cyber.gouv.fr/actualites/rempar25-un-exercice-de-crise-cyber-dune-ampleur-in%C3%A9dite/ | Archive 2025-09-22_ANSSI_rempar25.html,"Jeudi 18 septembre 2025, l’ANSSI a organisé REMPAR25, un exercice national de gestion de crise cyber de grande ampleur, en partenariat avec le Campus Cyber national, les campus cyber régionaux, le Club de la continuité d’activité (CCA), le Club de la sécurité de l’information français (CLUSIF) et le Club des experts de la sécurité de l’information et du numérique (CESIN). Plus de 5 000 professionnels, issus de 1 000 organisations publiques et privées, ont participé à REMPAR25. L’objectif ? Évaluer et renforcer la capacité collective de la France à affronter un scénario de blackout numérique d’ampleur inédite.",Factuel,Élevée,Public — mutualisable,Citation courte / analyse seulement,À valider,Pas de doublon détecté,Pas de contradiction détectée,46219.583333333336,Codex,Auteur=ANSSI | Thème=Politique publique | Sous-thème=Échelle de REMPAR25 | Type de source=Publique primaire | Géographie=France | Utilité potentielle=Résilience; exercice; marché | Décision qualité=À conserver — valeur analytique forte,,,,,,,,,,,,
SIG-PUB-CAMPUSCYBER-050,Réglementation,45922,Campus Cyber SAS,"L’ANSSI relie l’exercice de crise systémique REMPAR25 aux plans de continuité, à la résilience nationale et à la transposition de NIS2.",SRC-PUB-CAMPUSCYBER-013,https://cyber.gouv.fr/actualites/rempar25-un-exercice-de-crise-cyber-dune-ampleur-in%C3%A9dite/ | Archive 2025-09-22_ANSSI_rempar25.html,"REMPAR25 a simulé une crise cyber systémique, entraînant une interruption massive des services numériques essentiels. Pour la première fois, entreprises, administrations et acteurs territoriaux ont pu s’immerger dans une crise cyber majeure, révélant l’importance cruciale des plans de continuité d’activité. Chaque organisation, quelle que soit sa taille ou son secteur, doit désormais intégrer la gestion de crise cyber dans sa stratégie, de manière proactive et collaborative. A l’heure où les cybermenaces sont devenues systémiques, la nouvelle Revue nationale stratégique et la transposition de la directive NIS 2 visent à doter la France d’une résilience cyber de premier rang.",Factuel,Élevée,Public — mutualisable,Citation courte / analyse seulement,À valider,Pas de doublon détecté,Pas de contradiction détectée,46219.583333333336,Codex,Auteur=ANSSI | Thème=Réglementation | Sous-thème=Gestion de crise et NIS2 | Type de source=Publique primaire | Géographie=France | Utilité potentielle=Réglementation; résilience; compétences | Décision qualité=À conserver — valeur analytique forte,,,,,,,,,,,,
SIG-PUB-CAMPUSCYBER-051,Évolution d’offre,46209,Campus Cyber SAS,Le guide du Campus Cyber vise à traduire les recommandations de sécurité de l’ANSSI pour l’IA générative en mesures et méthodes concrètes.,SRC-PUB-CAMPUSCYBER-014,https://wiki.campuscyber.fr/Guide_d%27impl%C3%A9mentation_des_recommandations_pour_un_syst%C3%A8me_d%27IA_g%C3%A9n%C3%A9rative | Archive 2026-07-06_CampusCyber_guide-securite-ia-generative.html,"L'objectif de ce document est de traduire les principes de sécurité recommandés par l’ANSSI (dans le document ""Recommandations de sécurité pour un système d'IA générative, publié en avril 2024) en actions concrètes, mesures et méthodes pour implémenter les recommandations du guide.",Factuel,Élevée,Public — mutualisable,Citation courte / analyse seulement,À valider,Pas de doublon détecté,Pas de contradiction détectée,46219.583333333336,Codex,Auteur=GT Sécurité de l’IA / Campus Cyber | Thème=Innovation | Sous-thème=Guide de sécurité IA générative | Type de source=Publique primaire | Géographie=France | Utilité potentielle=IA; communs; services | Décision qualité=À conserver — valeur analytique forte,,,,,,,,,,,,
SIG-PUB-CAMPUSCYBER-052,Évolution d’offre,46209,Campus Cyber SAS,"Le guide vise les administrateurs, utilisateurs de systèmes d’IA, RSSI, DSI, data scientists et data engineers.",SRC-PUB-CAMPUSCYBER-014,https://wiki.campuscyber.fr/Guide_d%27impl%C3%A9mentation_des_recommandations_pour_un_syst%C3%A8me_d%27IA_g%C3%A9n%C3%A9rative | Archive 2026-07-06_CampusCyber_guide-securite-ia-generative.html,"Il s’adresse, au sein d’entités publiques et privées, aux administrateurs et utilisateurs de systèmes d’IA, RSSI, DSI, Data Scientists et Data Engineers. Il est important de noter que ce guide ne traite pas des sujets d’agentique.",Factuel,Élevée,Public — mutualisable,Citation courte / analyse seulement,À valider,Pas de doublon détecté,Pas de contradiction détectée,46219.583333333336,Codex,Auteur=GT Sécurité de l’IA / Campus Cyber | Thème=Innovation | Sous-thème=Public du guide IA | Type de source=Publique primaire | Géographie=France | Utilité potentielle=IA; compétences; services | Décision qualité=À conserver — valeur analytique forte,,,,,,,,,,,,
SIG-PUB-CAMPUSCYBER-053,Évolution d’offre,46209,Campus Cyber SAS,Le guide précise qu’il ne traite pas des sujets d’IA agentique.,SRC-PUB-CAMPUSCYBER-014,https://wiki.campuscyber.fr/Guide_d%27impl%C3%A9mentation_des_recommandations_pour_un_syst%C3%A8me_d%27IA_g%C3%A9n%C3%A9rative | Archive 2026-07-06_CampusCyber_guide-securite-ia-generative.html,"Il s’adresse, au sein d’entités publiques et privées, aux administrateurs et utilisateurs de systèmes d’IA, RSSI, DSI, Data Scientists et Data Engineers. Il est important de noter que ce guide ne traite pas des sujets d’agentique.",Factuel,Élevée,Public — mutualisable,Citation courte / analyse seulement,À valider,Pas de doublon détecté,Pas de contradiction détectée,46219.583333333336,Codex,Auteur=GT Sécurité de l’IA / Campus Cyber | Thème=Innovation | Sous-thème=Limite du guide IA | Type de source=Publique primaire | Géographie=France | Utilité potentielle=IA; périmètre documentaire | Décision qualité=À conserver — valeur analytique forte,,,,,,,,,,,,
SIG-PUB-CAMPUSCYBER-054,Étude de marché,46125,Campus Cyber SAS,ChannelNews rapporte que huit Campus Cyber territoriaux se dotent pour la première fois d’une feuille de route stratégique commune.,SRC-PUB-CAMPUSCYBER-015,https://www.channelnews.fr/le-reseau-des-campus-cyber-se-dote-dune-feuille-de-route-commune-156202 | Archive 2026-04-13_ChannelNews_campus-cyber-feuille-route.html,"Pour la première fois depuis leur création, les huit Campus Cyber territoriaux se dotent d’une feuille de route stratégique commune. Dévoilée au début du mois à l’occasion du Forum InCyber de Lille, cette convergence vise à faire des Campus un relais opérationnel plus lisible de la stratégie nationale de cybersécurité, avec une priorité assumée : mieux adresser les PME, TPE et collectivités locales, tout en renforçant l’émergence d’une offre cyber française et européenne plus structurée.",Factuel,Moyenne,Public — mutualisable,Citation courte / analyse seulement,À valider,Doublon substantiel rapproché de SRC-PUB-CAMPUSCYBER-005; information complémentaire conservée,Pas de contradiction détectée,46219.583333333336,Codex,Auteur=Laurent Sounack / ChannelNews | Thème=Écosystème | Sous-thème=Nombre de Campus territoriaux | Type de source=Publique secondaire | Géographie=France | Utilité potentielle=Écosystème; stratégie territoriale | Décision qualité=À conserver — valeur analytique forte | Élément à corroborer,,,,,,,,,,,,
SIG-PUB-CAMPUSCYBER-055,Changement organisationnel,46125,Campus Cyber SAS,"ChannelNews décrit une plateforme nationale de services pour les structures vulnérables, préfigurée en 2026 et prévue pour un déploiement en 2027.",SRC-PUB-CAMPUSCYBER-015,https://www.channelnews.fr/le-reseau-des-campus-cyber-se-dote-dune-feuille-de-route-commune-156202 | Archive 2026-04-13_ChannelNews_campus-cyber-feuille-route.html,"Le premier chantier structurant porte sur la mise en place d’une plateforme de services destinée en priorité aux structures les plus vulnérables. L’idée est de leur donner plus facilement accès à des ressources de sensibilisation, d’accompagnement et de montée en maturité, notamment pour celles qui entreront dans le périmètre de la directive européenne NIS2. La phase de préfiguration doit se dérouler en 2026, avant un déploiement national à partir de 2027.",Factuel,Moyenne,Public — mutualisable,Citation courte / analyse seulement,À valider,Doublon substantiel rapproché de SRC-PUB-CAMPUSCYBER-001; précision secondaire conservée,Pas de contradiction détectée,46219.583333333336,Codex,Auteur=Laurent Sounack / ChannelNews | Thème=Écosystème | Sous-thème=Plateforme territoriale de services | Type de source=Publique secondaire | Géographie=France | Utilité potentielle=Territoires; NIS2; services | Décision qualité=À conserver — information de contexte | Élément à corroborer,,,,,,,,,,,,
SIG-PUB-CAMPUSCYBER-056,Positionnement,46125,Campus Cyber SAS,ChannelNews interprète la coordination territoriale comme un passage d’initiatives juxtaposées vers une infrastructure nationale d’appui à la cyberrésilience et à la filière.,SRC-PUB-CAMPUSCYBER-015,https://www.channelnews.fr/le-reseau-des-campus-cyber-se-dote-dune-feuille-de-route-commune-156202 | Archive 2026-04-13_ChannelNews_campus-cyber-feuille-route.html,"En se coordonnant davantage, les Campus Cyber cherchent donc à sortir d’une juxtaposition d’initiatives territoriales pour se positionner comme une infrastructure d’appui nationale, au service à la fois de la massification de la cyber-résilience et du renforcement de la filière. Un virage qui pourrait aussi, à terme, clarifier l’offre d’accompagnement pour les partenaires, intégrateurs et fournisseurs spécialisés présents en région.",Interprétatif,Moyenne,Public — mutualisable,Citation courte / analyse seulement,À valider,Pas de doublon détecté,Pas de contradiction détectée,46219.583333333336,Codex,Auteur=Laurent Sounack / ChannelNews | Thème=Souveraineté | Sous-thème=Infrastructure nationale d’appui | Type de source=Publique secondaire | Géographie=France | Utilité potentielle=Souveraineté; écosystème; signal faible | Décision qualité=À conserver — valeur analytique forte | Élément à corroborer,,,,,,,,,,,,
SIG-PUB-ADVENS-001,Capacité opérationnelle,46220.5,Advens,Advens déclare que ses analystes traitent les données 24h/24 et 7j/7 avec une plateforme Open XDR enrichie d’intelligence artificielle.,SRC-PUB-ADVENS-001,01_sources_brutes/02_publiques_primaires/2026-07-17_Advens_mysoc-plateforme.html | introduction du service,"Alors que les données sont multiples, hétérogènes et dispersées, nos analystes les visualisent, les collectent et les décryptent 24h24 et 7j/7. Leur vigilance accrue est augmentée de notre plateforme Open XDR, enrichie d’intelligence artificielle.",Déclaration de l’acteur,Moyenne — déclaration primaire non auditée,Public — mutualisable,Citation courte / analyse seulement,À valider,Pas de doublon substantiel détecté après nettoyage,Pas de contradiction détectée,46220.5,Codex,Date d’observation d’une page active non datée | Décision qualité=Valeur analytique forte | Ne prouve ni volume ni rentabilité. | Audit DEMANDE_MSP 2026-07-17=2. capacité opérationnelle du MSP; Conserver — valeur analytique forte.,DEMANDE_MSP,Services managés,SOC 24/7 et Open XDR,Valeur analytique forte,Capacité opérationnelle du MSP,SOC / MDR,Opération continue / 24/7; Supervision / monitoring; Automatisation / orchestration,Non établi,Non établi,Actuel / observé au 2026-07-17,Advens,Public
SIG-PUB-ADVENS-002,Critère de sélection technologique,46220.5,Advens,"Advens présente mySOC comme une plateforme agnostique qui centralise et orchestre les solutions couvrant endpoints, cloud, workspace, réseau et OT.",SRC-PUB-ADVENS-001,01_sources_brutes/02_publiques_primaires/2026-07-17_Advens_mysoc-plateforme.html | section La différence mySOC,"Notre plateforme agnostique centralise et orchestre l’ensemble de vos solutions de cybersécurité, quel que soit le périmètre (end-points, cloud, workspace,réseau, OT).",Déclaration de l’acteur,Moyenne — déclaration primaire non auditée,Public — mutualisable,Citation courte / analyse seulement,À valider,Pas de doublon substantiel détecté après nettoyage,Pas de contradiction détectée,46220.5,Codex,Décision qualité=Valeur analytique forte | L’agnosticité n’est pas testée dans ce pilote. | Audit DEMANDE_MSP 2026-07-17=3. choix ou relation technologique; Conserver — valeur analytique forte.,DEMANDE_MSP,Technologie,Agnosticité et orchestration,Valeur analytique forte,Demande observable du MSP,OT / IoT,Automatisation / orchestration; Intégration / déploiement; Multi-environnement / multi-éditeurs,Non établi,Non établi,Actuel / observé au 2026-07-17,Advens,Public
SIG-PUB-ADVENS-003,Modèle économique,46220.5,Advens,Advens propose mySOC en mode 100 % as a Service ou Bring your own Stack et indique que la tarification est alignée avec la trajectoire financière du client.,SRC-PUB-ADVENS-001,01_sources_brutes/02_publiques_primaires/2026-07-17_Advens_mysoc-plateforme.html | section Un modèle de déploiement personnalisé,Notre service se déploie « 100 % as a Service » ou « Bring your own Stack » et la tarification est alignée avec votre trajectoire financière.,Déclaration de l’acteur,Moyenne — déclaration primaire non auditée,Public — mutualisable,Citation courte / analyse seulement,À valider,Pas de doublon substantiel détecté après nettoyage,Pas de contradiction détectée,46220.5,Codex,"Décision qualité=Valeur analytique forte | Aucun prix, coût ou niveau de marge public. | Audit DEMANDE_MSP 2026-07-17=4. évolution de service ou d’organisation; Conserver — valeur analytique forte.",DEMANDE_MSP,Modèle économique,As-a-Service et Bring your own Stack,Valeur analytique forte,Commercialisation et packaging,SOC / MDR,Commercialisation / contractualisation,Abonnement / service récurrent,Non établi,Actuel / observé au 2026-07-17,Advens,Public
SIG-PUB-ADVENS-004,Capacité opérationnelle,46220.5,Advens,Les analystes Advens sont présentés comme s’intégrant 24/7 à l’organisation du client pour définir un plan de surveillance et une trajectoire technologique.,SRC-PUB-ADVENS-001,01_sources_brutes/02_publiques_primaires/2026-07-17_Advens_mysoc-plateforme.html | section Orchestration,Nos analystes cybersécurité s’intègrent à votre organisation 24/7. Ils définissent avec vous : un plan de surveillance et une trajectoire technologique cohérente ;,Déclaration de l’acteur,Moyenne — déclaration primaire non auditée,Public — mutualisable,Citation courte / analyse seulement,À valider,Pas de doublon substantiel détecté après nettoyage,Pas de contradiction détectée,46220.5,Codex,Décision qualité=Valeur analytique forte | Ne prouve pas le niveau de co-management pour chaque contrat. | Audit DEMANDE_MSP 2026-07-17=2. capacité opérationnelle du MSP; Conserver — valeur analytique forte.,DEMANDE_MSP,Services managés,Co-pilotage et trajectoire technologique,Valeur analytique forte,Capacité opérationnelle du MSP,SOC / MDR,Opération continue / 24/7; Supervision / monitoring; Pilotage / gouvernance,Non établi,Non établi,Actuel / observé au 2026-07-17,Advens,Public
SIG-PUB-ADVENS-007,Capacité opérationnelle,46220.5,Advens,"Pour mySOC for Endpoints, Advens déclare accompagner le choix, la mise en œuvre et la gestion quotidienne de l’EDR.",SRC-PUB-ADVENS-002,01_sources_brutes/02_publiques_primaires/2026-07-17_Advens_mysoc-offres.html | mySOC for Endpoints,"Nous vous accompagnons dans le choix, la mise en œuvre et la gestion quotidienne de l’EDR adapté pour qu’il opère à 100 % de son potentiel.",Déclaration de l’acteur,Moyenne — déclaration primaire non auditée,Public — mutualisable,Citation courte / analyse seulement,À valider,Pas de doublon substantiel détecté après nettoyage,Pas de contradiction détectée,46220.5,Codex,Décision qualité=Valeur analytique forte | Les critères réels de choix ne sont pas publiés. | Audit DEMANDE_MSP 2026-07-17=2. capacité opérationnelle du MSP; Conserver — valeur analytique forte et reclasser.,DEMANDE_MSP,Technologie,Sélection et opération d’EDR,Valeur analytique forte,Capacité opérationnelle du MSP,SOC / MDR,Intégration / déploiement; Conseil / sélection,Non établi,Non établi,Actuel / observé au 2026-07-17,Advens,Public
SIG-PUB-ADVENS-012,Contrainte opérationnelle,46220.5,Advens,"Pour l’OT/IoT, Advens met en avant la nécessité d’une détection non intrusive, compatible avec des systèmes anciens et des protocoles bas niveau, avec des sondes 24/7.",SRC-PUB-ADVENS-002,01_sources_brutes/02_publiques_primaires/2026-07-17_Advens_mysoc-offres.html | mySOC for OT/IoT,Les challenges Implémenter une sécurisation non intrusive sans impacter la production Protéger des systèmes d’exploitation anciens ne supportant pas de technologies récentes Surveiller des protocoles d’échanges bas niveau Les bénéfices Détection par des sondes spécialisés 24/7,Déclaration de l’acteur,Moyenne — déclaration primaire non auditée,Public — mutualisable,Citation courte / analyse seulement,À valider,Pas de doublon substantiel détecté après nettoyage,Pas de contradiction détectée,46220.5,Codex,Décision qualité=Valeur analytique forte | Aucun fournisseur de sonde nommé dans le passage. | Audit DEMANDE_MSP 2026-07-17=2. capacité opérationnelle du MSP; Conserver — valeur analytique forte.,DEMANDE_MSP,Services managés,Contraintes OT / IoT,Valeur analytique forte,Demande observable du MSP,OT / IoT,Opération continue / 24/7; Supervision / monitoring,Non établi,Non établi,Actuel / observé au 2026-07-17,Advens,Public
SIG-PUB-ADVENS-014,Évolution de service / organisation,45930.5,Advens,Advens a annoncé un service dédié de SOC qualifié PDIS pour les organisations nécessitant le plus haut niveau de protection cyber.,SRC-PUB-ADVENS-004,01_sources_brutes/02_publiques_primaires/2025-09-30_Advens_qualification-pdis.html | section Un nouveau service PDIS,"Avec cette qualification, Advens peut désormais proposer, en complément de son offre SOC-as-a-Service mySOC déjà reconnue sur le marché, un service dédié de SOC qualifié PDIS pour les organisations nécessitant le plus haut niveau de protection Cyber.",Fait démontré,Élevée — preuve primaire directe,Public — mutualisable,Citation courte / analyse seulement,À valider,Pas de doublon substantiel détecté après nettoyage,Pas de contradiction détectée,46220.5,Codex,Décision qualité=Valeur analytique forte | Ne prouve ni nombre de clients ni revenu. | Audit DEMANDE_MSP 2026-07-17=4. évolution de service ou d’organisation; Conserver — valeur analytique forte.,DEMANDE_MSP,Évolution de l’offre,SOC PDIS dédié,Valeur analytique forte,Évolution de service ou d’organisation,SOC / MDR,Non établi,Non établi,Entreprises — taille non établie,Depuis 2025-09,Advens,Public
SIG-PUB-ADVENS-015,Modèle économique,2025-09,Advens,"La fiche CAIH du marché SOC porté par Advens mentionne cinq services managés souverains, un prix unique et un abonnement à un dispositif d’investigation et de remédiation.",SRC-PUB-ADVENS-006,"01_sources_brutes/02_publiques_primaires/2025-09_CAIH_soc-manage-advens.pdf | page 1, Points forts","Points forts • Un marché porté par un réseau de partenaires qualifiés par l'ANSSI (P.R.I.S &P.A.S.S.I) • Advens, pure-player français en cybersécurité TITULAIRE • 5 services managés 100% souverains • Prix unique • Abonnement à un dispositif d’investigation et de rémediation",Fait démontré,Élevée — preuve primaire directe,Public — mutualisable,Citation courte / analyse seulement,À valider,Pas de doublon substantiel détecté après nettoyage,Pas de contradiction détectée,46220.5,Codex,Décision qualité=Valeur analytique forte | Le prix unique n’est pas publié et ne permet aucune estimation de marge. | Audit DEMANDE_MSP 2026-07-17=4. évolution de service ou d’organisation; Conserver — valeur analytique forte.,DEMANDE_MSP,Modèle économique,Packaging du marché santé,Valeur analytique forte,Commercialisation et packaging,Réponse à incident,Commercialisation / contractualisation; Réponse à incident,Abonnement / service récurrent,Non établi,Marché 2023-05-31 à 2027-05-30,CAIH,Public
SIG-PUB-ADVENS-017,Recrutement / compétences,46220.5,Advens,"Une offre active de SOC Manager demande de piloter les services managés, d’animer la gouvernance, d’adapter les services aux besoins des clients et de contribuer au développement de mySOC.",SRC-PUB-ADVENS-008,01_sources_brutes/02_publiques_primaires/2026-07-17_Advens_recrutement-soc-manager.html | description du poste,"Vous animez le service de la Secaas à travers une gouvernance adaptée : COPIL, comité technique, comité de sécurité, reporting, revue de services… Vous facilitez la restitution des services de sécurité en intégrant une dimension métier. Vous veillez à l’évolution des services en les adaptant aux besoins du client. Vous contribuez au développement des services et des offres mySOC.",Fait démontré,Élevée — preuve primaire directe,Public — mutualisable,Citation courte / analyse seulement,À valider,Pas de doublon substantiel détecté après nettoyage,Pas de contradiction détectée,46220.5,Codex,Décision qualité=Valeur analytique forte | Date de publication non visible ; observation au 2026-07-17. | Audit DEMANDE_MSP 2026-07-17=1. demande observable du MSP; Conserver — valeur analytique forte.,DEMANDE_MSP,Organisation et compétences,Pilotage de portefeuille SOC,Valeur analytique forte,Information de contexte,SOC / MDR,Pilotage / gouvernance; Capacité humaine / compétences; Échelle opérationnelle,Non établi,Entreprises — taille non établie,Actuel / observé au 2026-07-17,Advens — offre d’emploi,Public
SIG-PUB-ADVENS-018,Segment client,46220.5,Advens,"L’offre de SOC Manager cite des projets concernant des groupes hospitaliers, un groupe agroalimentaire, des acteurs de l’audiovisuel et un groupe de protection sociale.",SRC-PUB-ADVENS-008,01_sources_brutes/02_publiques_primaires/2026-07-17_Advens_recrutement-soc-manager.html | exemples de projets,"Un ensemble de groupes hospitaliers fait appel à vous pour animer son service de SOC externalisé. Vous devez définir le plan de surveillance d’un groupe agroalimentaire, présent en France et à l’international. Des grands acteurs de l’audiovisuel français vous ont confié le pilotage d’un service MDR. Vous êtes intégré(e) à la cellule de crise cyber du RSSI d’un groupe de protection sociale.",Fait démontré,Élevée — preuve primaire directe,Public — mutualisable,Citation courte / analyse seulement,À valider,Pas de doublon substantiel détecté après nettoyage,Pas de contradiction détectée,46220.5,Codex,Décision qualité=Information de contexte | Ne pas interpréter comme preuve d’une relation actuelle avec un client précis. | Audit DEMANDE_MSP 2026-07-17=6. information de contexte; Conserver — information de contexte.,DEMANDE_MSP,Segments clients,Secteurs desservis,Information de contexte,Information de contexte,Réponse à incident,Pilotage / gouvernance,Forfait par poste,Secteur public,Actuel / observé au 2026-07-17,Advens — offre d’emploi,Public
SIG-PUB-ADVENS-019,Critère de sélection technologique,46153.5,Advens,"Advens déclare privilégier l’exploitation d’un SOC complet, data-agnostic, multi-environnements et amélioré en continu plutôt que la valeur d’un outil isolé.",SRC-PUB-ADVENS-009,01_sources_brutes/02_publiques_primaires/2026-05-11_Advens_solution-siem-soc-manage.html | section SOC managé,"Chez Advens, la valeur vient moins de l’outil « en soi » que de son exploitation dans un dispositif SOC complet : une approche data-agnostic (capacité à travailler avec différentes technologies), une détection multi-environnements (on-prem, cloud, multi-cloud, et selon les contextes, OT), une logique d’amélioration continue (tuning, enrichissement, nouveaux cas d’usage), et une couverture SOC élargie qui s’appuie sur plusieurs expertises complémentaires (détection, CTI, réponse à incident / CERT, purple team, etc.).",Déclaration de l’acteur,Moyenne — déclaration primaire non auditée,Public — mutualisable,Citation courte / analyse seulement,À valider,Pas de doublon substantiel détecté après nettoyage,Pas de contradiction détectée,46220.5,Codex,"Décision qualité=Valeur analytique forte | Signal de préférence opérationnelle, pas preuve d’achat ni de rentabilité. | Audit DEMANDE_MSP 2026-07-17=3. choix ou relation technologique; Conserver — valeur analytique forte.",DEMANDE_MSP,Technologie,Critères d’architecture SOC,Valeur analytique forte,Demande observable du MSP,SOC / MDR,Opération continue / 24/7; Multi-environnement / multi-éditeurs; Capacité humaine / compétences,Forfait par poste,Non établi,Actuel / observé au 2026-07-17,Advens,Public
SIG-PUB-ADVENS-020,Segment client,45796.5,Advens,Le rapport ISG cité par Advens situe mySOC dans le segment Managed Security Services — SOC pour le midmarket.,SRC-PUB-ADVENS-010,01_sources_brutes/03_publiques_secondaires/2025-05-19_Advens_isg-provider-lens.html | section Managed Security Services — SOC (Midmarket),"In the Managed Security Services – SOC (Midmarket) quadrant, aDvens has emerged as a Leader thanks to its mySOC service. This distinction highlights aDvens’ ability to offer services that meet the specific needs of midmarket businesses.",Source secondaire non corroborée,Moyenne — source secondaire non corroborée,Public — mutualisable,Citation courte / analyse seulement,À valider,Pas de doublon substantiel détecté après nettoyage,Pas de contradiction détectée,46220.5,Codex,Décision qualité=Information de contexte | Conclusion attribuée à ISG ; ne constitue pas une mesure indépendante de parts de marché. | Audit DEMANDE_MSP 2026-07-17=6. information de contexte; Conserver — information de contexte.,DEMANDE_MSP,Segments clients,Midmarket,Information de contexte,Information de contexte,SOC / MDR,Non établi,Non établi,PME,Actuel / observé au 2026-07-17,"ISG Provider Lens™, cité par Advens",Public
SIG-PUB-TEKSORIA-001,Modèle économique,46220.5,Teksoria,"Teksoria affiche le forfait Essentiel à 27 € HT par mois et par poste, pour les petites structures jusqu’à 50 postes.",SRC-PUB-TEKSORIA-001,01_sources_brutes/02_publiques_primaires/2026-07-17_Teksoria_tarifs.html,Essentiel Pour les petites structures qui veulent un IT fiable sans prise de tête. 27 € HT / mois / poste Support helpdesk illimité (5j/7) Supervision & monitoring 24/7 Maintenance préventive Sauvegarde Cloud quotidienne 1 To Jusqu'à 50 postes,Déclaration de l’acteur,Moyenne — déclaration primaire non auditée,Public — mutualisable,Citation courte / analyse seulement,À valider,Aucun doublon substantiel détecté,Aucune contradiction détectée,46220.5,Codex,Le détail fonctionnel reste dans Services.,DEMANDE_MSP,Modèle économique,Packaging par poste — Essentiel,Valeur analytique forte,Commercialisation et packaging,Endpoint / poste de travail,Opération continue / 24/7; Supervision / monitoring; Support / escalade,Forfait par poste,TPE,Actuel au 2026-07-17,Teksoria,Public
SIG-PUB-TEKSORIA-002,Modèle économique,46220.5,Teksoria,"Teksoria affiche le forfait Business à 69 € HT par mois et par poste, avec des briques cloud et cyber supplémentaires, jusqu’à 250 postes.",SRC-PUB-TEKSORIA-001,01_sources_brutes/02_publiques_primaires/2026-07-17_Teksoria_tarifs.html,"Business L'offre complète pour les PME en croissance. Sécurité renforcée et Cloud inclus. 69 € HT / mois / poste Tout Essentiel, plus : Support prioritaire 6j/7 Microsoft 365 Business — déploiement & gestion Cybersécurité avancée (EDR, SOC light) Infrastructure Cloud Azure managée PRA — Plan de reprise d'activité Audit de sécurité trimestriel Jusqu'à 250 postes",Déclaration de l’acteur,Moyenne — déclaration primaire non auditée,Public — mutualisable,Citation courte / analyse seulement,À valider,Aucun doublon substantiel détecté,Aucune contradiction détectée,46220.5,Codex,La portée exacte du SOC light reste à valider.,DEMANDE_MSP,Modèle économique,Montée en gamme — Business,Valeur analytique forte,Commercialisation et packaging,Endpoint / poste de travail,Support / escalade,Forfait par poste,PME,Actuel au 2026-07-17,Teksoria,Public
SIG-PUB-TEKSORIA-003,Modèle économique,46220.5,Teksoria,"Le forfait Enterprise est proposé sur mesure et ajoute notamment un support 24/7 avec SLA, un SOC managé complet, l’intégration IA et une DSI externalisée.",SRC-PUB-TEKSORIA-001,01_sources_brutes/02_publiques_primaires/2026-07-17_Teksoria_tarifs.html,"Enterprise Pour les organisations exigeantes. Architecture sur-mesure, SLA garanti, IA intégrée. Sur mesure Tout Business, plus : Support 24/7 avec SLA garanti Architecte Cloud dédié SOC managé complet Intégration IA & Copilot Consulting stratégique DSI externalisée Formation continue de vos équipes Postes illimités",Déclaration de l’acteur,Moyenne — déclaration primaire non auditée,Public — mutualisable,Citation courte / analyse seulement,À valider,Aucun doublon substantiel détecté,Aucune contradiction détectée,46220.5,Codex,Les fonctions restent détaillées dans Services.,DEMANDE_MSP,Modèle économique,Montée en gamme — Enterprise,Valeur analytique forte,Commercialisation et packaging,SOC / MDR,Opération continue / 24/7; Support / escalade; Intégration / déploiement,Sur mesure,Grands comptes,Actuel au 2026-07-17,Teksoria,Public
SIG-PUB-TEKSORIA-004,Modèle économique,46220.5,Teksoria,Teksoria déclare des contrats d’un an et indique qu’ils peuvent être résiliés à tout moment avec un préavis de 30 jours.,SRC-PUB-TEKSORIA-001,01_sources_brutes/02_publiques_primaires/2026-07-17_Teksoria_tarifs.html,Nos contrats on une durée d'un an d'engagement. Vous pouvez résilier à tout moment avec un préavis de 30 jours.,Déclaration de l’acteur,Moyenne — déclaration primaire non auditée,Public — mutualisable,Citation courte / analyse seulement,À valider,Aucun doublon substantiel détecté,Ambiguïté interne : engagement d’un an et résiliation à tout moment,46220.5,Codex,Contradiction ou clause de sortie à clarifier en entretien.,DEMANDE_MSP,Modèle économique,Engagement et résiliation,Valeur analytique forte,Commercialisation et packaging,Multi-domaine,Commercialisation / contractualisation,Contrat / accord-cadre,Non établi,Actuel au 2026-07-17,Teksoria,Public
SIG-PUB-TEKSORIA-005,Modèle économique,46220.5,Teksoria,Teksoria indique ajuster le forfait au nombre réel de postes avec un tarif dégressif.,SRC-PUB-TEKSORIA-001,01_sources_brutes/02_publiques_primaires/2026-07-17_Teksoria_tarifs.html,Pas de surprise : nous ajustons votre forfait au nombre réel de postes avec un tarif dégressif. Vous ne payez que ce que vous utilisez.,Déclaration de l’acteur,Moyenne — déclaration primaire non auditée,Public — mutualisable,Citation courte / analyse seulement,À valider,Aucun doublon substantiel détecté,Aucune contradiction détectée,46220.5,Codex,Aucune marge ou rentabilité déduite.,DEMANDE_MSP,Modèle économique,Facturation à l’usage et dégressivité,Valeur analytique forte,Commercialisation et packaging,Endpoint / poste de travail,Commercialisation / contractualisation,Non établi,PME,Actuel au 2026-07-17,Teksoria,Public
SIG-PUB-TEKSORIA-006,Modèle économique,46220.5,Teksoria,Teksoria déclare construire des offres hybrides combinant des briques de plusieurs formules selon les besoins du client.,SRC-PUB-TEKSORIA-001,01_sources_brutes/02_publiques_primaires/2026-07-17_Teksoria_tarifs.html,Nous construisons souvent des offres hybrides qui combinent les briques de nos différentes formules selon vos besoins réels.,Déclaration de l’acteur,Moyenne — déclaration primaire non auditée,Public — mutualisable,Citation courte / analyse seulement,À valider,Aucun doublon substantiel détecté,Aucune contradiction détectée,46220.5,Codex,Le mot « souvent » reste une déclaration de Teksoria.,DEMANDE_MSP,Go-to-market,Hybridation des forfaits,Valeur analytique forte,Commercialisation et packaging,Cloud / collaboration,Non établi,Forfait par poste,PME,Actuel au 2026-07-17,Teksoria,Public
SIG-PUB-TEKSORIA-007,Capacité opérationnelle,46220.5,Teksoria,"Teksoria déclare utiliser des outils RMM pour superviser les équipements en temps réel, générer des alertes automatiques et produire un rapport mensuel.",SRC-PUB-TEKSORIA-002,01_sources_brutes/02_publiques_primaires/2026-07-17_Teksoria_infogerance-it.html,"Grâce à des outils de supervision avancés (RMM), nous surveillons en temps réel l'état de santé de vos équipements : charge processeur, espace disque, état des sauvegardes, mises à jour de sécurité et performances réseau. Les alertes automatiques nous permettent d'intervenir avant qu'une panne ne se produise. Résultat : un taux de disponibilité supérieur à 99,5 % et une réduction significative des interruptions de service qui impactent votre productivité. Chaque mois, vous recevez un rapport détaillé sur l'état de votre infrastructure, les interventions réalisées et les recommandations d'évolution.",Déclaration de l’acteur,Moyenne — déclaration primaire non auditée,Public — mutualisable,Citation courte / analyse seulement,À valider,Aucun doublon substantiel détecté,Aucune contradiction détectée,46220.5,Codex,Le taux de disponibilité est conservé dans la citation mais n’est pas repris dans le résumé.,DEMANDE_MSP,Opérations,"RMM, automatisation et reporting",Valeur analytique forte,Capacité opérationnelle du MSP,Support / infogérance,Supervision / monitoring; Automatisation / orchestration; Capacité humaine / compétences,Abonnement / service récurrent,PME,Actuel au 2026-07-17,Teksoria,Public
SIG-PUB-TEKSORIA-008,Critère de sélection technologique,46220.5,Teksoria,"Dans son processus de conception, Teksoria déclare choisir les outils de supervision et de ticketing, puis définir le budget et les SLA avec le client.",SRC-PUB-TEKSORIA-002,01_sources_brutes/02_publiques_primaires/2026-07-17_Teksoria_infogerance-it.html,Définition de l'architecture cible et du périmètre d'infogérance Choix des outils de supervision et de ticketing Rédaction du plan de migration et du planning Budgétisation détaillée et définition des SLA Validation du plan avec vos équipes techniques,Déclaration de l’acteur,Moyenne — déclaration primaire non auditée,Public — mutualisable,Citation courte / analyse seulement,À valider,Aucun doublon substantiel détecté,Aucune contradiction détectée,46220.5,Codex,Ne prouve pas l’usage d’un outil déterminé.,DEMANDE_MSP,Technologie,Sélection des outils d’opération,Valeur analytique forte,Choix ou relation technologique,Support / infogérance,Supervision / monitoring; Support / escalade; Automatisation / orchestration,Non établi,PME,Actuel au 2026-07-17,Teksoria,Public
SIG-PUB-TEKSORIA-009,Capacité opérationnelle,46220.5,Teksoria,Teksoria décrit un SOC externalisé qui surveille les infrastructures 24/7 et une équipe de réponse intervenant en cas d’incident.,SRC-PUB-TEKSORIA-003,01_sources_brutes/02_publiques_primaires/2026-07-17_Teksoria_securite-cyberdefense.html,"Notre SOC externalisé surveille votre infrastructure 24/7 et détecte les comportements anormaux grâce à l'intelligence artificielle. En cas d'incident, notre équipe de réponse intervient immédiatement pour contenir la menace, préserver les preuves et restaurer vos systèmes dans les plus brefs délais.",Déclaration de l’acteur,Moyenne — déclaration primaire non auditée,Public — mutualisable,Citation courte / analyse seulement,À valider,Aucun doublon substantiel détecté,Aucune contradiction détectée,46220.5,Codex,"« SOC externalisé » ne permet pas de conclure à un SOC propre, co-délivré ou sous-traité.",DEMANDE_MSP,Services managés,SOC externalisé et réponse,Valeur analytique forte,Capacité opérationnelle du MSP,SOC / MDR,Opération continue / 24/7; Supervision / monitoring; Capacité humaine / compétences,Non établi,PME; ETI,Actuel au 2026-07-17,Teksoria,Public
SIG-PUB-TEKSORIA-010,Critère de sélection technologique,46220.5,Teksoria,"Teksoria déclare choisir une stratégie cloud selon les contraintes métier, réglementaires et budgétaires, et privilégier l’hybride pour certaines applications legacy ou contraintes de latence.",SRC-PUB-TEKSORIA-009,01_sources_brutes/02_publiques_primaires/2026-07-17_Teksoria_cloud-annecy.html,"L'architecture hybride combine un socle on-premise (serveurs locaux) avec des ressources cloud. C'est souvent le choix le plus pragmatique pour les PME qui ont des applications legacy ou des contraintes de latence. Le cloud absorbe les pics de charge et héberge les applications modernes, tandis que les données sensibles restent sur site. Notre rôle est de vous aider à définir la bonne stratégie en fonction de vos contraintes métier, réglementaires et budgétaires.",Déclaration de l’acteur,Moyenne — déclaration primaire non auditée,Public — mutualisable,Citation courte / analyse seulement,À valider,Aucun doublon substantiel détecté,Aucune contradiction détectée,46220.5,Codex,Aucune préférence fournisseur ou fréquence de choix déduite.,DEMANDE_MSP,Technologie,Arbitrage cloud hybride,Valeur analytique forte,Demande observable du MSP,Cloud / collaboration,Commercialisation / contractualisation; Conseil / sélection,Non établi,PME,Actuel au 2026-07-17,Teksoria,Public
SIG-PUB-TEKSORIA-011,Segment client,46046.5,Teksoria,"Teksoria recommande l’infogérance complète jusqu’à 80 postes, un modèle hybride entre 80 et 150 postes, puis une équipe IT interne complétée par un prestataire au-delà de 150 postes.",SRC-PUB-TEKSORIA-008,01_sources_brutes/02_publiques_primaires/2026-01-24_Teksoria_infogerance-vs-it-interne.html,"10 à 30 postes : Infogérance complète, sans hésiter. Le budget ne justifie pas un salarié IT, et les besoins sont couverts par un bon prestataire. 30 à 80 postes : Infogérance complète avec un interlocuteur dédié côté prestataire. Si un collaborateur interne a des affinités IT, il peut servir de relais. 80 à 150 postes : Modèle hybride. Un responsable IT interne + un prestataire d'infogérance pour le support, la sécurité et les projets spécialisés. 150+ postes : Équipe IT interne de 2-4 personnes, potentiellement complétée par un prestataire sur des expertises pointues (cybersécurité, IA, cloud).",Déclaration de l’acteur,Moyenne — déclaration primaire non auditée,Public — mutualisable,Citation courte / analyse seulement,À valider,Aucun doublon substantiel détecté,Aucune contradiction détectée,46220.5,Codex,"Signal de contexte, non observation des clients actuels.",DEMANDE_MSP,Segments clients,Modèle de livraison selon la taille,Information de contexte,Information de contexte,Endpoint / poste de travail,Capacité humaine / compétences,Non établi,PME,Actuel au 2026-07-17,Teksoria,Public
SIG-PUB-TEKSORIA-012,Segment client,46212.5,Teksoria,"La fiche France Num positionne Teksoria comme accompagnant les PME de Rhône-Alpes avec une offre d’infogérance, cloud, cybersécurité et IA.",SRC-PUB-TEKSORIA-006,01_sources_brutes/02_publiques_primaires/2026-07-09_FranceNum_Teksoria.html,"Teksoria accompagne les PME de Rhône-Alpes dans leur transformation numérique depuis 2016. Basée à Grenoble, notre équipe certifiée (Microsoft 365, Azure, OSCP, CCNA, ITIL v4) propose une offre complète : infogérance IT avec support illimité 24/7, infrastructure cloud, cybersécurité renforcée et intégration d'intelligence artificielle (agents IA, Microsoft Copilot, RAG). Partenaire Microsoft, Dell, Cisco, Mistral AI et Anthropic.",Déclaration de l’acteur,Moyenne — déclaration primaire non auditée,Public — mutualisable,Citation courte / analyse seulement,À valider,Aucun doublon substantiel détecté,Aucune contradiction détectée,46220.5,Codex,Contexte de positionnement régional ; la fiche indique ailleurs des projets de 10 à 200 postes.,DEMANDE_MSP,Positionnement,MSP régional pour PME,Information de contexte,Information de contexte,Cloud / collaboration,Intégration / déploiement,Forfait / prix fixe,PME,Actuel au 2026-07-17,Teksoria,Public
SIG-PUB-DIGILUX-001,Critère de sélection technologique,45793.5,Digilux,Digilux déclare ne vendre aucune solution technique et orienter ses clients vers des partenaires sans lien commercial avec lui.,SRC-PUB-DIGILUX-001,01_sources_brutes/02_publiques_primaires/2026-07-17_Digilux_dsi-temps-partage.html,"Je fais uniquement du conseil, je ne vends pas de solutions techniques. Je personnalise mes recommandations et vous dirige vers des partenaires fiables avec lesquels je n’ai pas de liens commerciaux.",Déclaration de l’acteur,Moyenne — déclaration primaire non auditée,Public — mutualisable,Citation courte / analyse seulement,À valider,Aucun doublon substantiel détecté,Aucune contradiction détectée,46220.5,Codex,Ne prouve pas l’absence de tout avantage indirect.,DEMANDE_MSP,Sélection fournisseurs,Neutralité et absence de revente,Valeur analytique forte,Demande observable du MSP,SOC / MDR,Co-délivrance / réseau; Commercialisation / contractualisation; Échelle opérationnelle,Conseil / prestation,PME,Actuel au 2026-07-17,Digilux,Public
SIG-PUB-DIGILUX-002,Capacité opérationnelle,45793.5,Digilux,"La méthode DSI déclarée commence par un audit, des entretiens métiers et l’analyse des flux et objectifs avant la construction d’une feuille de route orientée business.",SRC-PUB-DIGILUX-001,01_sources_brutes/02_publiques_primaires/2026-07-17_Digilux_dsi-temps-partage.html,"Je commence par un audit approfondi de votre système d’information. Puis j’interviewe les directions métiers. J’analyse les flux de données et les objectifs de chaque service pour obtenir une vue complète et précise de votre infrastructure actuelle. Roadmap orientée business Je crée une feuille de route claire et simple, axée sur vos objectifs business.",Déclaration de l’acteur,Moyenne — déclaration primaire non auditée,Public — mutualisable,Citation courte / analyse seulement,À valider,Aucun doublon substantiel détecté,Aucune contradiction détectée,46220.5,Codex,"Le signal décrit le processus de découverte et de cadrage, pas une exploitation technique.",DEMANDE_MSP,Pilotage,Diagnostic et cadrage métier,Valeur analytique forte,Capacité opérationnelle du MSP,Vulnérabilités / exposition,Pilotage / gouvernance,Non établi,PME,Actuel au 2026-07-17,Digilux,Public
SIG-PUB-DIGILUX-003,Pilotage et priorisation,45793.5,Digilux,Digilux déclare prioriser les projets selon les risques et les bénéfices attendus avant de fixer les objectifs IT à moyen et long terme.,SRC-PUB-DIGILUX-001,01_sources_brutes/02_publiques_primaires/2026-07-17_Digilux_dsi-temps-partage.html,Priorisation des projets en fonction des risques et des bénéfices attendus ; Définition des objectifs IT à moyen et long terme ; Présentation de la roadmap aux instances dirigeantes.,Déclaration de l’acteur,Moyenne — déclaration primaire non auditée,Public — mutualisable,Citation courte / analyse seulement,À valider,Aucun doublon substantiel détecté,Aucune contradiction détectée,46220.5,Codex,Aucun seuil financier ou modèle de scoring n’est publié.,DEMANDE_MSP,Pilotage,Priorisation risques / bénéfices,Valeur analytique forte,Demande observable du MSP,Conseil / pilotage,Pilotage / gouvernance,Non établi,PME,Actuel au 2026-07-17,Digilux,Public
SIG-PUB-DIGILUX-004,Critère de sélection technologique,45793.5,Digilux,"L’AMO déclarée combine cahier des charges, benchmarking, veille, mise en concurrence et sécurisation contractuelle pour choisir une solution et un prestataire.",SRC-PUB-DIGILUX-001,01_sources_brutes/02_publiques_primaires/2026-07-17_Digilux_dsi-temps-partage.html,Rédaction des cahiers des charges et spécifications techniques ; Benchmarking et veille technologique pour sélectionner les meilleures solutions ; Mise en concurrence des prestataires et aide au choix ; Sécurisation des relations contractuelles pour garantir les meilleures conditions.,Déclaration de l’acteur,Moyenne — déclaration primaire non auditée,Public — mutualisable,Citation courte / analyse seulement,À valider,Aucun doublon substantiel détecté,Aucune contradiction détectée,46220.5,Codex,Ne prouve pas la sélection d’un éditeur particulier.,DEMANDE_MSP,Sélection fournisseurs,Processus de consultation et contractualisation,Valeur analytique forte,Demande observable du MSP,Conseil / pilotage,Commercialisation / contractualisation; Conseil / sélection,Non établi,PME,Actuel au 2026-07-17,Digilux,Public
SIG-PUB-DIGILUX-005,Besoin client observable,45793.5,Digilux,Digilux positionne le RSSI à temps partagé pour les structures qui n’ont pas les moyens de recruter un RSSI à plein temps.,SRC-PUB-DIGILUX-002,01_sources_brutes/02_publiques_primaires/2026-07-17_Digilux_consultant-cybersecurite.html,"Je vous propose une prestation à temps partagé, pour les structures n’ayant pas les moyens de recruter un RSSI (Responsable de la Sécurité des Systèmes d’Information) à plein temps.",Interprétation prudente,Faible — interprétation à valider,Public — mutualisable,Citation courte / analyse seulement,À valider,Aucun doublon substantiel détecté,Aucune contradiction détectée,46220.5,Codex,"Information de contexte, non mesure de marché.",DEMANDE_MSP,Besoins PME,Alternative au recrutement d’un RSSI,Information de contexte,Demande observable du MSP,Gouvernance / conformité,Pilotage / gouvernance; Capacité humaine / compétences,Temps partagé / conseil récurrent,Non établi,Actuel au 2026-07-17,Digilux,Public
SIG-PUB-DIGILUX-006,Besoin client observable,,Digilux,"Dans un cas publié, les services d’un infogérant ne répondaient plus aux attentes du Diocèse de Poitiers, conduisant à sa mise en concurrence.",SRC-PUB-DIGILUX-003,01_sources_brutes/02_publiques_primaires/2026-07-17_Digilux_etudes-de-cas.html,Diocèse de Poitiers Problème : Les services du prestataire d’infogérance ne correspondent plus aux attentes Solution : Assistance à Maîtrise d’Ouvrage et DSI à temps partagé Résultat : Mise en concurrence du prestataire d’infogérance et mise en place d’un service informatique structuré,Déclaration d’un client ou partenaire,Moyenne — étude de cas ou partenaire,Public — mutualisable,Citation courte / analyse seulement,À valider,Aucun doublon substantiel détecté,Aucune contradiction détectée,46220.5,Codex,La relation actuelle avec l’ancien ou le nouvel infogérant n’est pas établie.,DEMANDE_MSP,Prestataires,Insatisfaction et mise en concurrence,Valeur analytique forte,Demande observable du MSP,Conseil / pilotage,Non établi,Non établi,Associations / professions libérales,Actuel au 2026-07-17,Digilux,Public
SIG-PUB-DIGILUX-007,Contrainte opérationnelle,,Digilux,"Un cas MACIF publié associe un changement de prestataire à un besoin de continuité de service, de documentation et d’indicateurs de performance.",SRC-PUB-DIGILUX-003,01_sources_brutes/02_publiques_primaires/2026-07-17_Digilux_etudes-de-cas.html,"MACIF Problème : Situation d’urgence dans une transition d’organisation SI Solution : Analyse, réalisation du plan d’action, accompagnement au changement Résultat : Continuité des services lors du changement de prestataire, documentation des processus, mise en place d’indicateurs de performance",Déclaration d’un client ou partenaire,Moyenne — étude de cas ou partenaire,Public — mutualisable,Citation courte / analyse seulement,À valider,Aucun doublon substantiel détecté,Aucune contradiction détectée,46220.5,Codex,Le résultat n’est pas une mesure de performance actuelle.,DEMANDE_MSP,Prestataires,Transition et continuité,Valeur analytique forte,Demande observable du MSP,SOC / MDR,Opération continue / 24/7; Pilotage / gouvernance,Forfait par poste,Entreprises — taille non établie,Actuel au 2026-07-17,Digilux,Public
SIG-PUB-DIGILUX-008,Critère de sélection technologique,45992.5,Digilux,"Le projet STRATENERGIE combinait préférence pour des acteurs locaux, budget limité et critères de sobriété du logiciel et de l’hébergement.",SRC-PUB-DIGILUX-007,01_sources_brutes/02_publiques_primaires/2026-07-17_Digilux_stratenergie.html,"S’entourer de partenaires ayant la connaissance du numérique Préférence pour les acteurs locaux Réussir à faire un projet ambitieux avec un budget limité Si possible numérique responsable : logiciel sobre, peu consommateur en énergie, hébergeur vert Sa crainte majeure était d’avoir un logiciel qui ne réponde que partiellement au besoin au vue du budget limité.",Déclaration d’un client ou partenaire,Moyenne — étude de cas ou partenaire,Public — mutualisable,Citation courte / analyse seulement,À valider,Aucun doublon substantiel détecté,Aucune contradiction détectée,46220.5,Codex,Critères liés à un seul projet ; aucune généralisation aux PME.,DEMANDE_MSP,Sélection fournisseurs,"Local, budget et numérique responsable",Valeur analytique forte,Demande observable du MSP,Cloud / collaboration,Commercialisation / contractualisation; Conseil / sélection,Forfait par poste,TPE; PME,Actuel au 2026-07-17,Digilux,Public
SIG-PUB-DIGILUX-009,Critère de sélection technologique,45992.5,Digilux,"Dans le cas STRATENERGIE, Digilux indique avoir noté les candidats sur des critères techniques, de coûts et de délais avant de retenir DPLIANCE.",SRC-PUB-DIGILUX-007,01_sources_brutes/02_publiques_primaires/2026-07-17_Digilux_stratenergie.html,"La notation des candidats selon des critères techniques, coûts et délais a permis de retenir la société DPLIANCE, représentée par Hichem AMMAR-BOUDJELAL. Afin d’assoir de bonnes relations et de partir sur de bonnes bases, j’ai proposé un contrat spécifique contenant des engagements réciproques pour chacune des parties.",Déclaration d’un client ou partenaire,Moyenne — étude de cas ou partenaire,Public — mutualisable,Citation courte / analyse seulement,À valider,Aucun doublon substantiel détecté,Aucune contradiction détectée,46220.5,Codex,Ne prouve aucune relation actuelle ou exclusive avec DPLIANCE.,DEMANDE_MSP,Sélection fournisseurs,"Scoring technique, coût et délai",Valeur analytique forte,Demande observable du MSP,Conseil / pilotage,Conseil / sélection,Non établi,TPE; PME,Actuel au 2026-07-17,Digilux,Public
SIG-PUB-DIGILUX-010,Contrainte opérationnelle,45992.5,Digilux,"Dans le projet STRATENERGIE, la sous-estimation du temps de compréhension métier et les négociations d’accès aux API fournisseurs ont allongé les délais.",SRC-PUB-DIGILUX-007,01_sources_brutes/02_publiques_primaires/2026-07-17_Digilux_stratenergie.html,"L’expertise de Nicolas étant complexe, le prestataire avait sous-estimé le temps à passer pour comprendre et modéliser les calculs mathématiques. Parallèlement à cela, il a fallu beaucoup de temps et de négociation avec les fournisseurs de STRATENERGIE pour permettre la connexion avec leurs API, ce qui a allongé les délais et temps passé.",Déclaration de l’acteur,Moyenne — déclaration primaire non auditée,Public — mutualisable,Citation courte / analyse seulement,À valider,Aucun doublon substantiel détecté,Aucune contradiction détectée,46220.5,Codex,Un seul projet ; aucune généralisation.,DEMANDE_MSP,Prestataires,Compréhension métier et dépendances API,Valeur analytique forte,Demande observable du MSP,IAM / accès,Multi-environnement / multi-éditeurs; Commercialisation / contractualisation,Forfait par poste,TPE; PME,Actuel au 2026-07-17,Digilux,Public
SIG-PUB-DIGILUX-011,Critère de sélection technologique,,Digilux,"Pour STS, Digilux a comparé un hébergement local, le SaaS et les prestataires, puis formulé des scénarios avec avantages et inconvénients.",SRC-PUB-DIGILUX-003,01_sources_brutes/02_publiques_primaires/2026-07-17_Digilux_etudes-de-cas.html,"STS Entreprise Adaptée Problème : Choix d’un hébergement adapté pour l’ERP Solution : Analyse des solutions d’hébergement (local, SaaS) et des prestataires Résultat : Scénarios de choix avec avantages et inconvénients, recommandations",Déclaration d’un client ou partenaire,Moyenne — étude de cas ou partenaire,Public — mutualisable,Citation courte / analyse seulement,À valider,Aucun doublon substantiel détecté,Aucune contradiction détectée,46220.5,Codex,Aucun fournisseur ni choix final déduit.,DEMANDE_MSP,Cloud,Arbitrage local / SaaS,Valeur analytique forte,Demande observable du MSP,Cloud / collaboration,Conseil / sélection,Non établi,Associations / professions libérales,Actuel au 2026-07-17,Digilux,Public
SIG-PUB-DIGILUX-012,Besoin client observable,45793.5,Digilux,Digilux présente comme problème client le sentiment de dépendance envers un fournisseur et la crainte d’en changer.,SRC-PUB-DIGILUX-002,01_sources_brutes/02_publiques_primaires/2026-07-17_Digilux_consultant-cybersecurite.html,Vos prestataires actuels ne fournissent pas des services optimaux et adaptés à vos enjeux métiers. Vous vous sentez prisonnier de vos fournisseurs et avez peur d’en changer.,Interprétation prudente,Faible — interprétation à valider,Public — mutualisable,Citation courte / analyse seulement,À valider,Aucun doublon substantiel détecté,Aucune contradiction détectée,46220.5,Codex,"Information de contexte, pas une observation quantifiée du marché.",DEMANDE_MSP,Prestataires,Dépendance et crainte de changement,Information de contexte,Demande observable du MSP,Gouvernance / conformité,Non établi,Forfait par poste,PME,Actuel au 2026-07-17,Digilux,Public
SIG-PUB-DIGILUX-013,Contrainte opérationnelle,45793.5,Digilux,Digilux présente comme risque l’absence de formalisation contractuelle des engagements cybersécurité pris oralement par les fournisseurs.,SRC-PUB-DIGILUX-002,01_sources_brutes/02_publiques_primaires/2026-07-17_Digilux_consultant-cybersecurite.html,"Vos fournisseurs s’engagent oralement sur la cybersécurité mais rien n’est formalisé, exposant votre entreprise à des risques techniques et juridiques.",Interprétation prudente,Faible — interprétation à valider,Public — mutualisable,Citation courte / analyse seulement,À valider,Aucun doublon substantiel détecté,Aucune contradiction détectée,46220.5,Codex,Information de contexte ; occurrence réelle non mesurée.,DEMANDE_MSP,Contrats,Clauses de sécurité,Information de contexte,Demande observable du MSP,Gouvernance / conformité,Non établi,Forfait par poste,PME,Actuel au 2026-07-17,Digilux,Public
SIG-PUB-DIGILUX-014,Critère de sélection technologique,45793.5,Digilux,Digilux déclare intégrer les critères de responsabilité sociale et environnementale dans l’évaluation et la sélection de prestataires IT.,SRC-PUB-DIGILUX-006,01_sources_brutes/02_publiques_primaires/2026-07-17_Digilux_consultant-numerique-responsable.html,"Vos prestataires IT ne partagent pas toujours vos valeurs en matière de responsabilité environnementale et sociale. Ma solution Je vous aide à évaluer et à sélectionner des prestataires qui respectent vos critères de responsabilité sociale et environnementale. Ensemble, nous alignons vos relations fournisseurs avec vos engagements RSE pour assurer une cohérence à tous les niveaux de votre chaîne de valeur.",Déclaration de l’acteur,Moyenne — déclaration primaire non auditée,Public — mutualisable,Citation courte / analyse seulement,À valider,Aucun doublon substantiel détecté,Aucune contradiction détectée,46220.5,Codex,Ne prouve pas qu’un prestataire précis a été sélectionné ou écarté sur ce critère.,DEMANDE_MSP,Sélection fournisseurs,Responsabilité sociale et environnementale,Valeur analytique forte,Demande observable du MSP,SOC / MDR,Intégration / déploiement; Conseil / sélection,Non établi,Entreprises — taille non établie,Actuel au 2026-07-17,Digilux,Public
SIG-PUB-DIGILUX-015,Pilotage et priorisation,,Digilux,Un audit cyber publié pour le Mellois en Poitou a produit un plan d’action à trois ans incluant budget et charge interne sur les volets gouvernance et technique.,SRC-PUB-DIGILUX-003,01_sources_brutes/02_publiques_primaires/2026-07-17_Digilux_etudes-de-cas.html,Communauté de communes du Mellois en Poitou Problème : Besoin de renforcement de la cybersécurité Solution : Audit cybersécurité avec France Relance Résultat : Un plan d’action priorisé à 3 ans avec budget et charge interne sur les volets gouvernance et technique,Déclaration d’un client ou partenaire,Moyenne — étude de cas ou partenaire,Public — mutualisable,Citation courte / analyse seulement,À valider,Aucun doublon substantiel détecté,Aucune contradiction détectée,46220.5,Codex,Montants et charge réelle non publics.,DEMANDE_MSP,Pilotage cyber,"Feuille de route, budget et charge interne",Valeur analytique forte,Demande observable du MSP,Vulnérabilités / exposition,Pilotage / gouvernance; Commercialisation / contractualisation,Non établi,Secteur public,Actuel au 2026-07-17,Digilux,Public
SIG-PUB-DIGILUX-016,Mode de commercialisation,46212.5,Digilux,"France Num présente Digilux comme un spécialiste de la transformation digitale responsable pour les organisations privées et publiques, couvrant stratégie, projets numériques et cybersécurité.",SRC-PUB-DIGILUX-004,01_sources_brutes/02_publiques_primaires/2026-07-09_FranceNum_Digilux.html,"Digilux est spécialisé dans la transformation digitale responsable des organisations privées et publiques : structurer votre stratégie, accompagner vos projets numériques, renforcer votre cybersécurité et adapter vos pratiques vers un numérique plus responsable.",Déclaration de l’acteur,Moyenne — déclaration primaire non auditée,Public — mutualisable,Citation courte / analyse seulement,À valider,Aucun doublon substantiel détecté,Aucune contradiction détectée,46220.5,Codex,"Contexte de positionnement, pas mesure de marché.",DEMANDE_MSP,Positionnement,Transformation digitale responsable,Information de contexte,Commercialisation et packaging,Conseil / pilotage,Commercialisation / contractualisation,Non établi,Entreprises — taille non établie,Actuel au 2026-07-17,Digilux,Public
SIG-PUB-DIGILUX-017,Besoin client observable,45793.5,Digilux,Digilux présente le DSI externalisé comme un moyen d’accéder à une expertise diversifiée sans recruter plusieurs spécialistes.,SRC-PUB-DIGILUX-001,01_sources_brutes/02_publiques_primaires/2026-07-17_Digilux_dsi-temps-partage.html,Vous bénéficiez d’une expertise large sans embaucher plusieurs spécialistes.,Interprétation prudente,Faible — interprétation à valider,Public — mutualisable,Citation courte / analyse seulement,À valider,Aucun doublon substantiel détecté,Aucune contradiction détectée,46220.5,Codex,"Information de contexte, non preuve de réduction de coût.",DEMANDE_MSP,Besoins PME,Accès à des compétences sans recrutement multiple,Information de contexte,Demande observable du MSP,Conseil / pilotage,Capacité humaine / compétences,Forfait par poste,PME,Actuel au 2026-07-17,Digilux,Public
SIG-PUB-IRONIE-001,Capacité opérationnelle,45908.5,IRONIE Expertise Cybersécurité,"IRONIE déclare opérer ses solutions de sécurité en assurant installation, configuration, mises à jour, support, gestion des logs, monitoring et alertes.",SRC-PUB-IRONIE-001,01_sources_brutes/02_publiques_primaires/2026-07-21_IRONIE_securite-managee.html,"Solutions de sécurité opérées par nos soins Installation, Configuration, Mises à jour, Évolutions Support logiciel et matériel, gestion des logs Accompagnement sur-mesure, dans la durée Monitoring et alerte",Déclaration de l’acteur,Moyenne — déclaration primaire non auditée,Public — mutualisable,Citation courte / analyse seulement,À valider,Aucun doublon substantiel détecté,Aucune contradiction directe détectée,46224.5,Codex,"Ne prouve ni volumes, ni SLA, ni performance.",DEMANDE_MSP,Services managés,Cycle de vie opéré,Valeur analytique forte,Capacité opérationnelle du MSP,Support / infogérance,Supervision / monitoring; Support / escalade; Intégration / déploiement,Non établi,Secteur public,Actuel au 2026-07-21,IRONIE Expertise Cybersécurité,Public
SIG-PUB-IRONIE-003,Logique d’assemblage / packaging,45908.5,IRONIE Expertise Cybersécurité,"SOC360 est présenté autour de GravityZone MSP avec des options EPP/EDR, patch management, XDR et MDR/SOC incluant traitement, corrélation et escalade des alertes qualifiées.",SRC-PUB-IRONIE-001,01_sources_brutes/02_publiques_primaires/2026-07-21_IRONIE_securite-managee.html,"GravityZone MSP Solution de protection des postes de travail et serveurs, ainsi que de votre environnement Microsoft Active Directory, Entra et Office365 (Exchange Online, SharePoint Online, OneDrive). La solution comprend les options suivantes : EPP + EDR : antivirus et télémétrie des endpoints Patch management : gestion automatisée des mises à jour XDR : télémétrie messagerie, cloud, réseau MDR + SOC : traitement des incidents, corrélation, escalade des alertes qualifiées",Déclaration de l’acteur,Moyenne — déclaration primaire non auditée,Public — mutualisable,Citation courte / analyse seulement,À valider,Aucun doublon substantiel détecté,Aucune contradiction directe détectée,46224.5,Codex,Ne pas assimiler la présence de GravityZone à un SOC propre IRONIE.,DEMANDE_MSP,SOC / MDR,Socle Bitdefender GravityZone MSP,Valeur analytique forte,Choix ou relation technologique,SOC / MDR,Supervision / monitoring; Support / escalade; Commercialisation / contractualisation,Non établi,Entreprises — taille non établie,Actuel au 2026-07-21,IRONIE Expertise Cybersécurité,Public
SIG-PUB-IRONIE-004,Organisation du support,45908.5,IRONIE Expertise Cybersécurité,"Le niveau 1 ouvre un ticket, réalise un premier diagnostic et cherche à restaurer le service, puis escalade si l’incident dépasse ses compétences.",SRC-PUB-IRONIE-001,01_sources_brutes/02_publiques_primaires/2026-07-21_IRONIE_securite-managee.html,"La tâche de l’intervenant consiste à établir un premier diagnostic de l’incident technique et à résoudre les incidents pour une restauration du service dans les meilleurs délais. Concrètement, le technicien ouvre un ticket résumant vos problèmes et le diagnostic de solutions à apporter selon lui. Si l’incident dépasse ses compétences, le ticket est escaladé au niveau de support supérieur.",Déclaration de l’acteur,Moyenne — déclaration primaire non auditée,Public — mutualisable,Citation courte / analyse seulement,À valider,Aucun doublon substantiel détecté,Aucune contradiction directe détectée,46224.5,Codex,"Outil, délais et taux de résolution non publiés.",DEMANDE_MSP,Support,Niveau 1 et escalade,Valeur analytique forte,Capacité opérationnelle du MSP,Vulnérabilités / exposition,Support / escalade; Multi-environnement / multi-éditeurs; Capacité humaine / compétences,Non établi,Entreprises — taille non établie,Actuel au 2026-07-21,IRONIE Expertise Cybersécurité,Public
SIG-PUB-IRONIE-005,Organisation du support,45908.5,IRONIE Expertise Cybersécurité,"Le niveau 2 vise à identifier et corriger les causes d’erreurs récurrentes, avec escalade au niveau supérieur si la demande n’est pas résolue.",SRC-PUB-IRONIE-001,01_sources_brutes/02_publiques_primaires/2026-07-21_IRONIE_securite-managee.html,"L’objectif du technicien ou de l’ingénieur qui intervient est d’identifier et de corriger les sources d’erreurs récurrentes. Dans le cas où ils ne peuvent pas résoudre la demande, cette dernière est escaladée au niveau de support supérieur.",Déclaration de l’acteur,Moyenne — déclaration primaire non auditée,Public — mutualisable,Citation courte / analyse seulement,À valider,Aucun doublon substantiel détecté,Aucune contradiction directe détectée,46224.5,Codex,Part des tickets et délais non publiés.,DEMANDE_MSP,Support,Niveau 2 et problèmes récurrents,Valeur analytique forte,Capacité opérationnelle du MSP,Multi-domaine,Support / escalade,Forfait par poste,Entreprises — taille non établie,Actuel au 2026-07-21,IRONIE Expertise Cybersécurité,Public
SIG-PUB-IRONIE-006,Organisation du support,45908.5,IRONIE Expertise Cybersécurité,"Le niveau 3 mobilise des ingénieurs, administrateurs et architectes spécialisés pour les demandes ou incidents de complexité élevée.",SRC-PUB-IRONIE-001,01_sources_brutes/02_publiques_primaires/2026-07-21_IRONIE_securite-managee.html,"Le dernier niveau de support est composé d’ingénieurs, d’administrateurs et d’architectes systèmes et réseaux spécialisés dans un domaine en particulier : architecture systèmes et réseaux, cybersécurité, gestion de l’Active Directory… Il intervient uniquement lorsque son expertise est requise pour résoudre des demandes ou incidents à la complexité élevée.",Déclaration de l’acteur,Moyenne — déclaration primaire non auditée,Public — mutualisable,Citation courte / analyse seulement,À valider,Aucun doublon substantiel détecté,Aucune contradiction directe détectée,46224.5,Codex,Effectifs et disponibilité non publiés.,DEMANDE_MSP,Support,Niveau 3 spécialisé,Valeur analytique forte,Capacité opérationnelle du MSP,Multi-domaine,Support / escalade; Co-délivrance / réseau; Capacité humaine / compétences,Forfait par poste,Entreprises — taille non établie,Actuel au 2026-07-21,IRONIE Expertise Cybersécurité,Public
SIG-PUB-IRONIE-007,Relation technologique,45908.5,IRONIE Expertise Cybersécurité,Le TAM est présenté comme une expertise maximale sur une technologie avec des liens privilégiés vers l’éditeur pour sept marques citées.,SRC-PUB-IRONIE-001,01_sources_brutes/02_publiques_primaires/2026-07-21_IRONIE_securite-managee.html,"La prestation de responsable technique de compte permet d’avoir l’expertise maximale sur une technologie, avec des liens privilégiés avec l’éditeur. Nous pouvons vous proposer ceci pour : Fortinet, Palo Alto, Stormshield, PulseSecure, F5, InWebo, Wallix.",Déclaration de l’acteur,Moyenne — déclaration primaire non auditée,Public — mutualisable,Citation courte / analyse seulement,À valider,Aucun doublon substantiel détecté,Aucune contradiction directe détectée,46224.5,Codex,La nature contractuelle des liens privilégiés n’est pas précisée.,DEMANDE_MSP,Support,TAM et escalade éditeur,Valeur analytique forte,Choix ou relation technologique,Support / infogérance,Capacité humaine / compétences,Forfait par poste,Entreprises — taille non établie,Actuel au 2026-07-21,IRONIE Expertise Cybersécurité,Public
SIG-PUB-IRONIE-009,Capacité opérationnelle,45908.5,IRONIE Expertise Cybersécurité,"DMARC360 combine une implémentation menée avec le client, une surveillance continue des domaines et des points réguliers sur les non-conformités.",SRC-PUB-IRONIE-001,01_sources_brutes/02_publiques_primaires/2026-07-21_IRONIE_securite-managee.html,"Nous vous proposons d’implémenter avec vous tous les mécanismes modernes, les bonnes pratiques, vous permettant aussi d’émaliorer la dévliverabilité de vos emails vers vos destinataires (clients, fournisseurs, partenaires). Ainsi démystifiés, le SPF , DKIM et DMARC seront compris et utilisés à bon escient. Tout comme DNSSEC ou MTA-STS. Nous opérons ensuite un service de surveillance continue de vos noms de domaine, et faisons des points réguliers avec vous sur les non-conformités.",Déclaration de l’acteur,Moyenne — déclaration primaire non auditée,Public — mutualisable,Citation courte / analyse seulement,À valider,Aucun doublon substantiel détecté,Aucune contradiction directe détectée,46224.5,Codex,La couverture humaine et les SLA ne sont pas publiés.,DEMANDE_MSP,Messagerie,DMARC managé,Valeur analytique forte,Capacité opérationnelle du MSP,Messagerie / domaines,Opération continue / 24/7; Supervision / monitoring,Abonnement / service récurrent,Entreprises — taille non établie,Actuel au 2026-07-21,IRONIE Expertise Cybersécurité,Public
SIG-PUB-IRONIE-010,Organisation du support,45937.5,IRONIE Expertise Cybersécurité,Les clients sous contrat peuvent utiliser un portail dédié ou appeler le support par téléphone pendant les horaires d’ouverture.,SRC-PUB-IRONIE-003,01_sources_brutes/02_publiques_primaires/2026-07-21_IRONIE_contact-support.html,Les clients sous contrat peuvent se connecter à notre portail dédié https://support.ironie.fr Ou appeler le support par téléphone aux horaires d’ouverture au 02 85 52 54 45,Déclaration de l’acteur,Moyenne — déclaration primaire non auditée,Public — mutualisable,Citation courte / analyse seulement,À valider,Aucun doublon substantiel détecté,Aucune contradiction directe détectée,46224.5,Codex,"La page publie 9h–18h pour les horaires de bureau, mais son applicabilité exacte au support doit être validée ; aucun SLA hors horaires n’est publié.",DEMANDE_MSP,Support,Canaux et horaires,Valeur analytique forte,Capacité opérationnelle du MSP,Support / infogérance,Support / escalade; Commercialisation / contractualisation; Échelle opérationnelle,Contrat / accord-cadre,Entreprises — taille non établie,Actuel au 2026-07-21,IRONIE Expertise Cybersécurité,Public
SIG-PUB-IRONIE-011,Recrutement / compétences,45903.5,IRONIE Expertise Cybersécurité,"IRONIE recherchait un ingénieur sécurité et réseaux expérimenté combinant avant-vente, delivery et support N2+.",SRC-PUB-IRONIE-004,01_sources_brutes/02_publiques_primaires/2026-07-21_IRONIE_recrutement.html,"Pour notre développement, nous recherchons un ingénieur expérimenté, ayant déjà travaillé plusieurs années chez des intégrateurs, avec le sens client, et des capacités en avant-vente, delivery, support N2+.",Fait démontré,Élevée — preuve primaire directe,Public — mutualisable,Citation courte / analyse seulement,À valider,Aucun doublon substantiel détecté,Aucune contradiction directe détectée,46224.5,Codex,Poste encore ouvert et recrutement effectif à confirmer.,DEMANDE_MSP,Recrutement,Support N2+ et delivery,Valeur analytique forte,Information de contexte,Réseau / sécurité périmétrique,Support / escalade; Co-délivrance / réseau; Capacité humaine / compétences,Forfait par poste,Non établi,Actuel au 2026-07-21,IRONIE Expertise Cybersécurité,Public
SIG-PUB-IRONIE-012,Évolution de service / organisation,45903.5,IRONIE Expertise Cybersécurité,"IRONIE recherchait un chef de projet capable de recueillir les besoins clients, organiser les projets et planifier le travail des ingénieurs experts.",SRC-PUB-IRONIE-004,01_sources_brutes/02_publiques_primaires/2026-07-21_IRONIE_recrutement.html,Vos atouts : savoir recueillir les besoins clients ; organiser les phases des projets ; planifier le travail de nos ingénieurs experts ; animer des réunions ; communiquer et veiller à la satisfaction de nos clients.,Fait démontré,Élevée — preuve primaire directe,Public — mutualisable,Citation courte / analyse seulement,À valider,Aucun doublon substantiel détecté,Aucune contradiction directe détectée,46224.5,Codex,Poste encore ouvert et recrutement effectif à confirmer.,DEMANDE_MSP,Recrutement,Pilotage du delivery,Valeur analytique forte,Évolution de service ou d’organisation,Multi-domaine,Capacité humaine / compétences; Échelle opérationnelle,Forfait par poste,Non établi,Actuel au 2026-07-21,IRONIE Expertise Cybersécurité,Public
SIG-PUB-IRONIE-013,Évolution de service / organisation,45907.5,IRONIE Expertise Cybersécurité,"La direction est présentée comme collégiale entre trois directeurs couvrant Intégration et Services, Solutions et Achats, ainsi que Conseil et Sécurité Managée.",SRC-PUB-IRONIE-002,01_sources_brutes/02_publiques_primaires/2026-07-21_IRONIE_entreprise.html,Guillaume T Président Directeur Intégration & Services Yannick Directeur Solutions & Achats Guillaume V Directeur Général Directeur Conseil & Sécurité Managée,Déclaration de l’acteur,Moyenne — déclaration primaire non auditée,Public — mutualisable,Citation courte / analyse seulement,À valider,Aucun doublon substantiel détecté,Aucune contradiction directe détectée,46224.5,Codex,Ne prouve pas la taille des équipes rattachées.,DEMANDE_MSP,Organisation,Séparation des responsabilités,Information de contexte,Évolution de service ou d’organisation,Conseil / pilotage,Pilotage / gouvernance; Intégration / déploiement,Forfait par poste,Non établi,Actuel au 2026-07-21,IRONIE Expertise Cybersécurité,Public
SIG-PUB-IRONIE-014,Évolution de service / organisation,45907.5,IRONIE Expertise Cybersécurité,"IRONIE publie cinq implantations à Nantes, Vannes, Orléans, Caen et Amiens, cohérentes avec un positionnement dans le quart nord-ouest.",SRC-PUB-IRONIE-002,01_sources_brutes/02_publiques_primaires/2026-07-21_IRONIE_entreprise.html,Les agences Pays de la Loire (siège) 8-10 rue du Bois Briand 44300 Nantes nantes@ironie.fr Bretagne 3 rue Camille Claudel 56000 Vannes vannes@ironie.fr Centre-Val de Loire 1 avenue du Champ de Mars 45100 Orléans orleans@ironie.fr Normandie 16 quai Amiral Hamelin 14000 Caen caen@ironie.fr Hauts-de-France 7 place Alphonse Fiquet 80000 Amiens amiens@ironie.fr,Déclaration de l’acteur,Moyenne — déclaration primaire non auditée,Public — mutualisable,Citation courte / analyse seulement,À valider,Aucun doublon substantiel détecté,Aucune contradiction directe détectée,46224.5,Codex,Présence locale ne prouve pas effectif ou capacité dans chaque agence.,DEMANDE_MSP,Go-to-market,Couverture régionale,Information de contexte,Évolution de service ou d’organisation,Organisation / croissance,Échelle opérationnelle,Non établi,Secteur public,Actuel au 2026-07-21,IRONIE Expertise Cybersécurité,Public
SIG-PUB-IRONIE-015,Évolution de service / organisation,46063.5,IRONIE Expertise Cybersécurité,"IRONIE annonce un référencement Gigalis de quatre ans sur trois lots : audit et pentest, MDR/SOC, et protection des infrastructures et applications.",SRC-PUB-IRONIE-005,01_sources_brutes/02_publiques_primaires/2026-07-21_IRONIE_gigalis-annonce.html,"Cet accord-cadre d’une durée de 4 ans permet aux organisations soumises au code des marchés publics d’accéder plus facilement à nos expertises cybersécurité partout en France. IRONIE est titulaire sur 3 lots clés : 🛡️ Audit, évaluation et tests d’intrusion 🔎 Détection et réponse managées (MDR / SOC) 🔐 Protection des infrastructures et applications",Fait démontré,Élevée — preuve primaire directe,Public — mutualisable,Citation courte / analyse seulement,À valider,Aucun doublon substantiel détecté,Aucune contradiction directe détectée,46224.5,Codex,"Ne prouve ni commande, ni volume, ni revenu.",DEMANDE_MSP,Go-to-market,Accès au secteur public,Valeur analytique forte,Évolution de service ou d’organisation,Vulnérabilités / exposition,Pilotage / gouvernance; Commercialisation / contractualisation,Contrat / accord-cadre,Secteur public,Actuel au 2026-07-21,IRONIE Expertise Cybersécurité,Public
SIG-PUB-IRONIE-016,Relation technologique,46091.5,IRONIE Expertise Cybersécurité,IRONIE annonce avoir atteint le statut Advanced Partner Fortinet et cite des certifications NSE8/NSE7 ainsi que des spécialisations de déploiement.,SRC-PUB-IRONIE-006,01_sources_brutes/02_publiques_primaires/2026-07-21_IRONIE_advanced-partner-fortinet.html,"Cette évolution vient reconnaître : ✔ le niveau de certification de nos équipes (2x NSE8, 4x NSE7) ; ✔ notre expertise dans le déploiement des solutions Fortinet (spécialisations Datacenter, Cloud, SDWAN, SASE, OT) ; ✔ notre capacité à accompagner les organisations dans la sécurisation de leurs infrastructures.",Fait démontré,Élevée — preuve primaire directe,Public — mutualisable,Citation courte / analyse seulement,À valider,Aucun doublon substantiel détecté,Aucune contradiction directe détectée,46224.5,Codex,"Aucun volume, exclusivité ou revenu Fortinet déduit.",DEMANDE_MSP,Partenaires,Montée de niveau Fortinet,Valeur analytique forte,Choix ou relation technologique,Certificats / PKI,Intégration / déploiement; Capacité humaine / compétences,Non établi,Entreprises — taille non établie,Actuel au 2026-07-21,IRONIE Expertise Cybersécurité,Public
SIG-PUB-IRONIE-017,Relation technologique,46189.5,IRONIE Expertise Cybersécurité,IRONIE a publiquement manifesté son intérêt pour rejoindre le collège des partenaires de CyberLig et contribuer aux futurs services du campus.,SRC-PUB-IRONIE-007,01_sources_brutes/02_publiques_primaires/2026-07-21_IRONIE_cyberlig.html,"Chez IRONIE – Cybersecurity Expertise , nous avons souhaité prendre part à cette dynamique collective en manifestant notre intérêt pour rejoindre le collège des partenaires et contribuer à la construction des futurs services du campus.",Déclaration de l’acteur,Moyenne — déclaration primaire non auditée,Public — mutualisable,Citation courte / analyse seulement,À valider,Aucun doublon substantiel détecté,Aucune contradiction directe détectée,46224.5,Codex,Ne pas présenter IRONIE comme membre actif sans preuve complémentaire.,DEMANDE_MSP,Écosystème régional,CyberLig,Information de contexte,Choix ou relation technologique,Vulnérabilités / exposition,Co-délivrance / réseau,Non établi,Non établi,Actuel au 2026-07-21,IRONIE Expertise Cybersécurité,Public
SIG-PUB-IRONIE-018,Besoin client observable,46189.5,IRONIE Expertise Cybersécurité,"IRONIE déclare accompagner chaque semaine des TPE, PME et ETI confrontées à des menaces et exigences réglementaires comparables à celles des grands groupes sans disposer des mêmes ressources.",SRC-PUB-IRONIE-007,01_sources_brutes/02_publiques_primaires/2026-07-21_IRONIE_cyberlig.html,"Chaque semaine, nous accompagnons des TPE, PME et ETI confrontées à des enjeux de cybersécurité de plus en plus complexes. Entre l’évolution constante des menaces et les nouvelles exigences réglementaires comme #NIS2 ou le #CRA (Cyber Resilience Act), les organisations doivent faire face à des défis comparables à ceux des grands groupes, sans toujours disposer des mêmes ressources.",Déclaration d’un client ou partenaire,Moyenne — étude de cas ou partenaire,Public — mutualisable,Citation courte / analyse seulement,À valider,Aucun doublon substantiel détecté,Aucune contradiction directe détectée,46224.5,Codex,Ne constitue pas une mesure du marché français.,DEMANDE_MSP,Besoins clients,Contraintes de ressources,Information de contexte,Demande observable du MSP,IAM / accès,Non établi,Non établi,TPE; PME; ETI,Actuel au 2026-07-21,IRONIE Expertise Cybersécurité,Public
SIG-PUB-IRONIE-019,Évolution de service / organisation,46168.5,IRONIE Expertise Cybersécurité,IRONIE présente l’abandon du FortiClient VPN gratuit comme une évolution ouvrant plusieurs alternatives pour ses utilisateurs.,SRC-PUB-IRONIE-008,01_sources_brutes/02_publiques_primaires/2026-07-21_IRONIE_forticlient-options.html,"La tendance est visible depuis quelques temps déjà. Fortinet abandonne le FortiClient gratuit dédié au VPN (dit Free, ou VPN-Only). Vous aviez alors trois alternatives pour cela. Avec une quatrième qui vient poindre.",Déclaration de l’acteur,Moyenne — déclaration primaire non auditée,Public — mutualisable,Citation courte / analyse seulement,À valider,Aucun doublon substantiel détecté,Aucune contradiction directe détectée,46224.5,Codex,"Les MOQ 25/50 décrits dans la source sont des minima produits, pas un tarif ou engagement IRONIE ; l’offre d’accompagnement reste archivée dans la source.",DEMANDE_MSP,Choix technologique,Migration FortiClient,Valeur analytique forte,Évolution de service ou d’organisation,IAM / accès,Non établi,Forfait par poste,Entreprises — taille non établie,Actuel au 2026-07-21,IRONIE Expertise Cybersécurité,Public
SIG-PUB-XEFI-CANNES-001,Information de contexte,46217.5,XEFI Cannes,France Num décrit XEFI Cannes comme une structure de 1 ou 2 salariés intervenant à l’échelle départementale.,SRC-PUB-XEFI-CANNES-001,01_sources_brutes/02_publiques_primaires/2026-07-21_XEFI-Cannes_francenum.html,Taille 1 ou 2 salariés Périmètre d’intervention Département,Fait démontré,Élevée — preuve primaire directe,Public — mutualisable,Citation courte / analyse seulement,À valider,Aucun doublon substantiel détecté,Aucune contradiction directe détectée,46224.5,Codex,Ne pas attribuer à l’agence une capacité du réseau sans preuve locale.,DEMANDE_MSP,Organisation,Taille observable,Information de contexte,Information de contexte,Organisation / croissance,Échelle opérationnelle,Non établi,TPE; PME,Actuel au 2026-07-21,XEFI ou XEFI Cannes selon la source,Public
SIG-PUB-XEFI-CANNES-002,Mode de commercialisation,46217.5,XEFI Cannes,"XEFI Cannes publie une offre locale couvrant maintenance, cybersécurité, cloud, sauvegarde et support, avec gestion des dossiers d’aide.",SRC-PUB-XEFI-CANNES-001,01_sources_brutes/02_publiques_primaires/2026-07-21_XEFI-Cannes_francenum.html,"XEFI Cannes accompagne les TPE et PME des Alpes-Maritimes dans leur transition numérique. Nous proposons des solutions de proximité en maintenance informatique, cybersécurité, cloud, sauvegarde et support. Notre mission : offrir un service réactif, humain et subventionnable, tout en assurant la gestion complète des dossiers d’aide pour simplifier la vie des dirigeants.",Déclaration de l’acteur,Moyenne — déclaration primaire non auditée,Public — mutualisable,Citation courte / analyse seulement,À valider,Aucun doublon substantiel détecté,Aucune contradiction directe détectée,46224.5,Codex,Ne pas attribuer à l’agence une capacité du réseau sans preuve locale.,DEMANDE_MSP,Go-to-market,Guichet de proximité et aides,Information de contexte,Commercialisation et packaging,Sauvegarde / PRA,Support / escalade; Commercialisation / contractualisation,Abonnement / service récurrent,TPE; PME,Actuel au 2026-07-21,XEFI ou XEFI Cannes selon la source,Public
SIG-PUB-XEFI-CANNES-003,Logique d’assemblage / packaging,46217.5,XEFI Cannes,"L’agence déclare intégrer dans son offre locale firewall UTM, antivirus managé, filtrage web, supervision 24/7 et sauvegarde hybride.",SRC-PUB-XEFI-CANNES-001,01_sources_brutes/02_publiques_primaires/2026-07-21_XEFI-Cannes_francenum.html,"Nous intégrons des solutions de cybersécurité (firewall UTM, antivirus managé, filtrage web, supervision 24/7), de sauvegarde hybride (locale et cloud), ainsi que des environnements virtualisés.",Déclaration de l’acteur,Moyenne — déclaration primaire non auditée,Public — mutualisable,Citation courte / analyse seulement,À valider,Aucun doublon substantiel détecté,Aucune contradiction directe détectée,46224.5,Codex,Ne pas attribuer à l’agence une capacité du réseau sans preuve locale.,DEMANDE_MSP,Services managés,Bundle cyber et continuité,Valeur analytique forte,Commercialisation et packaging,Sauvegarde / PRA,Opération continue / 24/7; Supervision / monitoring; Intégration / déploiement,Non établi,TPE; PME,Actuel au 2026-07-21,XEFI ou XEFI Cannes selon la source,Public
SIG-PUB-XEFI-CANNES-004,Information de contexte,46217.5,XEFI Cannes,XEFI Cannes présente la gestion complète des dossiers d’aide comme un élément de son accompagnement local.,SRC-PUB-XEFI-CANNES-001,01_sources_brutes/02_publiques_primaires/2026-07-21_XEFI-Cannes_francenum.html,"Notre mission : offrir un service réactif, humain et subventionnable, tout en assurant la gestion complète des dossiers d’aide pour simplifier la vie des dirigeants.",Déclaration de l’acteur,Moyenne — déclaration primaire non auditée,Public — mutualisable,Citation courte / analyse seulement,À valider,Aucun doublon substantiel détecté,Aucune contradiction directe détectée,46224.5,Codex,Ne pas attribuer à l’agence une capacité du réseau sans preuve locale.,DEMANDE_MSP,Go-to-market,Aides et réduction de friction,Valeur analytique forte,Information de contexte,Multi-domaine,Non établi,Non établi,TPE; PME,Actuel au 2026-07-21,XEFI ou XEFI Cannes selon la source,Public
SIG-PUB-XEFI-CANNES-005,Information de contexte,45657.5,XEFI Cannes,"Une référence France Num attribue à XEFI Cannes un projet combinant serveur dédié, gestion centralisée des postes, pare-feu, sauvegarde hybride et renouvellement du parc.",SRC-PUB-XEFI-CANNES-001,01_sources_brutes/02_publiques_primaires/2026-07-21_XEFI-Cannes_francenum.html,Déploiement d’un serveur physique dédié avec gestion centralisée des postes Mise en place d’un pare-feu professionnel Configuration d’un système de sauvegarde hybride Renouvellement complet du parc informatique Mise en conformité avec un plan de relance numérique,Déclaration d’un client ou partenaire,Moyenne — étude de cas ou partenaire,Public — mutualisable,Citation courte / analyse seulement,À valider,Aucun doublon substantiel détecté,Aucune contradiction directe détectée,46224.5,Codex,Ne pas attribuer à l’agence une capacité du réseau sans preuve locale.,DEMANDE_MSP,Clients,Projet local multi-briques,Valeur analytique forte,Information de contexte,Sauvegarde / PRA,Pilotage / gouvernance,Forfait par poste,Entreprises — taille non établie,Actuel au 2026-07-21,XEFI ou XEFI Cannes selon la source,Public
SIG-PUB-XEFI-CANNES-006,Information de contexte,46224.5,XEFI Cannes,"L’agence publie des horaires de bureau en semaine, avec fermeture le week-end ; ces horaires ne constituent pas un SLA de support.",SRC-PUB-XEFI-CANNES-002,01_sources_brutes/02_publiques_primaires/2026-07-21_XEFI-Cannes_agence.html,Lundi 08:30-12:00 13:30-18:00 Mardi 08:30-12:00 13:30-18:00 Mercredi 08:30-12:00 13:30-18:00 Jeudi 08:30-12:00 13:30-18:00 Vendredi 08:30-12:00 13:30-17:00 Samedi Fermé Dimanche Fermé,Déclaration de l’acteur,Moyenne — déclaration primaire non auditée,Public — mutualisable,Citation courte / analyse seulement,À valider,Aucun doublon substantiel détecté,Aucune contradiction directe détectée,46224.5,Codex,Les horaires du support contractuel et les astreintes restent non établis.,DEMANDE_MSP,Support,Horaires de l’agence,Information de contexte,Information de contexte,Support / infogérance,Support / escalade,Non établi,Entreprises — taille non établie,Actuel au 2026-07-21,XEFI ou XEFI Cannes selon la source,Public
SIG-PUB-XEFI-CANNES-007,Information de contexte,46224.5,XEFI Cannes,"La page locale commercialise la sécurisation des données dans des datacenters XEFI certifiés, sans attribuer ces infrastructures à l’agence.",SRC-PUB-XEFI-CANNES-002,01_sources_brutes/02_publiques_primaires/2026-07-21_XEFI-Cannes_agence.html,"Notre agence XEFI Cannes, située en Provence-Alpes-Côte d’Azur, dans le département Alpes-Maritimes et dans la ville de Vallauris, est votre guichet unique pour tous vos besoins en informatique, bureautique, logiciel, location et vente d’imprimantes, copieurs, messagerie sécurisée et sécurisation de données dans nos datacenters hautement certifiés afin d’améliorer la performance de votre société.",Déclaration de l’acteur,Moyenne — déclaration primaire non auditée,Public — mutualisable,Citation courte / analyse seulement,À valider,Aucun doublon substantiel détecté,Aucune contradiction directe détectée,46224.5,Codex,Ne pas attribuer à l’agence une capacité du réseau sans preuve locale.,DEMANDE_MSP,Modèle agence-réseau,Infrastructure mutualisée,Valeur analytique forte,Information de contexte,Cloud / collaboration,Co-délivrance / réseau; Commercialisation / contractualisation,Non établi,TPE; PME,Actuel au 2026-07-21,XEFI ou XEFI Cannes selon la source,Public
SIG-PUB-XEFI-CANNES-008,Capacité opérationnelle,45973.5,XEFI Cannes,XEFI décrit conjointement l’agence de proximité et les experts Datacenters pour la maintenance des infrastructures cloud.,SRC-PUB-XEFI-CANNES-003,01_sources_brutes/02_publiques_primaires/2026-07-21_XEFI_reseau-national.html,"Non ! Votre agence de proximité ainsi que nos experts Datacenters nous permettent de s’occuper pour vous de la maintenance de vos infrastructures Cloud. Au quotidien, nous vous sécurisons et maintenons, sans actions nécessaires de votre part.",Déclaration de l’acteur,Moyenne — déclaration primaire non auditée,Public — mutualisable,Citation courte / analyse seulement,À valider,Aucun doublon substantiel détecté,Aucune contradiction directe détectée,46224.5,Codex,Ne pas attribuer à l’agence une capacité du réseau sans preuve locale.,DEMANDE_MSP,Modèle agence-réseau,Co-délivrance cloud déclarée,Valeur analytique forte,Capacité opérationnelle du MSP,Cloud / collaboration,Co-délivrance / réseau; Capacité humaine / compétences,Non établi,Entreprises — taille non établie,Actuel au 2026-07-21,XEFI ou XEFI Cannes selon la source,Public
SIG-PUB-XEFI-CANNES-009,Modèle économique,46183.5,XEFI Cannes,Le contrat national de maintenance est présenté comme tout inclus et facturé sous forme de mensualités fixes.,SRC-PUB-XEFI-CANNES-011,01_sources_brutes/02_publiques_primaires/2026-07-21_XEFI_maintenance-expert.html,"Chez XEFI, nous proposons une maintenance informatique tout inclus : pièces, main-d’œuvre et déplacements inclus. Le tout est proposé sous forme de mensualités fixes, sans frais cachés. Cette approche permet à nos clients de bénéficier d’un service complet, tout en gardant une parfaite visibilité sur leurs dépenses informatiques.",Déclaration de l’acteur,Moyenne — déclaration primaire non auditée,Public — mutualisable,Citation courte / analyse seulement,À valider,Aucun doublon substantiel détecté,Aucune contradiction directe détectée,46224.5,Codex,Applicabilité exacte à XEFI Cannes et conditions locales à valider.,DEMANDE_MSP,Packaging,Mensualité fixe tout inclus,Valeur analytique forte,Commercialisation et packaging,Support / infogérance,Commercialisation / contractualisation,Forfait / prix fixe,TPE; PME,Actuel au 2026-07-21,XEFI ou XEFI Cannes selon la source,Public
SIG-PUB-XEFI-CANNES-010,Information de contexte,45874.5,XEFI Cannes,"Le catalogue national annonce une intervention sur site entre 4 et 36 heures selon la sévérité, sans preuve d’un engagement identique à Cannes.",SRC-PUB-XEFI-CANNES-004,01_sources_brutes/02_publiques_primaires/2026-07-21_XEFI_maintenance.html,Intervention sur site en cas de panne majeure (entre 4h et 36h selon la sévérité du problème),Déclaration de l’acteur,Moyenne — déclaration primaire non auditée,Public — mutualisable,Citation courte / analyse seulement,À valider,Aucun doublon substantiel détecté,Aucune contradiction directe détectée,46224.5,Codex,Ne pas attribuer à l’agence une capacité du réseau sans preuve locale.,DEMANDE_MSP,Support,Délai d’intervention réseau,Information de contexte,Information de contexte,Support / infogérance,Non établi,Forfait par poste,Entreprises — taille non établie,Actuel au 2026-07-21,XEFI ou XEFI Cannes selon la source,Public
SIG-PUB-XEFI-CANNES-011,Logique d’assemblage / packaging,46181.5,XEFI Cannes,"Le plan de protection XEFI organise la montée en gamme en trois niveaux : Basique, Renforcée et Avancée.",SRC-PUB-XEFI-CANNES-005,01_sources_brutes/02_publiques_primaires/2026-07-21_XEFI_diagnostic-cyber.html,"Le résultat permet de classer l’entreprise selon trois niveaux : Sécurité Basique, Renforcée ou Avancée.",Déclaration de l’acteur,Moyenne — déclaration primaire non auditée,Public — mutualisable,Citation courte / analyse seulement,À valider,Aucun doublon substantiel détecté,Aucune contradiction directe détectée,46224.5,Codex,Ne pas attribuer à l’agence une capacité du réseau sans preuve locale.,DEMANDE_MSP,Cybersécurité,Trois niveaux de protection,Valeur analytique forte,Commercialisation et packaging,Multi-domaine,Commercialisation / contractualisation,Non établi,TPE; PME,Actuel au 2026-07-21,XEFI ou XEFI Cannes selon la source,Public
SIG-PUB-XEFI-CANNES-012,Pilotage et priorisation,46181.5,XEFI Cannes,"Le diagnostic XEFI annonce prioriser les actions selon l’exposition, le budget et les risques du client.",SRC-PUB-XEFI-CANNES-005,01_sources_brutes/02_publiques_primaires/2026-07-21_XEFI_diagnostic-cyber.html,"Identifier les actions prioritaires en fonction de votre exposition réelle au risque. Plutôt que de multiplier les outils inutiles, le diagnostic cible les actions prioritaires selon votre exposition spécifique. Aide à la décision : Vous disposez d’un cadre clair pour choisir les bonnes actions en fonction de votre budget et de vos risques.",Déclaration de l’acteur,Moyenne — déclaration primaire non auditée,Public — mutualisable,Citation courte / analyse seulement,À valider,Aucun doublon substantiel détecté,Aucune contradiction directe détectée,46224.5,Codex,Ne pas attribuer à l’agence une capacité du réseau sans preuve locale.,DEMANDE_MSP,Sélection et arbitrage,"Budget, exposition et risque",Valeur analytique forte,Demande observable du MSP,Vulnérabilités / exposition,Pilotage / gouvernance; Multi-environnement / multi-éditeurs; Commercialisation / contractualisation,Non établi,TPE; PME,Actuel au 2026-07-21,XEFI ou XEFI Cannes selon la source,Public
SIG-PUB-XEFI-CANNES-013,Capacité opérationnelle,46183.5,XEFI Cannes,XEFI associe une sauvegarde hébergée et supervisée par le réseau à un accompagnement technique local.,SRC-PUB-XEFI-CANNES-007,01_sources_brutes/02_publiques_primaires/2026-07-21_XEFI_sauvegarde.html,"XEFI propose une offre de sauvegarde automatique et externalisée, déconnectée, supervisée quotidiennement et hébergée dans ses datacenters en France. Vous bénéficiez d’une restauration rapide, d’une sécurité renforcée et d’un accompagnement technique local .",Déclaration de l’acteur,Moyenne — déclaration primaire non auditée,Public — mutualisable,Citation courte / analyse seulement,À valider,Aucun doublon substantiel détecté,Aucune contradiction directe détectée,46224.5,Codex,Ne pas attribuer à l’agence une capacité du réseau sans preuve locale.,DEMANDE_MSP,Modèle agence-réseau,Co-délivrance sauvegarde,Valeur analytique forte,Capacité opérationnelle du MSP,SOC / MDR,Supervision / monitoring; Co-délivrance / réseau,Non établi,TPE; PME,Actuel au 2026-07-21,XEFI ou XEFI Cannes selon la source,Public
SIG-PUB-XEFI-CANNES-014,Information de contexte,46082.5,XEFI Cannes,Le rapport officiel décrit un réseau de plus de 190 agences et franchises proposant des solutions clés en main aux TPE/PME.,SRC-PUB-XEFI-CANNES-010,01_sources_brutes/02_publiques_primaires/2026-07-21_XEFI_rapport-mission-2024.pdf,"Les offres XEFI sont conçues pour servir de guichet unique aux TPE et PME, ce sont des solutions « clés en mains » et sans coûts cachés pour une transparence totale envers le client L’entreprise a su se développer en mettant en avant une relation de proximité, essentielle pour répondre avec rapidité. Avec plus de 190 agences et franchises en France et en Europe",Déclaration de l’acteur,Moyenne — déclaration primaire non auditée,Public — mutualisable,Citation courte / analyse seulement,À valider,Aucun doublon substantiel détecté,Aucune contradiction directe détectée,46224.5,Codex,Ne pas attribuer à l’agence une capacité du réseau sans preuve locale.,DEMANDE_MSP,Organisation,Réseau agences et franchises,Information de contexte,Information de contexte,Réseau / sécurité périmétrique,Co-délivrance / réseau,Non établi,TPE; PME,Actuel au 2026-07-21,XEFI ou XEFI Cannes selon la source,Public
SIG-PUB-XEFI-CANNES-015,Information de contexte,46183.5,XEFI Cannes,"XEFI cite proximité, SLA, transparence et expertise comme critères de choix d’un prestataire IT.",SRC-PUB-XEFI-CANNES-009,01_sources_brutes/02_publiques_primaires/2026-07-21_XEFI_externalisation-pme.html,"Les risques existent si le prestataire est mal choisi. D’où l’importance de critères comme la proximité, les SLA, la transparence et l’expertise.",Déclaration d’un client ou partenaire,Moyenne — étude de cas ou partenaire,Public — mutualisable,Citation courte / analyse seulement,À valider,Aucun doublon substantiel détecté,Aucune contradiction directe détectée,46224.5,Codex,Ne pas attribuer à l’agence une capacité du réseau sans preuve locale.,DEMANDE_MSP,Sélection fournisseurs,Critères recommandés,Information de contexte,Information de contexte,Multi-domaine,Capacité humaine / compétences; Conseil / sélection,Non établi,TPE; PME,Actuel au 2026-07-21,XEFI ou XEFI Cannes selon la source,Public
SIG-PUB-ALMERIA-001,Information de contexte,46224.5,Almeria Solutions Informatiques,"Almeria déclare réunir 80 collaborateurs et couvrir logiciels de gestion, infrastructures, réseaux, télécoms et liens internet, de l’audit à l’infogérance.",SRC-PUB-ALMERIA-001,01_sources_brutes/02_publiques_primaires/2026-07-21_ALMERIA_prestataire-informatique.html,"Almeria Solutions Informatiques, créé en 1985, est un acteur majeur des services informatiques et du conseil aux entreprises dans l’Ouest de la France. Avec 80 collaborateurs, dont 9 actionnaires, Almeria propose des logiciels de gestion performants, des solutions d’infrastructures et réseaux, ainsi que des services de télécoms et liens internet. Notre accompagnement complet, de l’audit à l’infogérance, fait d’Almeria un véritable partenaire de confiance pour gérer tous les aspects votre système informatique.",Déclaration de l’acteur,Moyenne — déclaration primaire non auditée,Public — mutualisable,Citation courte / analyse seulement,À valider,Aucun doublon substantiel détecté après nettoyage Services/Signaux,Aucune contradiction directe détectée,46224.5,Codex,Ne constitue pas une preuve de rentabilité ni d’usage généralisé.,DEMANDE_MSP,Positionnement,Guichet IT régional,Information de contexte,Information de contexte,Vulnérabilités / exposition,Pilotage / gouvernance; Co-délivrance / réseau,Forfait par poste,Entreprises — taille non établie,Actuel au 2026-07-21,Almeria Solutions Informatiques,Public
SIG-PUB-ALMERIA-002,Évolution de service / organisation,46224.5,Almeria Solutions Informatiques,"Almeria répartit ses équipes entre trois agences dans les départements 44, 49 et 85 afin de soutenir une proposition de proximité.",SRC-PUB-ALMERIA-001,01_sources_brutes/02_publiques_primaires/2026-07-21_ALMERIA_prestataire-informatique.html,"Pour être au plus proche de nos clients, nos équipes sont réparties dans nos 3 agences du 44, du 49 et du 85.",Déclaration de l’acteur,Moyenne — déclaration primaire non auditée,Public — mutualisable,Citation courte / analyse seulement,À valider,Aucun doublon substantiel détecté après nettoyage Services/Signaux,Aucune contradiction directe détectée,46224.5,Codex,Ne constitue pas une preuve de rentabilité ni d’usage généralisé.,DEMANDE_MSP,Go-to-market,Maillage régional,Information de contexte,Évolution de service ou d’organisation,Support / infogérance,Capacité humaine / compétences,Non établi,TPE; PME,Actuel au 2026-07-21,Almeria Solutions Informatiques,Public
SIG-PUB-ALMERIA-003,Logique d’assemblage / packaging,46224.5,Almeria Solutions Informatiques,Le plan d’infogérance publié par Almeria débute par un audit et est dimensionné selon les besoins et objectifs du client.,SRC-PUB-ALMERIA-002,01_sources_brutes/02_publiques_primaires/2026-07-21_ALMERIA_infogerance.html,"L’infogérance informatique débute par un audit précis de votre système. Ce processus essentiel permet d’identifier les points forts de votre infrastructure informatique actuelle et les domaines nécessitant des améliorations. Chez Almeria, nous comprenons que chaque entreprise est unique. C’est pourquoi nous proposons un audit sur mesure, afin d’établir un plan d’infogérance informatique qui réponde exactement à vos besoins et objectifs spécifiques",Déclaration de l’acteur,Moyenne — déclaration primaire non auditée,Public — mutualisable,Citation courte / analyse seulement,À valider,Aucun doublon substantiel détecté après nettoyage Services/Signaux,Aucune contradiction directe détectée,46224.5,Codex,Ne constitue pas une preuve de rentabilité ni d’usage généralisé.,DEMANDE_MSP,Infogérance,Audit préalable et personnalisation,Valeur analytique forte,Commercialisation et packaging,Vulnérabilités / exposition,Pilotage / gouvernance; Commercialisation / contractualisation,Sur mesure,Entreprises — taille non établie,Actuel au 2026-07-21,Almeria Solutions Informatiques,Public
SIG-PUB-ALMERIA-004,Capacité opérationnelle,46224.5,Almeria Solutions Informatiques,Almeria déclare combiner des interventions proactives sur site avec la prise en charge de l’administration du parc.,SRC-PUB-ALMERIA-002,01_sources_brutes/02_publiques_primaires/2026-07-21_ALMERIA_infogerance.html,"Ce service vous permet de bénéficier d’interventions proactives sur site pour optimiser le fonctionnement de votre infrastructure, d’anticiper les pannes et de vous décharger de l’administration du parc informatique.",Déclaration de l’acteur,Moyenne — déclaration primaire non auditée,Public — mutualisable,Citation courte / analyse seulement,À valider,Aucun doublon substantiel détecté après nettoyage Services/Signaux,Aucune contradiction directe détectée,46224.5,Codex,Ne constitue pas une preuve de rentabilité ni d’usage généralisé.,DEMANDE_MSP,Opérations,Présence sur site,Valeur analytique forte,Capacité opérationnelle du MSP,Support / infogérance,Non établi,Contrat / accord-cadre,Entreprises — taille non établie,Actuel au 2026-07-21,Almeria Solutions Informatiques,Public
SIG-PUB-ALMERIA-005,Logique d’assemblage / packaging,46224.5,Almeria Solutions Informatiques,Almeria indique que le rythme des visites de maintenance préventive est défini selon les besoins du client.,SRC-PUB-ALMERIA-002,01_sources_brutes/02_publiques_primaires/2026-07-21_ALMERIA_infogerance.html,Le rythme de nos visites dans votre entreprise est défini en fonction de vos besoins. Cette maintenance préventive régulière anticipe les pannes et contribue à sécuriser votre système.,Déclaration de l’acteur,Moyenne — déclaration primaire non auditée,Public — mutualisable,Citation courte / analyse seulement,À valider,Aucun doublon substantiel détecté après nettoyage Services/Signaux,Aucune contradiction directe détectée,46224.5,Codex,Ne constitue pas une preuve de rentabilité ni d’usage généralisé.,DEMANDE_MSP,Infogérance,Cadence personnalisée,Information de contexte,Commercialisation et packaging,Support / infogérance,Commercialisation / contractualisation,Non établi,Entreprises — taille non établie,Actuel au 2026-07-21,Almeria Solutions Informatiques,Public
SIG-PUB-ALMERIA-006,Organisation du support,46224.5,Almeria Solutions Informatiques,"Almeria privilégie un interlocuteur unique et la présence régulière d’un expert pour le suivi des infrastructures, applicatifs, matériels et de la sécurité.",SRC-PUB-ALMERIA-002,01_sources_brutes/02_publiques_primaires/2026-07-21_ALMERIA_infogerance.html,"Qu’il s’agisse du suivi de l’infrastructure réseau, du suivi du déploiement d’applicatifs, de matériels ou de la sécurisation de votre système d’information, Almeria privilégie un interlocuteur unique. Vos collaborateurs peuvent ainsi compter sur une présence régulière d’un expert pour lui soumettre leurs besoins.",Déclaration de l’acteur,Moyenne — déclaration primaire non auditée,Public — mutualisable,Citation courte / analyse seulement,À valider,Aucun doublon substantiel détecté après nettoyage Services/Signaux,Aucune contradiction directe détectée,46224.5,Codex,Ne constitue pas une preuve de rentabilité ni d’usage généralisé.,DEMANDE_MSP,Support,Interlocuteur unique,Valeur analytique forte,Capacité opérationnelle du MSP,Support / infogérance,Support / escalade; Capacité humaine / compétences,Forfait par poste,Entreprises — taille non établie,Actuel au 2026-07-21,Almeria Solutions Informatiques,Public
SIG-PUB-ALMERIA-007,Automatisation / outillage,46224.5,Almeria Solutions Informatiques,Almeria met à disposition de ses clients un portail de suivi des tickets qu’elle déclare avoir développé.,SRC-PUB-ALMERIA-004,01_sources_brutes/02_publiques_primaires/2026-07-21_ALMERIA_assistance-en-ligne.html,"Le portail de suivi de tickets développé par Almeria, pensé pour nos clients !",Déclaration de l’acteur,Moyenne — déclaration primaire non auditée,Public — mutualisable,Citation courte / analyse seulement,À valider,Aucun doublon substantiel détecté après nettoyage Services/Signaux,Aucune contradiction directe détectée,46224.5,Codex,Ne constitue pas une preuve de rentabilité ni d’usage généralisé.,DEMANDE_MSP,Support,Portail propriétaire,Valeur analytique forte,Capacité opérationnelle du MSP,Support / infogérance,Support / escalade; Automatisation / orchestration; Échelle opérationnelle,Non établi,Entreprises — taille non établie,Actuel au 2026-07-21,Almeria Solutions Informatiques,Public
SIG-PUB-ALMERIA-009,Information de contexte,46224.5,Almeria Solutions Informatiques,"Certains contrats Premium d’Almeria annoncent une ouverture de la hotline dès 7 h 30 et des délais de rappel garantis, sans publier ces délais.",SRC-PUB-ALMERIA-004,01_sources_brutes/02_publiques_primaires/2026-07-21_ALMERIA_assistance-en-ligne.html,Certains de nos contrats d’assistance garantissent des délais de rappels et proposent des heures d’ouverture spécifiques (hotline ouverte dès 7h30 pour les contrats Premium).,Déclaration de l’acteur,Moyenne — déclaration primaire non auditée,Public — mutualisable,Citation courte / analyse seulement,À valider,Aucun doublon substantiel détecté après nettoyage Services/Signaux,Aucune contradiction directe détectée,46224.5,Codex,Ne constitue pas une preuve de rentabilité ni d’usage généralisé.,DEMANDE_MSP,Support,Différenciation Premium,Information de contexte,Information de contexte,Multi-domaine,Support / escalade; Commercialisation / contractualisation,Contrat / accord-cadre,Entreprises — taille non établie,Actuel au 2026-07-21,Almeria Solutions Informatiques,Public
SIG-PUB-ALMERIA-010,Automatisation / outillage,46224.5,Almeria Solutions Informatiques,Almeria déclare assurer la supervision des infrastructures au moyen de procédés automatisés.,SRC-PUB-ALMERIA-003,01_sources_brutes/02_publiques_primaires/2026-07-21_ALMERIA_services-techniques.html,Nous assurons la supervision de votre infrastructure grâce à un ensemble de procédés automatisés.,Déclaration de l’acteur,Moyenne — déclaration primaire non auditée,Public — mutualisable,Citation courte / analyse seulement,À valider,Aucun doublon substantiel détecté après nettoyage Services/Signaux,Aucune contradiction directe détectée,46224.5,Codex,Ne constitue pas une preuve de rentabilité ni d’usage généralisé.,DEMANDE_MSP,Opérations,Supervision automatisée,Valeur analytique forte,Capacité opérationnelle du MSP,Support / infogérance,Supervision / monitoring; Automatisation / orchestration,Non établi,Entreprises — taille non établie,Actuel au 2026-07-21,Almeria Solutions Informatiques,Public
SIG-PUB-ALMERIA-011,Évolution de service / organisation,46224.5,Almeria Solutions Informatiques,"Almeria structure désormais son offre cybersécurité autour de quatre piliers : protéger, contrôler, réagir et piloter.",SRC-PUB-ALMERIA-005,01_sources_brutes/02_publiques_primaires/2026-07-21_ALMERIA_cybersecurite.html,"Parce que chaque organisation a des priorités différentes, nous avons structuré notre offre autour de 4 piliers essentiels : Protéger & défendre Sécurité des postes et serveurs, réseau, authentification, accès distants, messagerie, infrastructure et cloud Mettez en place des solutions de protection avancées pour sécuriser vos environnements et prévenir les attaques. > EN SAVOIR PLUS Contrôler & évaluer Audits et tests d’intrusion Identifiez vos vulnérabilités avant qu’elles ne soient exploitées. Nos experts réalisent des audits complets et des tests d’intrusion pour évaluer la robustesse de votre système. > EN SAVOIR PLUS Réagir & Rebondir Plan de continuité et reprise d’activité, supervision, réponse à incident Soyez prêt à faire face à l’imprévu. Nous vous aidons à réagir rapidement et à restaurer vos activités en cas d’incident. > EN SAVOIR PLUS Piloter & Sensibiliser Gouvernance SSI, sensibilisation, accompagnement stratégique",Déclaration de l’acteur,Moyenne — déclaration primaire non auditée,Public — mutualisable,Citation courte / analyse seulement,À valider,Aucun doublon substantiel détecté après nettoyage Services/Signaux,Aucune contradiction directe détectée,46224.5,Codex,Ne constitue pas une preuve de rentabilité ni d’usage généralisé.,DEMANDE_MSP,Cybersécurité,Architecture en quatre piliers,Valeur analytique forte,Évolution de service ou d’organisation,Multi-domaine,Pilotage / gouvernance; Commercialisation / contractualisation,Contrat / accord-cadre,PME,Actuel au 2026-07-21,Almeria Solutions Informatiques,Public
SIG-PUB-ALMERIA-012,Segment client,46224.5,Almeria Solutions Informatiques,Almeria déclare adapter ses solutions cyber au niveau de maturité et à la taille de la structure cliente.,SRC-PUB-ALMERIA-005,01_sources_brutes/02_publiques_primaires/2026-07-21_ALMERIA_cybersecurite.html,"Notre équipe dédiée, experte en sécurité informatique, propose des solutions adaptées à votre niveau de maturité et à la taille de votre structure. Que vous soyez une PME ou un grand groupe, nous construisons avec vous une stratégie efficace et durable.",Déclaration de l’acteur,Moyenne — déclaration primaire non auditée,Public — mutualisable,Citation courte / analyse seulement,À valider,Aucun doublon substantiel détecté après nettoyage Services/Signaux,Aucune contradiction directe détectée,46224.5,Codex,Ne constitue pas une preuve de rentabilité ni d’usage généralisé.,DEMANDE_MSP,Go-to-market,Segmentation par maturité et taille,Information de contexte,Information de contexte,Multi-domaine,Non établi,Sur mesure,PME; Grands comptes,Actuel au 2026-07-21,Almeria Solutions Informatiques,Public
SIG-PUB-ALMERIA-013,Capacité opérationnelle,46224.5,Almeria Solutions Informatiques,"Pour le cloud, Almeria déclare s’appuyer sur les datacenters d’Etix tout en restant propriétaire de ses serveurs et capable d’intervenir sur site.",SRC-PUB-ALMERIA-008,01_sources_brutes/02_publiques_primaires/2026-07-21_ALMERIA_datacenters-nantes.html,"Pour sa prestation Cloud, Almeria a noué un partenariat avec ETIX, un opérateur régional de premier plan en terme de Datacenters. Almeria est propriétaire de ses serveurs, qui sont soumis aux lois françaises, et sur lesquels nos équipes sont en capacité d’intervenir rapidement sur site.",Déclaration de l’acteur,Moyenne — déclaration primaire non auditée,Public — mutualisable,Citation courte / analyse seulement,À valider,Aucun doublon substantiel détecté après nettoyage Services/Signaux,Aucune contradiction directe détectée,46224.5,Codex,Ne constitue pas une preuve de rentabilité ni d’usage généralisé.,DEMANDE_MSP,Cloud,Co-délivrance Almeria–Etix,Valeur analytique forte,Choix ou relation technologique,Cloud / collaboration,Co-délivrance / réseau,Forfait par poste,TPE; PME,Actuel au 2026-07-21,Almeria Solutions Informatiques,Public
SIG-PUB-ALMERIA-014,Modèle économique,46224.5,Almeria Solutions Informatiques,"L’offre cloud publie un SLA de continuité de 99,7 % et une durée d’engagement présentée comme courte.",SRC-PUB-ALMERIA-008,01_sources_brutes/02_publiques_primaires/2026-07-21_ALMERIA_datacenters-nantes.html,une continuité de fonctionnement garantie par contrat SLA de 99.7% une durée d’engagement courte,Déclaration de l’acteur,Moyenne — déclaration primaire non auditée,Public — mutualisable,Citation courte / analyse seulement,À valider,Aucun doublon substantiel détecté après nettoyage Services/Signaux,Aucune contradiction directe détectée,46224.5,Codex,Ne constitue pas une preuve de rentabilité ni d’usage généralisé.,DEMANDE_MSP,Cloud,SLA et engagement,Valeur analytique forte,Commercialisation et packaging,Sauvegarde / PRA,Opération continue / 24/7; Commercialisation / contractualisation,Non établi,Entreprises — taille non établie,Actuel au 2026-07-21,Almeria Solutions Informatiques,Public
SIG-PUB-ALMERIA-016,Capacité opérationnelle,46224.5,Almeria Solutions Informatiques,"Almeria déclare que ses équipes interviennent sur incident pour qualifier, contenir, analyser, remédier et tirer un retour d’expérience.",SRC-PUB-ALMERIA-007,01_sources_brutes/02_publiques_primaires/2026-07-21_ALMERIA_reagir-rebondir.html,"En cas d’attaque (phishing, ransomware, compromission de compte, exfiltration de données), nos équipes interviennent rapidement pour limiter les impacts : Qualification et containment : isolation des systèmes infectés, révocation des tokens compromis, réinitialisation des MFA pour bloquer l’attaquant. Analyse forensique : collecte des preuves, reconstitution de la timeline des événements et identification des vecteurs d’attaque. Remédiation : corrections techniques, réinitialisations, purges des systèmes et durcissement des configurations pour éviter une récidive. Retour d’expérience : mise à jour des politiques, ajustement des contrôles et recommandations pour renforcer la posture de sécurité.",Déclaration de l’acteur,Moyenne — déclaration primaire non auditée,Public — mutualisable,Citation courte / analyse seulement,À valider,Aucun doublon substantiel détecté après nettoyage Services/Signaux,Aucune contradiction directe détectée,46224.5,Codex,Ne constitue pas une preuve de rentabilité ni d’usage généralisé.,DEMANDE_MSP,Services managés cyber,Réponse à incident,Valeur analytique forte,Capacité opérationnelle du MSP,Réponse à incident,Capacité humaine / compétences; Réponse à incident,Contrat / accord-cadre,Entreprises — taille non établie,Actuel au 2026-07-21,Almeria Solutions Informatiques,Public
SIG-PUB-ALMERIA-017,Recrutement / compétences,46224.5,Almeria Solutions Informatiques,Almeria présente ses alternants comme de futurs collaborateurs et dit les préparer à un CDI.,SRC-PUB-ALMERIA-010,01_sources_brutes/02_publiques_primaires/2026-07-21_ALMERIA_recrutement.html,"Nos alternants ne sont pas seulement des étudiants, ce sont nos futurs collaborateurs. Nous formons nos alternants avec un objectif clair : les préparer pour un CDI chez Almeria.",Déclaration de l’acteur,Moyenne — déclaration primaire non auditée,Public — mutualisable,Citation courte / analyse seulement,À valider,Aucun doublon substantiel détecté après nettoyage Services/Signaux,Aucune contradiction directe détectée,46224.5,Codex,Ne constitue pas une preuve de rentabilité ni d’usage généralisé.,DEMANDE_MSP,Compétences,Filière alternance vers CDI,Information de contexte,Information de contexte,IAM / accès,Capacité humaine / compétences,Forfait par poste,Non établi,Actuel au 2026-07-21,Almeria Solutions Informatiques,Public
SIG-PUB-ALMERIA-018,Recrutement / compétences,46224.5,Almeria Solutions Informatiques,"Almeria a créé un processus interne de formation des alternants à ses processus, produits et culture.",SRC-PUB-ALMERIA-010,01_sources_brutes/02_publiques_primaires/2026-07-21_ALMERIA_recrutement.html,"Pour accompagner au mieux nos alternants, nous avons lancé notre propre processus de formation interne. L’Almeri’Academie va au-delà de l’aspect théorique en les formant à nos processus, à nos produits et notre culture d’entreprise. Tous nos alternants sont suivis individuellement et régulièrement afin qu’ils se sentent accompagnés dans leurs études et préparés pour la suite.",Déclaration de l’acteur,Moyenne — déclaration primaire non auditée,Public — mutualisable,Citation courte / analyse seulement,À valider,Aucun doublon substantiel détecté après nettoyage Services/Signaux,Aucune contradiction directe détectée,46224.5,Codex,Ne constitue pas une preuve de rentabilité ni d’usage généralisé.,DEMANDE_MSP,Compétences,Almeri’Academie,Valeur analytique forte,Information de contexte,IAM / accès,Capacité humaine / compétences,Non établi,Non établi,Actuel au 2026-07-21,Almeria Solutions Informatiques,Public
SIG-PUB-ALMERIA-019,Relation technologique,46202.5,Almeria Solutions Informatiques,"Almeria annonce son engagement dans CyberLig, projet de campus cyber des Pays de la Loire.",SRC-PUB-ALMERIA-011,01_sources_brutes/02_publiques_primaires/2026-07-21_ALMERIA_blog.html,Almeria s’engage dans le projet cyberlig – campus cyber dans les pays de la loire,Déclaration de l’acteur,Moyenne — déclaration primaire non auditée,Public — mutualisable,Citation courte / analyse seulement,À valider,Aucun doublon substantiel détecté après nettoyage Services/Signaux,Aucune contradiction directe détectée,46224.5,Codex,Ne constitue pas une preuve de rentabilité ni d’usage généralisé.,DEMANDE_MSP,Écosystème,CyberLig,Information de contexte,Choix ou relation technologique,Multi-domaine,Échelle opérationnelle,Non établi,Entreprises — taille non établie,Actuel au 2026-07-21,Almeria Solutions Informatiques,Public
SIG-PUB-EIFFIE-001,Modèle économique,,Eiffie,Eiffie présente Eiffie 360 comme une offre tout inclus à coût mensuel maîtrisé.,SRC-PUB-EIFFIE-002,01_sources_brutes/02_publiques_primaires/2026-07-22_Eiffie_eiffie-360.html,Nous vous libérons des contraintes informatiques grâce à une offre tout inclus et aux coûts maîtrisés.,Déclaration de l’acteur,Moyenne — déclaration primaire non auditée,Public — mutualisable,Citation courte / analyse seulement,À valider,Aucun doublon substantiel détecté,Aucune contradiction détectée,2026-07-22,Codex,Durée d’engagement et contenu contractuel à valider.,DEMANDE_MSP,Modèle économique,Forfait mensuel tout inclus,Valeur analytique forte,Commercialisation et packaging,Support / infogérance,Non établi,Abonnement / service récurrent,TPE; PME,Actuel au 2026-07-22,Eiffie,Public
SIG-PUB-EIFFIE-002,Logique d’assemblage / packaging,,Eiffie,Eiffie 360 combine firewall de nouvelle génération et EDR pour construire une protection en profondeur.,SRC-PUB-EIFFIE-002,01_sources_brutes/02_publiques_primaires/2026-07-22_Eiffie_eiffie-360.html,"Votre sécurité informatique ne se limite pas à un simple Firewall. Chez Eiffie, nous combinons plusieurs technologies avancées pour protéger en profondeur votre infrastructure IT.",Déclaration de l’acteur,Moyenne — déclaration primaire non auditée,Public — mutualisable,Citation courte / analyse seulement,À valider,Aucun doublon substantiel détecté,Aucune contradiction détectée,2026-07-22,Codex,Technologies détaillées dans Services.,DEMANDE_MSP,Packaging cyber,Défense en profondeur,Valeur analytique forte,Commercialisation et packaging,Endpoint / poste de travail,Commercialisation / contractualisation,Forfait par poste,PME,Actuel au 2026-07-22,Eiffie,Public
SIG-PUB-EIFFIE-003,Capacité opérationnelle,,Eiffie,Une étude de cas WatchGuard attribue à Eiffie la gestion d’environ 1 400 postes et serveurs pour une soixantaine de clients.,SRC-PUB-EIFFIE-006,01_sources_brutes/02_publiques_primaires/2026-07-22_WatchGuard_Eiffie_case-study.html,Eiffie gère aujourd’hui environ 1400 postes et serveurs pour une soixantaine de clients.,Déclaration d’un client ou partenaire,Moyenne — étude de cas ou partenaire,Public — mutualisable,Citation courte / analyse seulement,À valider,Aucun doublon substantiel détecté,Aucune contradiction détectée,2026-07-22,Codex,Chiffres attribués à l’étude WatchGuard.,DEMANDE_MSP,Capacité,Parc et clients gérés,Information de contexte,Capacité opérationnelle du MSP,Endpoint / poste de travail,Échelle opérationnelle,Forfait par poste,TPE; PME,Date de l’étude non visible,WatchGuard / Eiffie,Public
SIG-PUB-EIFFIE-004,Critère de sélection technologique,,Eiffie,Le fondateur d’Eiffie indique rechercher des technologies simples à déployer et à maintenir plutôt que des solutions lourdes et complexes.,SRC-PUB-EIFFIE-006,01_sources_brutes/02_publiques_primaires/2026-07-22_WatchGuard_Eiffie_case-study.html,Nous avons besoin de technologies simples à déployer et à maintenir. On ne peut pas se permettre des solutions lourdes et complexes,Déclaration d’un client ou partenaire,Moyenne — étude de cas ou partenaire,Public — mutualisable,Citation courte / analyse seulement,À valider,Aucun doublon substantiel détecté,Aucune contradiction détectée,2026-07-22,Codex,Critère déclaré dans une source commanditée.,DEMANDE_MSP,Sélection technologique,Simplicité de déploiement et maintenance,Valeur analytique forte,Demande observable du MSP,SOC / MDR,Intégration / déploiement; Conseil / sélection,Forfait par poste,PME,Actuel selon l’étude,Julien Perret — Eiffie,Public
SIG-PUB-EIFFIE-005,Automatisation / outillage,,Eiffie,Eiffie présente la centralisation et l’automatisation du MDR comme un moyen d’éviter plusieurs consoles et de libérer du temps pour le conseil client.,SRC-PUB-EIFFIE-006,01_sources_brutes/02_publiques_primaires/2026-07-22_WatchGuard_Eiffie_case-study.html,"Pour Eiffie, cette automatisation est cruciale, car elle libère du temps pour se concentrer sur l’accompagnement stratégique de ses clients. « Cela nous évite d’avoir à jongler entre plusieurs consoles, ce qui serait ingérable avec une petite équipe »",Déclaration d’un client ou partenaire,Moyenne — étude de cas ou partenaire,Public — mutualisable,Citation courte / analyse seulement,À valider,Aucun doublon substantiel détecté,Aucune contradiction détectée,2026-07-22,Codex,Ne prouve pas la performance économique du service.,DEMANDE_MSP,Automatisation,Console unifiée et gain de temps,Valeur analytique forte,Capacité opérationnelle du MSP,SOC / MDR,Automatisation / orchestration,Forfait par poste,Entreprises — taille non établie,Actuel selon l’étude,Julien Perret — Eiffie,Public
SIG-PUB-EIFFIE-006,Information de contexte,,Eiffie,"Eiffie cite la réactivité, la compréhension des besoins et l’accès direct aux équipes avant-vente et techniques comme qualités recherchées chez WatchGuard.",SRC-PUB-EIFFIE-006,01_sources_brutes/02_publiques_primaires/2026-07-22_WatchGuard_Eiffie_case-study.html,"Cette simplicité est renforcée par une relation de proximité avec les équipes WatchGuard. Julien Perret loue la réactivité des équipes avant-vente et techniques, qui prennent le temps de comprendre les besoins spécifiques de ses clients.",Déclaration d’un client ou partenaire,Moyenne — étude de cas ou partenaire,Public — mutualisable,Citation courte / analyse seulement,À valider,Aucun doublon substantiel détecté,Aucune contradiction détectée,2026-07-22,Codex,Qualité du support non auditée indépendamment.,DEMANDE_MSP,Sélection fournisseur,Proximité et support éditeur,Valeur analytique forte,Information de contexte,IAM / accès,Capacité humaine / compétences,Non établi,PME,Actuel selon l’étude,Julien Perret — Eiffie,Public
SIG-PUB-EIFFIE-007,Besoin client observable,,Eiffie,Le fondateur d’Eiffie juge les offres SOC orientées grands comptes souvent inadaptées à l’économie des PME et présente le coût optimisé de WatchGuard comme mieux aligné.,SRC-PUB-EIFFIE-006,01_sources_brutes/02_publiques_primaires/2026-07-22_WatchGuard_Eiffie_case-study.html,"Je connais les offres SOC, plutôt orientées grands comptes, mais souvent inadaptées à la “réalité économique” des PME. WatchGuard est arrivé avec une solution cohérente et des coûts optimisés, ce qui colle parfaitement à ce que mes clients attendent",Déclaration de l’acteur,Moyenne — déclaration primaire non auditée,Public — mutualisable,Citation courte / analyse seulement,À valider,Aucun doublon substantiel détecté,Aucune contradiction détectée,2026-07-22,Codex,Ne constitue pas une mesure générale du marché.,DEMANDE_MSP,Besoins PME,Accessibilité économique du SOC,Valeur analytique forte,Demande observable du MSP,SOC / MDR,Capacité humaine / compétences,Forfait par poste,PME,Actuel selon l’étude,Julien Perret — Eiffie,Public
SIG-PUB-EIFFIE-008,Information de contexte,,Eiffie,"La documentation WatchGuard établit que le MDR est géré par le SOC WatchGuard et fourni aux partenaires, ce qui exclut de l’attribuer à un SOC propre d’Eiffie.",SRC-PUB-EIFFIE-008,01_sources_brutes/02_publiques_primaires/2026-07-22_WatchGuard_MDR_help.html,WatchGuard MDR est un service géré fourni par WatchGuard aux partenaires éligibles.,Fait démontré,Élevée — preuve primaire directe,Public — mutualisable,Citation courte / analyse seulement,À valider,Aucun doublon substantiel détecté,Aucune contradiction détectée,2026-07-22,Codex,Mode de livraison classé co-délivré ; contrat non public.,DEMANDE_MSP,Chaîne de livraison,SOC éditeur,Valeur analytique forte,Information de contexte,SOC / MDR,Co-délivrance / réseau; Commercialisation / contractualisation,Non établi,PME,Actuel au 2026-07-22,WatchGuard,Public
SIG-PUB-EIFFIE-009,Capacité opérationnelle,,Eiffie,"Le cas WatchGuard attribue au MDR déployé par Eiffie l’isolation automatique des postes compromis, des alertes par email et téléphone et des rapports hebdomadaires et mensuels.",SRC-PUB-EIFFIE-006,01_sources_brutes/02_publiques_primaires/2026-07-22_WatchGuard_Eiffie_case-study.html,"Grâce au MDR, certaines actions critiques sont menées automatiquement : en l’occurrence lorsqu’un poste est compromis, il est isolé du réseau sans délai. L’équipe reçoit une alerte par mail, et un appel téléphonique en cas de menace majeure. Cette réactivité permet de contenir rapidement les attaques sans mobiliser toute l’équipe. Des rapports hebdomadaires et mensuels, très détaillés, viennent compléter ce pilotage en apportant une vision claire de l’état de sécurité du parc.",Déclaration d’un client ou partenaire,Moyenne — étude de cas ou partenaire,Public — mutualisable,Citation courte / analyse seulement,À valider,Aucun doublon substantiel détecté,Aucune contradiction détectée,2026-07-22,Codex,Répartition exacte Eiffie/WatchGuard à valider.,DEMANDE_MSP,Opérations MDR,"Automatisation, alerte et reporting",Information de contexte,Capacité opérationnelle du MSP,SOC / MDR,Automatisation / orchestration; Réponse à incident,Abonnement / service récurrent,Entreprises — taille non établie,Actuel selon l’étude,WatchGuard / Eiffie,Public
SIG-PUB-EIFFIE-010,Mode de commercialisation,,Eiffie,Eiffie présente le MDR comme une surcouche 24/7/365 à ses services existants et comme une assurance plutôt qu’une dépense.,SRC-PUB-EIFFIE-006,01_sources_brutes/02_publiques_primaires/2026-07-22_WatchGuard_Eiffie_case-study.html,"Quant à l’aspect commercial, Eiffie présente le MDR comme une surcouche à ses services existants, une extension active 24/7/365, avec une présence humaine si besoin. « C’est la seule méthode pour être proactif en termes de cybersécurité et ne plus subir les attaques. Il faut le voir comme une assurance, pas comme une dépense »",Déclaration de l’acteur,Moyenne — déclaration primaire non auditée,Public — mutualisable,Citation courte / analyse seulement,À valider,Aucun doublon substantiel détecté,Aucune contradiction détectée,2026-07-22,Codex,Ne prouve ni rentabilité ni taux de conversion.,DEMANDE_MSP,Commercialisation,Surcouche MDR,Valeur analytique forte,Commercialisation et packaging,SOC / MDR,Opération continue / 24/7; Co-délivrance / réseau; Commercialisation / contractualisation,Non établi,PME,Actuel selon l’étude,Julien Perret — Eiffie,Public
SIG-PUB-EIFFIE-011,Évolution de service / organisation,,Eiffie,L’étude partenaire mentionne un nouveau portail MDR et une feuille de route incluant l’intégration de Microsoft Defender.,SRC-PUB-EIFFIE-006,01_sources_brutes/02_publiques_primaires/2026-07-22_WatchGuard_Eiffie_case-study.html,"Avec l’arrivée récente du nouveau portail MDR et une roadmap ambitieuse pour les mois à venir, dont l’intégration de Microsoft Defender par exemple, Eiffie anticipe encore plus de gains en efficacité et en transparence",Déclaration d’un client ou partenaire,Moyenne — étude de cas ou partenaire,Public — mutualisable,Citation courte / analyse seulement,À valider,Aucun doublon substantiel détecté,Aucune contradiction détectée,2026-07-22,Codex,Ne pas présenter Microsoft Defender comme déjà intégré chez Eiffie.,DEMANDE_MSP,Évolution d’offre,Portail MDR et Microsoft Defender,Information de contexte,Évolution de service ou d’organisation,SOC / MDR,Pilotage / gouvernance; Intégration / déploiement; Co-délivrance / réseau,Non établi,Entreprises — taille non établie,Mois à venir selon la source,WatchGuard / Eiffie,Public
SIG-PUB-EIFFIE-013,Automatisation / outillage,,Eiffie,Eiffie déclare surveiller continuellement les sauvegardes et faire intervenir son équipe en cas d’anomalie ou d’échec.,SRC-PUB-EIFFIE-004,01_sources_brutes/02_publiques_primaires/2026-07-22_Eiffie_sauvegarde-externalisee.html,"Nos services incluent la surveillance continue de vos systèmes de sauvegarde afin de garantir que chaque processus s’effectue correctement et sans erreur. En cas d’anomalie ou d’échec de sauvegarde, notre équipe intervient rapidement pour résoudre le problème",Déclaration de l’acteur,Moyenne — déclaration primaire non auditée,Public — mutualisable,Citation courte / analyse seulement,À valider,Aucun doublon substantiel détecté,Aucune contradiction détectée,2026-07-22,Codex,Ne prouve pas un support 24/7.,DEMANDE_MSP,Automatisation,Supervision des sauvegardes,Valeur analytique forte,Capacité opérationnelle du MSP,Sauvegarde / PRA,Opération continue / 24/7; Supervision / monitoring; Automatisation / orchestration,Non établi,PME,Actuel au 2026-07-22,Eiffie,Public
SIG-PUB-EIFFIE-015,Segment client,,Eiffie,"L’étude WatchGuard présente Eiffie comme un accompagnateur IT des TPE, PME et professions libérales.",SRC-PUB-EIFFIE-006,01_sources_brutes/02_publiques_primaires/2026-07-22_WatchGuard_Eiffie_case-study.html,"Quand Julien Perret crée Eiffie en 2013, il est animé par une volonté simple mais ambitieuse : offrir aux TPE, PME et professions libérales un accompagnement IT réactif et personnalisé.",Déclaration d’un client ou partenaire,Moyenne — étude de cas ou partenaire,Public — mutualisable,Citation courte / analyse seulement,À valider,Aucun doublon substantiel détecté,Aucune contradiction détectée,2026-07-22,Codex,"Contexte de cible, pas mesure de revenus.",DEMANDE_MSP,Go-to-market,"TPE, PME et professions libérales",Information de contexte,Information de contexte,Multi-domaine,Non établi,Forfait par poste,TPE; PME,Actuel selon l’étude,WatchGuard / Eiffie,Public
SIG-PUB-EIFFIE-016,Information de contexte,,Eiffie,Le fondateur d’Eiffie attribue à la politique de mises à jour et à l’automatisation une baisse d’environ trois quarts des incidents.,SRC-PUB-EIFFIE-006,01_sources_brutes/02_publiques_primaires/2026-07-22_WatchGuard_Eiffie_case-study.html,"On a fait chuter environ les trois quarts des incidents, grâce à la politique de mises à jour notamment, à l’automatisation et au fait que nous maîtrisons ce qui peut être installé",Déclaration de l’acteur,Moyenne — déclaration primaire non auditée,Public — mutualisable,Citation courte / analyse seulement,À valider,Aucun doublon substantiel détecté,Aucune contradiction détectée,2026-07-22,Codex,Ne pas généraliser au marché ni à tous les clients.,DEMANDE_MSP,Performance déclarée,Réduction des incidents,Information de contexte,Information de contexte,SOC / MDR,Automatisation / orchestration; Réponse à incident,Forfait par poste,Entreprises — taille non établie,Période non établie,Julien Perret — Eiffie,Public
SIG-PUB-NOMIOS-D001,Évolution de service / organisation,2026-07-22,Nomios,"Nomios structure son offre en trois piliers : GRC, services professionnels et services managés SOC, NOC et VOC.",SRC-PUB-NOMIOS-005,01_sources_brutes/02_publiques_primaires/2025-10-09_Nomios_intragen.html,"L’approche de Nomios s’articule autour de trois piliers de services. À travers son activité de GRC (Gouvernance, Risque et Conformité), le groupe propose un accompagnement stratégique et sur-mesure pour anticiper et maîtriser les risques cyber. Ses Professional Services couvrent l’intégration, le déploiement et l’optimisation de solutions de sécurité et de réseaux, garantissant des infrastructures robustes et performantes. Enfin, les Services Managés de Nomios assurent la supervision continue, la gestion et l’amélioration de la sécurité via ses Security Operations Centre (SOC), Network Operations Centre (NOC) et Vulnerability Operation Centre (VOC), garantissant des standards élevés de protection, de disponibilité et de continuité opérationnelle pour ses clients.",Déclaration de l’acteur,Moyenne — déclaration primaire non auditée,Public — mutualisable,Citation courte / analyse seulement,À valider,Chevauchement documenté avec le corpus OFFRE Nomios ; conservé pour la perspective DEMANDE_MSP,Aucune contradiction détectée,2026-07-22,Codex,,DEMANDE_MSP,Modèle de services,Trois piliers de livraison,Valeur analytique forte,Évolution de service ou d’organisation,SOC / MDR,Intégration / déploiement,Forfait par poste,Non établi,Actuel ou daté par la source,Nomios,Public
SIG-PUB-NOMIOS-D002,Évolution de service / organisation,2026-07-22,Nomios,"Le lancement du CSIRT complète la gouvernance, l’intégration et le SOC managé par une capacité d’intervention lors d’une attaque.",SRC-PUB-NOMIOS-001,01_sources_brutes/02_publiques_primaires/2026-03-16_Nomios_csirt.html,"Cette nouvelle offre de service vient compléter son dispositif existant en matière de gouvernance, d’intégration de solutions de sécurité et de SOC managé, afin de proposer aux entreprises une capacité d’intervention dédiée lors d’une attaque et dans les situations de crise les plus critiques.",Déclaration de l’acteur,Moyenne — déclaration primaire non auditée,Public — mutualisable,Citation courte / analyse seulement,À valider,Chevauchement documenté avec le corpus OFFRE Nomios ; conservé pour la perspective DEMANDE_MSP,Aucune contradiction détectée,2026-07-22,Codex,,DEMANDE_MSP,Réponse à incident,CSIRT ajouté au continuum,Valeur analytique forte,Évolution de service ou d’organisation,Réponse à incident,Pilotage / gouvernance; Intégration / déploiement,Non établi,Non établi,Actuel ou daté par la source,Nomios,Public
SIG-PUB-NOMIOS-D003,Capacité opérationnelle,2026-07-22,Nomios,Le CSIRT annonce une astreinte 24/7 et le déclenchement des premières actions sous quatre heures pour les clients concernés.,SRC-PUB-NOMIOS-001,01_sources_brutes/02_publiques_primaires/2026-03-16_Nomios_csirt.html,"Une astreinte dédiée permet ainsi une mobilisation 24/7, avec une prise en compte rapide et un déclenchement des premières actions sous 4 heures pour les clients concernés.",Déclaration de l’acteur,Moyenne — déclaration primaire non auditée,Public — mutualisable,Citation courte / analyse seulement,À valider,Chevauchement documenté avec le corpus OFFRE Nomios ; conservé pour la perspective DEMANDE_MSP,Aucune contradiction détectée,2026-07-22,Codex,,DEMANDE_MSP,Réponse à incident,Astreinte et délai de mobilisation,Valeur analytique forte,Capacité opérationnelle du MSP,Réponse à incident,Opération continue / 24/7; Échelle opérationnelle,Forfait par poste,Non établi,Actuel ou daté par la source,Nomios,Public
SIG-PUB-NOMIOS-D004,Modèle économique,2026-07-22,Nomios,"Les crédits CSIRT non consommés peuvent être réaffectés à du threat hunting, des ateliers ou de la formation.",SRC-PUB-NOMIOS-001,01_sources_brutes/02_publiques_primaires/2026-03-16_Nomios_csirt.html,"Si ces crédits ne sont pas consommés, ils peuvent être réaffectés à d’autres prestations du catalogue Nomios, telles que des missions de threat hunting, des ateliers ou des actions de formation.",Déclaration de l’acteur,Moyenne — déclaration primaire non auditée,Public — mutualisable,Citation courte / analyse seulement,À valider,Chevauchement documenté avec le corpus OFFRE Nomios ; conservé pour la perspective DEMANDE_MSP,Aucune contradiction détectée,2026-07-22,Codex,,DEMANDE_MSP,Packaging,Crédits réaffectables,Valeur analytique forte,Commercialisation et packaging,Compétences / formation,Non établi,Non établi,Non établi,Actuel ou daté par la source,Nomios,Public
SIG-PUB-NOMIOS-D005,Capacité opérationnelle,2026-07-22,Nomios,"Pour le marché CANUT, Nomios annonce un SOC opéré en France avec analystes N2 et N3 et pilotage dédié.",SRC-PUB-NOMIOS-002,01_sources_brutes/02_publiques_primaires/2026-01-05_Nomios_canut-soc.html,"Les établissements publics éligibles à l’offre CANUT bénéficieront ainsi d’un SOC managé opéré depuis la France, intégrant des analystes N2 et N3, un pilotage dédié et une forte connaissance des contextes métiers du secteur public.",Déclaration de l’acteur,Moyenne — déclaration primaire non auditée,Public — mutualisable,Citation courte / analyse seulement,À valider,Chevauchement documenté avec le corpus OFFRE Nomios ; conservé pour la perspective DEMANDE_MSP,Aucune contradiction détectée,2026-07-22,Codex,,DEMANDE_MSP,SOC,"SOC France, N2/N3, pilotage",Valeur analytique forte,Capacité opérationnelle du MSP,SOC / MDR,Pilotage / gouvernance; Capacité humaine / compétences; Commercialisation / contractualisation,Forfait par poste,Non établi,Actuel ou daté par la source,Nomios,Public
SIG-PUB-NOMIOS-D006,Critère de sélection technologique,2026-07-22,Nomios,"L’offre SOC CANUT s’appuie sur Cortex XDR, XSIAM et SOAR pour corréler et automatiser la réponse.",SRC-PUB-NOMIOS-002,01_sources_brutes/02_publiques_primaires/2026-01-05_Nomios_canut-soc.html,"L’offre s’appuie sur les technologies de Palo Alto Networks, partenaire technologique historique de Nomios, et notamment sur la suite Cortex (XDR, XSIAM et SOAR), permettant une corrélation avancée des événements de sécurité, une détection des menaces connues et inconnues, ainsi qu’une orchestration automatisée de la réponse aux incidents.",Déclaration de l’acteur,Moyenne — déclaration primaire non auditée,Public — mutualisable,Citation courte / analyse seulement,À valider,Chevauchement documenté avec le corpus OFFRE Nomios ; conservé pour la perspective DEMANDE_MSP,Aucune contradiction détectée,2026-07-22,Codex,,DEMANDE_MSP,SOC,XDR/XSIAM/SOAR,Valeur analytique forte,Choix ou relation technologique,SOC / MDR,Automatisation / orchestration; Co-délivrance / réseau; Conseil / sélection,Forfait par poste,Non établi,Actuel ou daté par la source,Nomios,Public
SIG-PUB-NOMIOS-D007,Mode de commercialisation,2026-07-22,Nomios,"Dans l’accord CANUT, Nomios associe vente, intégration et services managés autour de Strata et Prisma SASE.",SRC-PUB-NOMIOS-004,01_sources_brutes/02_publiques_primaires/2025-10-20_Nomios_canut-reseau.html,"Grâce à l’accord-cadre de la CANUT « Réseaux sécurisés et câblage », Nomios va ainsi proposer la vente, l’intégration et les services managés de son partenaire technologique, Palo Alto Networks, autour de la suite de sécurité réseau Palo Alto Networks Strata et Prisma SASE.",Déclaration de l’acteur,Moyenne — déclaration primaire non auditée,Public — mutualisable,Citation courte / analyse seulement,À valider,Chevauchement documenté avec le corpus OFFRE Nomios ; conservé pour la perspective DEMANDE_MSP,Aucune contradiction détectée,2026-07-22,Codex,,DEMANDE_MSP,Go-to-market,Vente + intégration + managé,Valeur analytique forte,Commercialisation et packaging,SOC / MDR,Intégration / déploiement; Commercialisation / contractualisation,Forfait par poste,Non établi,Actuel ou daté par la source,Nomios,Public
SIG-PUB-NOMIOS-D008,Mode de commercialisation,2026-07-22,Nomios,Le lot SIPP’n’CO donne accès à plus de 420 organismes publics avec un catalogue multi-éditeurs et des services associés.,SRC-PUB-NOMIOS-003,01_sources_brutes/02_publiques_primaires/2025-11-03_Nomios_sippnco.html,"Grâce à cette attribution, Nomios pourra fournir à l’ensemble des adhérents de la centrale d’achat – soit plus de 420 organismes publics d’Île-de-France (collectivités, mairies, CHU/CH, communautés de communes, etc.) – un panel complet de solutions issues de ses partenaires technologiques de référence parmi lesquels Stormshield, Palo Alto Networks, Cisco, Crowdstrike, Check Point Software ou encore Fortinet, ainsi que l’ensemble des services cyber associés : audit, SOC managé, tests d’intrusion, services managés, support logiciel, etc.",Déclaration de l’acteur,Moyenne — déclaration primaire non auditée,Public — mutualisable,Citation courte / analyse seulement,À valider,Chevauchement documenté avec le corpus OFFRE Nomios ; conservé pour la perspective DEMANDE_MSP,Aucune contradiction détectée,2026-07-22,Codex,,DEMANDE_MSP,Go-to-market,Catalogue multi-éditeurs,Valeur analytique forte,Commercialisation et packaging,SOC / MDR,Multi-environnement / multi-éditeurs; Commercialisation / contractualisation,Forfait par poste,Non établi,Actuel ou daté par la source,Nomios,Public
SIG-PUB-NOMIOS-D009,Évolution de service / organisation,2026-07-22,Nomios,L’acquisition d’Intragen étend l’offre de Nomios à l’IAM et au PAM avec quatre partenariats éditeurs cités.,SRC-PUB-NOMIOS-005,01_sources_brutes/02_publiques_primaires/2025-10-09_Nomios_intragen.html,"L'intégration d'Intragen renforce encore l'offre de Nomios grâce à son expertise de pointe dans le domaine de l'identité numérique et de la gestion des accès à privilèges (PAM). Intragen est partenaire de CyberArk, SailPoint, One Identity et Okta.",Déclaration de l’acteur,Moyenne — déclaration primaire non auditée,Public — mutualisable,Citation courte / analyse seulement,À valider,Chevauchement documenté avec le corpus OFFRE Nomios ; conservé pour la perspective DEMANDE_MSP,Aucune contradiction détectée,2026-07-22,Codex,,DEMANDE_MSP,IAM/PAM,Expertise intégrée via acquisition,Valeur analytique forte,Évolution de service ou d’organisation,IAM / accès,Co-délivrance / réseau; Échelle opérationnelle,Forfait par poste,Non établi,Actuel ou daté par la source,Nomios,Public
SIG-PUB-NOMIOS-D010,Modèle économique,2026-07-22,Nomios,Nomios déclare que plus de 55 % de son chiffre d’affaires net provient de ses services propres.,SRC-PUB-NOMIOS-005,01_sources_brutes/02_publiques_primaires/2025-10-09_Nomios_intragen.html,"Par ailleurs, plus de 55 % du chiffre d’affaires net du groupe Nomios provient désormais de son portefeuille de services propres (qui inclut les professional services, support services, managed services, GRC, NOC, SOC et VOC).",Déclaration de l’acteur,Moyenne — déclaration primaire non auditée,Public — mutualisable,Citation courte / analyse seulement,À valider,Chevauchement documenté avec le corpus OFFRE Nomios ; conservé pour la perspective DEMANDE_MSP,Aucune contradiction détectée,2026-07-22,Codex,,DEMANDE_MSP,Économie des services,Poids des services propres,Valeur analytique forte,Commercialisation et packaging,Multi-domaine,Non établi,Non établi,Non établi,Actuel ou daté par la source,Nomios,Public
SIG-PUB-NOMIOS-D011,Évolution de service / organisation,2026-07-22,Nomios,"ChannelNews rapporte une croissance 2025 de 43 % des services managés, 42 % du SOC et 41 % du support.",SRC-PUB-NOMIOS-011,01_sources_brutes/03_publiques_secondaires/2026-04-19_ChannelNews_nomios-croissance-2025.html,"Les services managés ou services d’exploitation (gestion des changements, application des rustines, mise à jour des règles) progressent de 43 %, les services de surveillance des événements de sécurité (SOC) de 42 % et le support (résolution des incidents de fonctionnement) de 41 %.",Source secondaire non corroborée,Moyenne — source secondaire non corroborée,Public — mutualisable,Citation courte / analyse seulement,À valider,Chevauchement documenté avec le corpus OFFRE Nomios ; conservé pour la perspective DEMANDE_MSP,Aucune contradiction détectée,2026-07-22,Codex,,DEMANDE_MSP,Croissance,Croissance des services récurrents,Information de contexte,Évolution de service ou d’organisation,SOC / MDR,Support / escalade; Échelle opérationnelle,Non établi,Non établi,Actuel ou daté par la source,"ChannelNews, rapportant Nomios",Public
SIG-PUB-NOMIOS-D012,Automatisation / outillage,2026-07-22,Nomios,ChannelNews rapporte l’intégration de Qevlar AI dans sept SOC managés afin d’accélérer les tâches critiques des analystes.,SRC-PUB-NOMIOS-011,01_sources_brutes/03_publiques_secondaires/2026-04-19_ChannelNews_nomios-croissance-2025.html,"En janvier 2025, le groupe annonçait l’intégration de la plateforme de Qevlar AI dans ses sept centres opérationnels de sécurité managée – ainsi qu’un accord de distribution européen autour de cette solution – afin d’accélérer le travail des analystes sur les tâches les plus critiques.",Source secondaire non corroborée,Moyenne — source secondaire non corroborée,Public — mutualisable,Citation courte / analyse seulement,À valider,Chevauchement documenté avec le corpus OFFRE Nomios ; conservé pour la perspective DEMANDE_MSP,Aucune contradiction détectée,2026-07-22,Codex,,DEMANDE_MSP,SOC,IA intégrée aux opérations,Information de contexte,Choix ou relation technologique,SOC / MDR,Automatisation / orchestration; Intégration / déploiement; Capacité humaine / compétences,Forfait par poste,Non établi,Actuel ou daté par la source,"ChannelNews, rapportant Nomios",Public
SIG-PUB-NOMIOS-D013,Relation technologique,2026-07-22,Nomios,Nomios et Fortinet proposent une évaluation de posture cloud en quelques jours.,SRC-PUB-NOMIOS-006,01_sources_brutes/02_publiques_primaires/2025-09-18_Nomios_rapid-cloud-assessment.html,"En partenariat avec Fortinet, nous proposons le Rapid Cloud Assessment, une évaluation rapide et complète de votre posture de sécurité dans le cloud, qui vous permet d’obtenir une vision claire et priorisée de vos risques en seulement quelques jours.",Déclaration de l’acteur,Moyenne — déclaration primaire non auditée,Public — mutualisable,Citation courte / analyse seulement,À valider,Chevauchement documenté avec le corpus OFFRE Nomios ; conservé pour la perspective DEMANDE_MSP,Aucune contradiction détectée,2026-07-22,Codex,,DEMANDE_MSP,Cloud,Évaluation rapide co-délivrée,Information de contexte,Choix ou relation technologique,Cloud / collaboration,Non établi,Non établi,Non établi,Actuel ou daté par la source,Nomios,Public
SIG-PUB-NOMIOS-D014,Information de contexte,2026-07-22,Nomios,Nomios affirme faire partie des cinq partenaires Fortinet ETSP en France.,SRC-PUB-NOMIOS-007,01_sources_brutes/02_publiques_primaires/2025-07-30_Nomios_fortinet-etsp.html,"Nomios est l'un des trois seuls partenaires à avoir obtenu ce statut au Royaume-Uni, et l'un des cinq partenaires seulement en France",Déclaration de l’acteur,Moyenne — déclaration primaire non auditée,Public — mutualisable,Citation courte / analyse seulement,À valider,Chevauchement documenté avec le corpus OFFRE Nomios ; conservé pour la perspective DEMANDE_MSP,Aucune contradiction détectée,2026-07-22,Codex,,DEMANDE_MSP,Support,Qualification éditeur,Information de contexte,Choix ou relation technologique,Support / infogérance,Co-délivrance / réseau,Non établi,Non établi,Actuel ou daté par la source,Nomios,Public
SIG-PUB-NOMIOS-D015,Information de contexte,2026-07-22,Nomios,"Nomios déclare observer une demande de simplicité, d’intelligence et d’intégration dans le cloud hybride et les data centers IA.",SRC-PUB-NOMIOS-008,01_sources_brutes/02_publiques_primaires/2025-07-02_Nomios_hpe-juniper.html,"Les clients recherchent simplicité, intelligence et intégration, en particulier dans les environnements cloud hybride et de data centers IA.",Déclaration de l’acteur,Moyenne — déclaration primaire non auditée,Public — mutualisable,Citation courte / analyse seulement,À valider,Chevauchement documenté avec le corpus OFFRE Nomios ; conservé pour la perspective DEMANDE_MSP,Aucune contradiction détectée,2026-07-22,Codex,,DEMANDE_MSP,Critères de sélection,Simplicité et intégration,Valeur analytique forte,Information de contexte,Cloud / collaboration,Intégration / déploiement,Non établi,Non établi,Actuel ou daté par la source,Nomios,Public
SIG-PUB-NOMIOS-D016,Information de contexte,2026-07-22,Nomios,ChannelNews rapporte que le SOC de Nomios a dépassé 100 clients en France cinq ans après son lancement.,SRC-PUB-NOMIOS-011,01_sources_brutes/03_publiques_secondaires/2026-04-19_ChannelNews_nomios-croissance-2025.html,"Nomios a aussi poursuivi l’enrichissement technologique de son SOC qui, cinq ans après son lancement, a franchi le seuil des 100 clients en France.",Source secondaire non corroborée,Moyenne — source secondaire non corroborée,Public — mutualisable,Citation courte / analyse seulement,À valider,Chevauchement documenté avec le corpus OFFRE Nomios ; conservé pour la perspective DEMANDE_MSP,Aucune contradiction détectée,2026-07-22,Codex,,DEMANDE_MSP,SOC,Base clients déclarée,Information de contexte,Information de contexte,SOC / MDR,Échelle opérationnelle,Non établi,Non établi,Actuel ou daté par la source,"ChannelNews, rapportant Nomios",Public
SIG-PUB-ORANGECD-001,Information de contexte,2026-07-22,Orange Cyberdefense,"Le portefeuille public associe services managés, conseil, audit et formation.",SRC-PUB-ORANGECD-001,01_sources_brutes/02_publiques_primaires/2026-07-22_Orange_Cyberdefense_solutions.md,"Retrouver tous nos Services managés de cybersécurité, nos prestations de Conseil & Audit et nos offres de Formation, conçues pour protéger votre entreprise ou votre organisation des menaces cyber.",Déclaration de l’acteur,Moyenne — déclaration primaire non auditée,Public — mutualisable,Citation courte / analyse seulement,À valider,Aucun doublon substantiel détecté,Aucune contradiction détectée,2026-07-22,Codex,"Capacité annoncée : ne prouve ni adoption généralisée, ni performance, ni rentabilité.",DEMANDE_MSP,Portefeuille,Continuum de services,Information de contexte,Information de contexte,Vulnérabilités / exposition,Pilotage / gouvernance,Non établi,Entreprises — taille non établie,Actuel ou daté par la source,Orange Cyberdefense,Public
SIG-PUB-ORANGECD-002,Capacité opérationnelle,2026-07-22,Orange Cyberdefense,"Les CyberSOC distinguent analystes, experts d’escalade, consultants de gouvernance, responsables opérationnels et équipes projets.",SRC-PUB-ORANGECD-002,01_sources_brutes/02_publiques_primaires/2026-07-22_Orange_Cyberdefense_soc-cybersoc.md,"Ils s’appuient notamment sur : - des analystes qui évaluent en détail les menaces, procèdent aux investigations en profondeur dans les différentes couches du système d’information et pilotent les actions de remédiation associées ; - des experts qui font évoluer en permanence les systèmes de détection en place, les éprouvent face aux dernières menaces et assurent un support opérationnel aux analystes sur les incidents les plus critiques ; - des consultants en charge de la gouvernance opérationnelle des services, des responsables opérationnels pour accompagner chacun de nos clients et des équipes projets en charge de faire évoluer continuellement le périmètre du service.",Déclaration de l’acteur,Moyenne — déclaration primaire non auditée,Public — mutualisable,Citation courte / analyse seulement,À valider,Aucun doublon substantiel détecté,Aucune contradiction détectée,2026-07-22,Codex,"Capacité annoncée : ne prouve ni adoption généralisée, ni performance, ni rentabilité.",DEMANDE_MSP,SOC,Rôles et escalades,Valeur analytique forte,Capacité opérationnelle du MSP,SOC / MDR,Support / escalade; Pilotage / gouvernance; Capacité humaine / compétences,Non établi,Entreprises — taille non établie,Actuel ou daté par la source,Orange Cyberdefense,Public
SIG-PUB-ORANGECD-003,Capacité opérationnelle,2026-07-22,Orange Cyberdefense,"Orange Cyberdefense déclare 13 CyberSOC, 280 experts, 60 milliards d’événements collectés par jour et 2 800 investigations par mois.",SRC-PUB-ORANGECD-002,01_sources_brutes/02_publiques_primaires/2026-07-22_Orange_Cyberdefense_soc-cybersoc.md,13 CyberSOC répartis à travers le monde — 280 experts — 60 milliards d’événements collectés par jour — 2800 investigations par mois.,Déclaration de l’acteur,Moyenne — déclaration primaire non auditée,Public — mutualisable,Citation courte / analyse seulement,À valider,Aucun doublon substantiel détecté,Aucune contradiction détectée,2026-07-22,Codex,"Capacité annoncée : ne prouve ni adoption généralisée, ni performance, ni rentabilité.",DEMANDE_MSP,SOC,Échelle déclarée,Information de contexte,Capacité opérationnelle du MSP,SOC / MDR,Capacité humaine / compétences; Échelle opérationnelle,Non établi,Non établi,Actuel ou daté par la source,Orange Cyberdefense,Public
SIG-PUB-ORANGECD-004,Logique d’assemblage / packaging,2026-07-22,Orange Cyberdefense,"Le MDR est présenté comme modulaire sur les logs, réseaux et terminaux, avec extension progressive selon le besoin.",SRC-PUB-ORANGECD-011,01_sources_brutes/02_publiques_primaires/2026-07-22_Orange_Cyberdefense_mdr.md,"Orange Cyberdefense vous aide à commencer par la surveillance la plus pertinente pour votre besoin actuel, puis à l’étendre en fonction des besoins de votre entreprise.",Déclaration de l’acteur,Moyenne — déclaration primaire non auditée,Public — mutualisable,Citation courte / analyse seulement,À valider,Aucun doublon substantiel détecté,Aucune contradiction détectée,2026-07-22,Codex,"Capacité annoncée : ne prouve ni adoption généralisée, ni performance, ni rentabilité.",DEMANDE_MSP,MDR,Extension progressive,Valeur analytique forte,Commercialisation et packaging,SOC / MDR,Co-délivrance / réseau; Commercialisation / contractualisation,Non établi,Entreprises — taille non établie,Actuel ou daté par la source,Orange Cyberdefense,Public
SIG-PUB-ORANGECD-005,Évolution de service / organisation,2026-07-22,Orange Cyberdefense,Micro-SOC Entreprise devient Dynamic SOC après enrichissement de la gamme et montée en puissance des équipes SOC.,SRC-PUB-ORANGECD-003,01_sources_brutes/02_publiques_primaires/2026-07-22_Orange_Cyberdefense_dynamic-soc.md,"Depuis 2020, nous avons continuellement enrichi la gamme Micro-SOC Entreprise conçue notamment pour les PME et ETI, par de nouvelles offres, de nouveaux clients, de nouvelles règles de détection ou encore par une montée en puissance de nos équipes SOC. Aujourd’hui, le service de défense que nous offrons à nos clients n’est plus « Micro » et se devait donc d’évoluer.",Déclaration de l’acteur,Moyenne — déclaration primaire non auditée,Public — mutualisable,Citation courte / analyse seulement,À valider,Aucun doublon substantiel détecté,Aucune contradiction détectée,2026-07-22,Codex,"Capacité annoncée : ne prouve ni adoption généralisée, ni performance, ni rentabilité.",DEMANDE_MSP,SOC PME,Repositionnement et montée en gamme,Valeur analytique forte,Évolution de service ou d’organisation,SOC / MDR,Capacité humaine / compétences,Non établi,PME; ETI,Actuel ou daté par la source,Orange Cyberdefense,Public
SIG-PUB-ORANGECD-006,Logique d’assemblage / packaging,2026-07-22,Orange Cyberdefense,Dynamic SOC combine quatre modules et ajoute Patch and Control pour passer de la surveillance à la proactivité.,SRC-PUB-ORANGECD-003,01_sources_brutes/02_publiques_primaires/2026-07-22_Orange_Cyberdefense_dynamic-soc.md,"Notre gamme intègre quatre modules : Micro-SOC Poste de travail, Micro-SOC Mobile, Micro-SOC Email & Cloud et Micro-SOC Shield. Et dernièrement l’option Patch and Control pour passer de la surveillance à la proactivité.",Déclaration de l’acteur,Moyenne — déclaration primaire non auditée,Public — mutualisable,Citation courte / analyse seulement,À valider,Aucun doublon substantiel détecté,Aucune contradiction détectée,2026-07-22,Codex,"Capacité annoncée : ne prouve ni adoption généralisée, ni performance, ni rentabilité.",DEMANDE_MSP,SOC PME,Modules et patching,Valeur analytique forte,Commercialisation et packaging,SOC / MDR,Supervision / monitoring; Intégration / déploiement; Commercialisation / contractualisation,Non établi,PME; ETI,Actuel ou daté par la source,Orange Cyberdefense,Public
SIG-PUB-ORANGECD-007,Automatisation / outillage,2026-07-22,Orange Cyberdefense,Dynamic SOC déclare 150 règles automatisées multi-opérateurs et plus de 100 contrôles opérationnels annuels.,SRC-PUB-ORANGECD-003,01_sources_brutes/02_publiques_primaires/2026-07-22_Orange_Cyberdefense_dynamic-soc.md,"Enfin, nous réagissons rapidement grâce à 150 règles automatisées multi-opérateurs et +100 contrôles opérationnels annuels.",Déclaration de l’acteur,Moyenne — déclaration primaire non auditée,Public — mutualisable,Citation courte / analyse seulement,À valider,Aucun doublon substantiel détecté,Aucune contradiction détectée,2026-07-22,Codex,"Capacité annoncée : ne prouve ni adoption généralisée, ni performance, ni rentabilité.",DEMANDE_MSP,SOC,Automatisation multi-opérateurs,Valeur analytique forte,Capacité opérationnelle du MSP,SOC / MDR,Automatisation / orchestration,Forfait par poste,Entreprises — taille non établie,Actuel ou daté par la source,Orange Cyberdefense,Public
SIG-PUB-ORANGECD-008,Information de contexte,2026-07-22,Orange Cyberdefense,"Le portail Dynamic SOC centralise état de sécurité, alertes, tickets, rapports et évolution des solutions.",SRC-PUB-ORANGECD-003,01_sources_brutes/02_publiques_primaires/2026-07-22_Orange_Cyberdefense_dynamic-soc.md,"Toutes vos offres sont accessibles via le portail Dynamic SOC, vous offrant une vue en temps réel de votre sécurité avec des tableaux de bord intuitifs et des rapports clairs pour une gestion simple et efficace.",Déclaration de l’acteur,Moyenne — déclaration primaire non auditée,Public — mutualisable,Citation courte / analyse seulement,À valider,Aucun doublon substantiel détecté,Aucune contradiction détectée,2026-07-22,Codex,"Capacité annoncée : ne prouve ni adoption généralisée, ni performance, ni rentabilité.",DEMANDE_MSP,Portail,Gestion unifiée,Valeur analytique forte,Information de contexte,SOC / MDR,Support / escalade,Non établi,Entreprises — taille non établie,Actuel ou daté par la source,Orange Cyberdefense,Public
SIG-PUB-ORANGECD-009,Information de contexte,2026-07-22,Orange Cyberdefense,"Orange Cyberdefense déclare plus de 3 000 clients Dynamic SOC, plus de 120 experts, plus de 2,5 millions de machines surveillées et 6,2 millions d’alertes traitées en 2025.",SRC-PUB-ORANGECD-003,01_sources_brutes/02_publiques_primaires/2026-07-22_Orange_Cyberdefense_dynamic-soc.md,"+3000 clients Dynamic SOC — +120 experts Dynamic SOC — +2,5 millions de machines surveillées — 6,2 millions d’alertes traitées en 2025.",Déclaration de l’acteur,Moyenne — déclaration primaire non auditée,Public — mutualisable,Citation courte / analyse seulement,À valider,Aucun doublon substantiel détecté,Aucune contradiction détectée,2026-07-22,Codex,"Capacité annoncée : ne prouve ni adoption généralisée, ni performance, ni rentabilité.",DEMANDE_MSP,SOC PME,Échelle déclarée,Information de contexte,Information de contexte,SOC / MDR,Capacité humaine / compétences; Échelle opérationnelle,Non établi,PME; ETI,Actuel ou daté par la source,Orange Cyberdefense,Public
SIG-PUB-ORANGECD-010,Critère de sélection technologique,2025-10-06,Orange Cyberdefense,Orange Cyberdefense annonce combiner sa CTI avec Qevlar AI pour l’analyse et la remédiation des alertes.,SRC-PUB-ORANGECD-004,01_sources_brutes/02_publiques_primaires/2025-10-06_Orange_Cyberdefense_qevlar-ai.md,"En combinant sa base de Cyber Threat Intelligence à la solution d’intelligence artificielle de Qevlar, Orange Cyberdefense accroît ses capacités d’analyse et de remédiation des alertes de sécurité.",Déclaration de l’acteur,Moyenne — déclaration primaire non auditée,Public — mutualisable,Citation courte / analyse seulement,À valider,Aucun doublon substantiel détecté,Aucune contradiction détectée,2026-07-22,Codex,"Capacité annoncée : ne prouve ni adoption généralisée, ni performance, ni rentabilité.",DEMANDE_MSP,SOC,IA appliquée aux alertes,Valeur analytique forte,Choix ou relation technologique,Réponse à incident,Conseil / sélection; Réponse à incident,Non établi,Entreprises — taille non établie,Actuel ou daté par la source,Orange Cyberdefense,Public
SIG-PUB-ORANGECD-011,Capacité opérationnelle,2025-04-02,Orange Cyberdefense,Orange Cyberdefense et France PCS annoncent un SOC mutualisé dédié aux PCS opérés par MGI et SOGET.,SRC-PUB-ORANGECD-005,01_sources_brutes/02_publiques_primaires/2025-04-02_Orange_Cyberdefense_france-pcs.md,"France PCS, leader dans le domaine des solutions numériques pour la logistique portuaire et Orange Cyberdefense, leader européen en tant que fournisseur de services de cybersécurité, sont fiers d'annoncer le déploiement d’un SOC mutualisé dédié aux Port Community Systems français opérés par MGI et SOGET",Déclaration de l’acteur,Moyenne — déclaration primaire non auditée,Public — mutualisable,Citation courte / analyse seulement,À valider,Aucun doublon substantiel détecté,Aucune contradiction détectée,2026-07-22,Codex,"Capacité annoncée : ne prouve ni adoption généralisée, ni performance, ni rentabilité.",DEMANDE_MSP,SOC sectoriel,Mutualisation sectorielle,Valeur analytique forte,Capacité opérationnelle du MSP,SOC / MDR,Non établi,Non établi,Non établi,Actuel ou daté par la source,Orange Cyberdefense,Public
SIG-PUB-ORANGECD-012,Information de contexte,2026-06-04,Orange Cyberdefense,Le statut Proofpoint CDP permet à Orange Cyberdefense d’intégrer en autonomie les solutions de protection des emails.,SRC-PUB-ORANGECD-006,01_sources_brutes/02_publiques_primaires/2026-06-04_Orange_Cyberdefense_proofpoint-cdp.md,Ce partenariat stratégique permet à Orange Cyberdefense d'intégrer les solutions avancées de protection des emails Proofpoint en toute autonomie.,Déclaration de l’acteur,Moyenne — déclaration primaire non auditée,Public — mutualisable,Citation courte / analyse seulement,À valider,Aucun doublon substantiel détecté,Aucune contradiction détectée,2026-07-22,Codex,"Capacité annoncée : ne prouve ni adoption généralisée, ni performance, ni rentabilité.",DEMANDE_MSP,Email,Autonomie d’intégration,Valeur analytique forte,Choix ou relation technologique,Messagerie / domaines,Intégration / déploiement,Non établi,Entreprises — taille non établie,Actuel ou daté par la source,Orange Cyberdefense,Public
SIG-PUB-ORANGECD-013,Évolution de service / organisation,2025-11-19,Orange Cyberdefense,"Orange Cyberdefense déclare faire évoluer ses SOC vers l’IA, le patch management et la plateformisation.",SRC-PUB-ORANGECD-007,01_sources_brutes/02_publiques_primaires/2025-11-19_Orange_Cyberdefense_blueprint-soc.md,"L’offre évolue vers une approche proactive, intégrant l’IA, le « Patch management » et la plateformisation, permettant une détection plus performante, automatisée et unifiée des vulnérabilités et menaces.",Déclaration de l’acteur,Moyenne — déclaration primaire non auditée,Public — mutualisable,Citation courte / analyse seulement,À valider,Aucun doublon substantiel détecté,Aucune contradiction détectée,2026-07-22,Codex,"Capacité annoncée : ne prouve ni adoption généralisée, ni performance, ni rentabilité.",DEMANDE_MSP,SOC,"IA, patch, plateforme",Valeur analytique forte,Évolution de service ou d’organisation,SOC / MDR,Non établi,Non établi,Non établi,Actuel ou daté par la source,Orange Cyberdefense,Public
SIG-PUB-ORANGECD-014,Segment client,2025-11-19,Orange Cyberdefense,Un dirigeant d’Orange Cyberdefense déclare développer des SOC adaptés à différentes typologies et s’être positionné sur les PME.,SRC-PUB-ORANGECD-007,01_sources_brutes/02_publiques_primaires/2025-11-19_Orange_Cyberdefense_blueprint-soc.md,"Cette distinction vient saluer notre stratégie en tant que Fournisseurs de services en cybersécurité (« MSSP »), avec le développement de SOC (« Centres des Opérations de Sécurité ») adaptés aux différentes typologies d’entreprises. Nous avons par exemple été le premier acteur spécialisé en cybersécurité à nous positionner sur la protection des SMBs (« Small and Medium Businesses », soit les petites et moyennes entreprises).",Déclaration d’un client ou partenaire,Moyenne — étude de cas ou partenaire,Public — mutualisable,Citation courte / analyse seulement,À valider,Aucun doublon substantiel détecté,Aucune contradiction détectée,2026-07-22,Codex,"Capacité annoncée : ne prouve ni adoption généralisée, ni performance, ni rentabilité.",DEMANDE_MSP,Segmentation,SOC par typologie,Information de contexte,Information de contexte,SOC / MDR,Non établi,Non établi,PME,Actuel ou daté par la source,Benjamin Serre,Public
SIG-PUB-ORANGECD-015,Besoin client observable,2026-06-24,Orange Cyberdefense,Le responsable sécurité de SARC cherchait un interlocuteur de confiance pour simplifier et renforcer la cybersécurité de l’entreprise.,SRC-PUB-ORANGECD-008,01_sources_brutes/02_publiques_primaires/2026-06-24_Orange_Cyberdefense_sarc.md,"En tant qu’unique responsable de la sécurité du système d’information, Christophe Moncoiffet avait besoin d’un interlocuteur de confiance pour simplifier et renforcer la cybersécurité de l’entreprise.",Déclaration d’un client ou partenaire,Moyenne — étude de cas ou partenaire,Public — mutualisable,Citation courte / analyse seulement,À valider,Aucun doublon substantiel détecté,Aucune contradiction détectée,2026-07-22,Codex,"Capacité annoncée : ne prouve ni adoption généralisée, ni performance, ni rentabilité.",DEMANDE_MSP,Besoins PME,Simplicité et confiance,Valeur analytique forte,Demande observable du MSP,Multi-domaine,Support / escalade,Forfait par poste,PME,Actuel ou daté par la source,"Christophe Moncoiffet, SARC",Public
SIG-PUB-ORANGECD-016,Évolution de service / organisation,2025-07-24,Orange Cyberdefense,"Orange Cyberdefense a acquis 100 % d’ensec, spécialiste suisse du conseil, de l’intégration et des services managés.",SRC-PUB-ORANGECD-009,01_sources_brutes/02_publiques_primaires/2025-07-24_Orange_Cyberdefense_ensec.md,"Orange Cyberdefense, la filiale de cybersécurité d’Orange, a acquis 100 % d’ensec, une entreprise suisse, basée à Zurich, spécialisée dans la cybersécurité et reconnue pour son expertise en conseil, en intégration de la sécurité informatique, en services de sécurité managés.",Déclaration de l’acteur,Moyenne — déclaration primaire non auditée,Public — mutualisable,Citation courte / analyse seulement,À valider,Aucun doublon substantiel détecté,Aucune contradiction détectée,2026-07-22,Codex,"Capacité annoncée : ne prouve ni adoption généralisée, ni performance, ni rentabilité.",DEMANDE_MSP,Croissance externe,Capacité locale ajoutée,Valeur analytique forte,Évolution de service ou d’organisation,Conseil / pilotage,Intégration / déploiement,Non établi,Non établi,Actuel ou daté par la source,Orange Cyberdefense,Public
SIG-PUB-ORANGECD-017,Recrutement / compétences,2026-06-23,Orange Cyberdefense,Orange Cyberdefense publie un poste de consultant senior IAM à Nanterre.,SRC-PUB-ORANGECD-010,01_sources_brutes/02_publiques_primaires/2026-06-23_Orange_Cyberdefense_job-iam.md,"Consultant Senior en Cybersécurité IAM F/H Orange Cyberdefense — Nanterre, France — Temps complet — 40 hours per week. Date de publication : Jun 23, 2026.",Déclaration de l’acteur,Moyenne — déclaration primaire non auditée,Public — mutualisable,Citation courte / analyse seulement,À valider,Aucun doublon substantiel détecté,Aucune contradiction détectée,2026-07-22,Codex,"Capacité annoncée : ne prouve ni adoption généralisée, ni performance, ni rentabilité.",DEMANDE_MSP,Compétences,Recrutement IAM,Information de contexte,Information de contexte,IAM / accès,Capacité humaine / compétences,Non établi,Non établi,Actuel ou daté par la source,Orange Cyberdefense,Public
SIG-PUB-ITRACING-001,Information de contexte,2026-07-22,I-TRACING,"I-TRACING présente un continuum du conseil et de l’intégration aux services managés, SOC et CERT.",SRC-PUB-ITRACING-001,01_sources_brutes/02_publiques_primaires/2026-07-22_I-TRACING_accueil.md,"Nos services couvrent l’ensemble du spectre de la cybersécurité, allant du conseil à l’intégration, aux services managés, SOC et CERT Follow The Sun 24/7.",Déclaration de l’acteur,Moyenne — déclaration primaire non auditée,Public — mutualisable,Citation courte / analyse seulement,À valider,Aucun doublon substantiel détecté,Aucune contradiction détectée,2026-07-22,Codex,"Capacité annoncée : ne prouve ni adoption généralisée, ni performance, ni rentabilité.",DEMANDE_MSP,Portefeuille,Continuum de services,Information de contexte,Information de contexte,SOC / MDR,Opération continue / 24/7; Intégration / déploiement,Non établi,Entreprises — taille non établie,Actuel ou daté par la source,I-TRACING,Public
SIG-PUB-ITRACING-002,Capacité opérationnelle,2026-07-22,I-TRACING,Le modèle Follow-the-Sun s’appuie sur les filiales pour surveiller les activités internationales 24/7.,SRC-PUB-ITRACING-001,01_sources_brutes/02_publiques_primaires/2026-07-22_I-TRACING_accueil.md,"Grâce à notre organisation 24/7 Follow The Sun, nous surveillons et sécurisons les activités de nos clients internationaux, 24 heures sur 24 et partout dans le monde.",Déclaration de l’acteur,Moyenne — déclaration primaire non auditée,Public — mutualisable,Citation courte / analyse seulement,À valider,Aucun doublon substantiel détecté,Aucune contradiction détectée,2026-07-22,Codex,"Capacité annoncée : ne prouve ni adoption généralisée, ni performance, ni rentabilité.",DEMANDE_MSP,SOC,Follow-the-Sun,Valeur analytique forte,Capacité opérationnelle du MSP,SOC / MDR,Opération continue / 24/7,Abonnement / service récurrent,Entreprises — taille non établie,Actuel ou daté par la source,I-TRACING,Public
SIG-PUB-ITRACING-003,Capacité opérationnelle,2026-07-22,I-TRACING,"I-TRACING déclare analyser plus de 25 To d’événements par jour et protéger 2,3 millions d’utilisateurs dans plus de 190 pays.",SRC-PUB-ITRACING-001,01_sources_brutes/02_publiques_primaires/2026-07-22_I-TRACING_accueil.md,"+25TB d'évènements analysés quotidiennement — +2,3M d'utilisateurs protégés dans +190 pays.",Déclaration de l’acteur,Moyenne — déclaration primaire non auditée,Public — mutualisable,Citation courte / analyse seulement,À valider,Aucun doublon substantiel détecté,Aucune contradiction détectée,2026-07-22,Codex,"Capacité annoncée : ne prouve ni adoption généralisée, ni performance, ni rentabilité.",DEMANDE_MSP,SOC,Échelle déclarée,Information de contexte,Capacité opérationnelle du MSP,SOC / MDR,Échelle opérationnelle,Forfait par poste,Non établi,Actuel ou daté par la source,I-TRACING,Public
SIG-PUB-ITRACING-004,Capacité opérationnelle,2026-07-22,I-TRACING,L’offre Google Security Operations est proposée en modes managé et co-managé avec des analystes N2/N3 et de l’automatisation.,SRC-PUB-ITRACING-003,01_sources_brutes/02_publiques_primaires/2026-07-22_I-TRACING_google-cloud-mdr.md,"Profitez d’une qualité de service exceptionnelle en matière de détection et de réponse, grâce à nos offres managées et co-managées intégrant Google Security Operations et l’expertise de nos analystes SOC de niveau 2 et 3, avec une efficacité renforcée par l’automatisation.",Déclaration de l’acteur,Moyenne — déclaration primaire non auditée,Public — mutualisable,Citation courte / analyse seulement,À valider,Aucun doublon substantiel détecté,Aucune contradiction détectée,2026-07-22,Codex,"Capacité annoncée : ne prouve ni adoption généralisée, ni performance, ni rentabilité.",DEMANDE_MSP,MDR,Managé et co-managé,Valeur analytique forte,Choix ou relation technologique,SOC / MDR,Automatisation / orchestration; Capacité humaine / compétences,Non établi,Entreprises — taille non établie,Actuel ou daté par la source,I-TRACING,Public
SIG-PUB-ITRACING-005,Critère de sélection technologique,2026-07-22,I-TRACING,I-TRACING cite Google Threat Intelligence et Gemini pour la détection et la réduction des tâches répétitives.,SRC-PUB-ITRACING-003,01_sources_brutes/02_publiques_primaires/2026-07-22_I-TRACING_google-cloud-mdr.md,"I-TRACING vous permet d’anticiper les menaces les plus récentes en intégrant les renseignements sur les menaces de Google Threat Intelligence et améliore votre productivité grâce à l’IA Google Gemini, qui optimise et facilite la détection d’un plus grand nombre de menaces, tout en minimisant les tâches répétitives.",Déclaration de l’acteur,Moyenne — déclaration primaire non auditée,Public — mutualisable,Citation courte / analyse seulement,À valider,Aucun doublon substantiel détecté,Aucune contradiction détectée,2026-07-22,Codex,"Capacité annoncée : ne prouve ni adoption généralisée, ni performance, ni rentabilité.",DEMANDE_MSP,MDR,CTI et IA,Valeur analytique forte,Choix ou relation technologique,SOC / MDR,Supervision / monitoring; Automatisation / orchestration; Capacité humaine / compétences,Non établi,Entreprises — taille non établie,Actuel ou daté par la source,I-TRACING,Public
SIG-PUB-ITRACING-006,Évolution de service / organisation,2025-10-02,I-TRACING,I-TRACING poursuit son expansion avec l’acquisition du MSSP allemand doIT solutions.,SRC-PUB-ITRACING-004,01_sources_brutes/02_publiques_primaires/2025-10-02_I-TRACING_doit-solutions.md,"nous poursuivons notre développement international avec l’acquisition stratégique de doIT solutions, spécialiste des services de cybersécurité (MSSP) et acteur reconnu en Allemagne",Déclaration de l’acteur,Moyenne — déclaration primaire non auditée,Public — mutualisable,Citation courte / analyse seulement,À valider,Aucun doublon substantiel détecté,Aucune contradiction détectée,2026-07-22,Codex,"Capacité annoncée : ne prouve ni adoption généralisée, ni performance, ni rentabilité.",DEMANDE_MSP,Croissance externe,Implantation Allemagne,Valeur analytique forte,Évolution de service ou d’organisation,Organisation / croissance,Non établi,Non établi,Non établi,Actuel ou daté par la source,I-TRACING,Public
SIG-PUB-ITRACING-007,Évolution de service / organisation,2025-02-21,I-TRACING,L’alliance Bridewell élargit l’offre aux infrastructures critiques et à l’OT tout en combinant les services managés Follow-the-Sun.,SRC-PUB-ITRACING-005,01_sources_brutes/02_publiques_primaires/2025-02-21_I-TRACING_bridewell.md,Ce partenariat offrira une gamme de solutions élargie grâce à nos services managés de sécurité 24/7 « follow-the-sun » et aux expertises de Bridewell en matière de sécurité des infrastructures critiques et d’OT.,Déclaration de l’acteur,Moyenne — déclaration primaire non auditée,Public — mutualisable,Citation courte / analyse seulement,À valider,Aucun doublon substantiel détecté,Aucune contradiction détectée,2026-07-22,Codex,"Capacité annoncée : ne prouve ni adoption généralisée, ni performance, ni rentabilité.",DEMANDE_MSP,OT,Expertises combinées,Valeur analytique forte,Évolution de service ou d’organisation,OT / IoT,Opération continue / 24/7; Co-délivrance / réseau,Non établi,Non établi,Actuel ou daté par la source,I-TRACING,Public
SIG-PUB-ITRACING-008,Critère de sélection technologique,2025-03-20,I-TRACING,Le DSI de MOTUL a recherché un accompagnement expérimenté combinant expertise cyber et culture IT globale.,SRC-PUB-ITRACING-006,01_sources_brutes/02_publiques_primaires/2025-03-20_I-TRACING_motul.md,"Fort de son expérience, il priorise ses recherches sur un service d’accompagnement expérimenté alliant conseils d’experts en cybersécurité et culture globale IT, afin de rapidement lui permettre de répondre aux besoins de sécurité du groupe.",Déclaration d’un client ou partenaire,Moyenne — étude de cas ou partenaire,Public — mutualisable,Citation courte / analyse seulement,À valider,Aucun doublon substantiel détecté,Aucune contradiction détectée,2026-07-22,Codex,"Capacité annoncée : ne prouve ni adoption généralisée, ni performance, ni rentabilité.",DEMANDE_MSP,Critères de sélection,Expertise cyber + culture IT,Valeur analytique forte,Demande observable du MSP,Conseil / pilotage,Capacité humaine / compétences; Conseil / sélection,Non établi,Grands comptes,Actuel ou daté par la source,"Matthieu Blin, MOTUL",Public
SIG-PUB-ITRACING-009,Pilotage et priorisation,2025-03-20,I-TRACING,Le RSSI Part-time I-TRACING forme un binôme avec le DSI de MOTUL et suit le fonctionnement quotidien des solutions et changements.,SRC-PUB-ITRACING-006,01_sources_brutes/02_publiques_primaires/2025-03-20_I-TRACING_motul.md,"Ce fonctionnement en binôme avec Matthieu Blin confère à Nicolas PAUTY, RSSI Part-time d’I-TRACING pour MOTUL, une vision globale de la sécurité du groupe, tout en éprouvant le fonctionnement opérationnel et quotidien des solutions de cybersécurité et changements mis en œuvre.",Déclaration de l’acteur,Moyenne — déclaration primaire non auditée,Public — mutualisable,Citation courte / analyse seulement,À valider,Aucun doublon substantiel détecté,Aucune contradiction détectée,2026-07-22,Codex,"Capacité annoncée : ne prouve ni adoption généralisée, ni performance, ni rentabilité.",DEMANDE_MSP,RSSI externalisé,Binôme DSI-RSSI,Valeur analytique forte,Demande observable du MSP,Gouvernance / conformité,Opération continue / 24/7; Pilotage / gouvernance,Temps partagé / conseil récurrent,Grands comptes,Actuel ou daté par la source,I-TRACING,Public
SIG-PUB-ITRACING-010,Pilotage et priorisation,2025-03-20,I-TRACING,La feuille de route MOTUL prévoit des évaluations et ajustements réguliers selon l’infrastructure et les enjeux métier.,SRC-PUB-ITRACING-006,01_sources_brutes/02_publiques_primaires/2025-03-20_I-TRACING_motul.md,"Les cybermenaces étant en constante évolution, la feuille de route de cybersécurité est conçue pour évoluer en tenant compte de l’infrastructure informatique croissante de MOTUL. Des évaluations et des ajustements réguliers garantissent que la posture de cybersécurité de l’entreprise reste efficace et alignée sur ses enjeux métier et business.",Déclaration de l’acteur,Moyenne — déclaration primaire non auditée,Public — mutualisable,Citation courte / analyse seulement,À valider,Aucun doublon substantiel détecté,Aucune contradiction détectée,2026-07-22,Codex,"Capacité annoncée : ne prouve ni adoption généralisée, ni performance, ni rentabilité.",DEMANDE_MSP,Pilotage,Ajustements réguliers,Valeur analytique forte,Demande observable du MSP,Conseil / pilotage,Pilotage / gouvernance,Non établi,Grands comptes,Actuel ou daté par la source,I-TRACING,Public
SIG-PUB-ITRACING-011,Critère de sélection technologique,2025-04-14,I-TRACING,I-TRACING déclare intégrer Tanium dans ses services MDR pour la gestion de la posture et la protection du SI.,SRC-PUB-ITRACING-007,01_sources_brutes/02_publiques_primaires/2025-04-14_I-TRACING_tanium.md,L’intégration de la plateforme de Tanium dans nos services MDR améliore notre capacité à renforcer votre posture de sécurité et à maintenir la protection de votre SI contre les menaces cyber en constante évolution.,Déclaration de l’acteur,Moyenne — déclaration primaire non auditée,Public — mutualisable,Citation courte / analyse seulement,À valider,Aucun doublon substantiel détecté,Aucune contradiction détectée,2026-07-22,Codex,"Capacité annoncée : ne prouve ni adoption généralisée, ni performance, ni rentabilité.",DEMANDE_MSP,Endpoint,Tanium dans MDR,Valeur analytique forte,Choix ou relation technologique,SOC / MDR,Intégration / déploiement; Conseil / sélection,Non établi,Entreprises — taille non établie,Actuel ou daté par la source,I-TRACING,Public
SIG-PUB-ITRACING-012,Critère de sélection technologique,2026-06-22,I-TRACING,I-TRACING déclare que le choix d’une solution CLM dépend de l’écosystème du client.,SRC-PUB-ITRACING-008,01_sources_brutes/02_publiques_primaires/2026-06-22_I-TRACING_clm.md,"Le choix d’une solution CLM (INGroupe, Keyfactor, EverTrust, CyberArk, etc.) dépend de votre écosystème.",Déclaration de l’acteur,Moyenne — déclaration primaire non auditée,Public — mutualisable,Citation courte / analyse seulement,À valider,Aucun doublon substantiel détecté,Aucune contradiction détectée,2026-07-22,Codex,"Capacité annoncée : ne prouve ni adoption généralisée, ni performance, ni rentabilité.",DEMANDE_MSP,CLM,Adéquation à l’écosystème,Valeur analytique forte,Demande observable du MSP,Certificats / PKI,Multi-environnement / multi-éditeurs; Conseil / sélection,Non établi,Entreprises — taille non établie,Actuel ou daté par la source,I-TRACING,Public
SIG-PUB-ITRACING-013,Capacité opérationnelle,2026-06-22,I-TRACING,"L’offre CLM associe intégration aux workflows DevOps, automatisation et MCO/MCS.",SRC-PUB-ITRACING-008,01_sources_brutes/02_publiques_primaires/2026-06-22_I-TRACING_clm.md,1. L’audit et l’inventaire initial de votre parc. 2. L’intégration sur-mesure dans vos workflows techniques et chaînes DevOps. 3. La configuration des automatismes pour une continuité sans intervention. 4. Le MCO/MCS pour assurer la pérennité de votre infrastructure de confiance.,Déclaration de l’acteur,Moyenne — déclaration primaire non auditée,Public — mutualisable,Citation courte / analyse seulement,À valider,Aucun doublon substantiel détecté,Aucune contradiction détectée,2026-07-22,Codex,"Capacité annoncée : ne prouve ni adoption généralisée, ni performance, ni rentabilité.",DEMANDE_MSP,CLM,Intégration et MCO/MCS,Valeur analytique forte,Capacité opérationnelle du MSP,Certificats / PKI,Automatisation / orchestration; Intégration / déploiement,Non établi,Entreprises — taille non établie,Actuel ou daté par la source,I-TRACING,Public
SIG-PUB-ITRACING-014,Évolution de service / organisation,2026-07-22,I-TRACING,"I-TRACING déclare plus de 230 M€ de chiffre d’affaires consolidé, plus de 1 000 experts et plus de 600 clients.",SRC-PUB-ITRACING-002,01_sources_brutes/02_publiques_primaires/2026-07-22_I-TRACING_nous-connaitre.md,21 ans d'expérience — +230M€ de chiffre d'affaires consolidé — +30% de taux de croissance annuel moyen — +1000 experts — +600 clients — 9 filiales à travers le monde.,Déclaration de l’acteur,Moyenne — déclaration primaire non auditée,Public — mutualisable,Citation courte / analyse seulement,À valider,Aucun doublon substantiel détecté,Aucune contradiction détectée,2026-07-22,Codex,"Capacité annoncée : ne prouve ni adoption généralisée, ni performance, ni rentabilité.",DEMANDE_MSP,Échelle,Indicateurs déclarés,Information de contexte,Évolution de service ou d’organisation,Organisation / croissance,Capacité humaine / compétences; Échelle opérationnelle,Forfait par poste,Non établi,Actuel ou daté par la source,I-TRACING,Public
SIG-PUB-ITRACING-015,Capacité opérationnelle,2026-07-22,I-TRACING,Une offre d’emploi décrit plus de 40 clients CyberSOC en 24/5 ou 24/7 avec Montréal et Hong Kong dans le Follow-the-Sun.,SRC-PUB-ITRACING-009,01_sources_brutes/02_publiques_primaires/2026-07-22_I-TRACING_job-lead-soc.md,"Le CyberSOC d’I-TRACING c’est aujourd’hui plus de 40 clients grands comptes et grandes entreprises répartis en activités 24/5 et 24/7, en collaboration avec nos filiales de MTL et HK dans le cadre de notre follow-the-sun.",Déclaration de l’acteur,Moyenne — déclaration primaire non auditée,Public — mutualisable,Citation courte / analyse seulement,À valider,Aucun doublon substantiel détecté,Aucune contradiction détectée,2026-07-22,Codex,"Capacité annoncée : ne prouve ni adoption généralisée, ni performance, ni rentabilité.",DEMANDE_MSP,SOC,24/5 et 24/7,Valeur analytique forte,Capacité opérationnelle du MSP,SOC / MDR,Opération continue / 24/7; Échelle opérationnelle,Abonnement / service récurrent,Non établi,Actuel ou daté par la source,I-TRACING,Public
SIG-PUB-ITRACING-016,Capacité opérationnelle,2026-07-22,I-TRACING,Le CyberSOC cite une équipe d’outilleurs sécurité et des ingénieurs SIEM pour l’amélioration continue.,SRC-PUB-ITRACING-009,01_sources_brutes/02_publiques_primaires/2026-07-22_I-TRACING_job-lead-soc.md,Nous sommes également accompagnés de notre équipe d’outilleurs sécurité et de nos ingénieurs SIEM pour une amélioration continue et sur-mesure.,Déclaration de l’acteur,Moyenne — déclaration primaire non auditée,Public — mutualisable,Citation courte / analyse seulement,À valider,Aucun doublon substantiel détecté,Aucune contradiction détectée,2026-07-22,Codex,"Capacité annoncée : ne prouve ni adoption généralisée, ni performance, ni rentabilité.",DEMANDE_MSP,SOC,Outillage et SIEM,Valeur analytique forte,Capacité opérationnelle du MSP,SOC / MDR,Opération continue / 24/7; Capacité humaine / compétences,Forfait par poste,Entreprises — taille non établie,Actuel ou daté par la source,I-TRACING,Public
SIG-PUB-ITRACING-017,Organisation du support,2026-07-22,I-TRACING,Le référent SOC est présenté comme interlocuteur client privilégié et premier niveau d’escalade.,SRC-PUB-ITRACING-009,01_sources_brutes/02_publiques_primaires/2026-07-22_I-TRACING_job-lead-soc.md,"En tant que référent SOC, vous êtes en charge de la gestion et du développement d’un SOC client de façon autonome. Vous êtes l’interlocuteur privilégié de votre client et son premier niveau d’escalade.",Déclaration de l’acteur,Moyenne — déclaration primaire non auditée,Public — mutualisable,Citation courte / analyse seulement,À valider,Aucun doublon substantiel détecté,Aucune contradiction détectée,2026-07-22,Codex,"Capacité annoncée : ne prouve ni adoption généralisée, ni performance, ni rentabilité.",DEMANDE_MSP,SOC,Référent et escalade,Valeur analytique forte,Capacité opérationnelle du MSP,SOC / MDR,Support / escalade,Forfait par poste,Entreprises — taille non établie,Actuel ou daté par la source,I-TRACING,Public
SIG-PUB-ITRACING-018,Recrutement / compétences,2026-01-01,I-TRACING,"I-TRACING annonce 200 recrutements en 2026 dans le SOC/CERT, IAM, cloud, data, GRC, conseil, audit et services managés.",SRC-PUB-ITRACING-010,01_sources_brutes/02_publiques_primaires/2026-07-22_I-TRACING_recrutements-2026.md,"En 2026, nous recrutons 200 nouveaux collaborateurs : autant d’opportunités pour renforcer nos équipes en France ou à l’international et contribuer à l’un de nos domaines d’expertise : cyberdéfense SOC/CERT 24/7, IAM, Cloud, Data protection, GRC, conseil, audit, services managés…",Déclaration de l’acteur,Moyenne — déclaration primaire non auditée,Public — mutualisable,Citation courte / analyse seulement,À valider,Aucun doublon substantiel détecté,Aucune contradiction détectée,2026-07-22,Codex,"Capacité annoncée : ne prouve ni adoption généralisée, ni performance, ni rentabilité.",DEMANDE_MSP,Compétences,Recrutement large,Information de contexte,Information de contexte,Vulnérabilités / exposition,Pilotage / gouvernance; Capacité humaine / compétences,Non établi,Non établi,Actuel ou daté par la source,I-TRACING,Public
SIG-PUB-ITRACING-019,Capacité opérationnelle,2025-04-14,I-TRACING,Les services MDR Tanium sont décrits comme gérés et cogérés avec surveillance continue et réponse rapide.,SRC-PUB-ITRACING-007,01_sources_brutes/02_publiques_primaires/2025-04-14_I-TRACING_tanium.md,Nos services de détection et de réponse gérés et cogérés (MDR) sont conçus pour assurer une surveillance continue et une réponse rapide aux incidents de sécurité.,Déclaration de l’acteur,Moyenne — déclaration primaire non auditée,Public — mutualisable,Citation courte / analyse seulement,À valider,Aucun doublon substantiel détecté,Aucune contradiction détectée,2026-07-22,Codex,"Capacité annoncée : ne prouve ni adoption généralisée, ni performance, ni rentabilité.",DEMANDE_MSP,MDR,Géré et cogéré,Valeur analytique forte,Capacité opérationnelle du MSP,SOC / MDR,Opération continue / 24/7; Supervision / monitoring; Multi-environnement / multi-éditeurs,Non établi,Entreprises — taille non établie,Actuel ou daté par la source,I-TRACING,Public
SIG-PUB-ITRACING-020,Information de contexte,2025-10-02,I-TRACING,"I-TRACING décrit un ensemble couvrant le conseil, l’IAM et les services managés 24/7, avec 210 M€ de chiffre d’affaires consolidé en 2024.",SRC-PUB-ITRACING-004,01_sources_brutes/02_publiques_primaires/2025-10-02_I-TRACING_doit-solutions.md,"Ensemble, nous couvrons un large spectre allant des audits, du conseil stratégique et technologique, de la conformité et de la gestion des identités et des accès aux services managés de sécurité 24/7 (incluant SOC, VOC, MDR, réponse aux incidents et CERT), pour un chiffre d’affaires consolidés de 210 millions d’euros en 2024.",Déclaration de l’acteur,Moyenne — déclaration primaire non auditée,Public — mutualisable,Citation courte / analyse seulement,À valider,Aucun doublon substantiel détecté,Aucune contradiction détectée,2026-07-22,Codex,"Capacité annoncée : ne prouve ni adoption généralisée, ni performance, ni rentabilité.",DEMANDE_MSP,Croissance externe,Échelle combinée,Information de contexte,Information de contexte,IAM / accès,Opération continue / 24/7,Forfait par poste,Non établi,Actuel ou daté par la source,I-TRACING,Public
